table_name,row_index,row_json
layout_205F_excel_sheet_layout,1,"{""order"":""1"",""sheet_name"":""summary"",""role"":""dane sumaryczne do pracy"",""source_type"":""processed"",""notes"":""pierwsza karta do szybkiego odczytu KPI""}"
layout_205F_excel_sheet_layout,2,"{""order"":""2"",""sheet_name"":""charts"",""role"":""główne wykresy do Word"",""source_type"":""processed"",""notes"":""obiekty wykresów nazwane chart_id""}"
layout_205F_excel_sheet_layout,3,"{""order"":""3"",""sheet_name"":""src_205B_timeseries"",""role"":""źródło 205B"",""source_type"":""raw"",""notes"":""import 205B_timeseries_q1_2026.csv""}"
layout_205F_excel_sheet_layout,4,"{""order"":""4"",""sheet_name"":""src_205C_timeseries"",""role"":""źródło 205C"",""source_type"":""raw"",""notes"":""import 205C_github_benchmark_q1_2026.csv""}"
layout_205F_excel_sheet_layout,5,"{""order"":""5"",""sheet_name"":""src_205D_timeseries"",""role"":""źródło 205D"",""source_type"":""raw"",""notes"":""import 205D_pr_flow_q1_2026.csv""}"
layout_205F_excel_sheet_layout,6,"{""order"":""6"",""sheet_name"":""src_205E_daily"",""role"":""źródło 205E"",""source_type"":""raw"",""notes"":""import 205E_pr_comments_q1_2026_daily.csv""}"
layout_205F_excel_sheet_layout,7,"{""order"":""7"",""sheet_name"":""wrk_205B_venom"",""role"":""przetworzenie 205B dla Venom"",""source_type"":""processed"",""notes"":""filtr project_key=mpieniak01_Venom""}"
layout_205F_excel_sheet_layout,8,"{""order"":""8"",""sheet_name"":""wrk_205D_venom"",""role"":""przetworzenie 205D dla Venom"",""source_type"":""processed"",""notes"":""filtr project_key=mpieniak01/Venom""}"
layout_205F_excel_sheet_layout,9,"{""order"":""9"",""sheet_name"":""wrk_205D_repo_summary"",""role"":""agregaty repo 205D"",""source_type"":""processed"",""notes"":""median lead time i backlog pressure""}"
layout_205F_excel_sheet_layout,10,"{""order"":""10"",""sheet_name"":""wrk_205E_comments_daily"",""role"":""agregaty komentarzy 205E"",""source_type"":""processed"",""notes"":""serie do trendu komentarzy""}"
layout_205F_excel_sheet_layout,11,"{""order"":""11"",""sheet_name"":""wrk_summary_benchmark"",""role"":""agregat 205B/205C"",""source_type"":""processed"",""notes"":""dane pod wykres porównawczy""}"
layout_205F_excel_sheet_layout,12,"{""order"":""12"",""sheet_name"":""meta"",""role"":""słownik i kontrola wersji"",""source_type"":""meta"",""notes"":""mapa chart_id, wersja pliku i źródeł""}"
src_205B_timeseries,1,"{""project_key"":""Maps-Messaging_mapsmessaging_server"",""date"":""2026-01-01"",""issues"":760,""technical_debt_days"":11.7396,""lines_of_code"":82844,""line_coverage_pct"":46.6,""unit_tests"":null}"
src_205B_timeseries,2,"{""project_key"":""Maps-Messaging_mapsmessaging_server"",""date"":""2026-01-02"",""issues"":760,""technical_debt_days"":11.7396,""lines_of_code"":82844,""line_coverage_pct"":46.6,""unit_tests"":null}"
src_205B_timeseries,3,"{""project_key"":""Maps-Messaging_mapsmessaging_server"",""date"":""2026-01-03"",""issues"":760,""technical_debt_days"":11.7396,""lines_of_code"":82844,""line_coverage_pct"":46.6,""unit_tests"":null}"
src_205B_timeseries,4,"{""project_key"":""Maps-Messaging_mapsmessaging_server"",""date"":""2026-01-04"",""issues"":760,""technical_debt_days"":11.7396,""lines_of_code"":82844,""line_coverage_pct"":46.6,""unit_tests"":null}"
src_205B_timeseries,5,"{""project_key"":""Maps-Messaging_mapsmessaging_server"",""date"":""2026-01-05"",""issues"":760,""technical_debt_days"":11.7396,""lines_of_code"":82844,""line_coverage_pct"":46.6,""unit_tests"":null}"
src_205B_timeseries,6,"{""project_key"":""Maps-Messaging_mapsmessaging_server"",""date"":""2026-01-06"",""issues"":760,""technical_debt_days"":11.7396,""lines_of_code"":82844,""line_coverage_pct"":46.6,""unit_tests"":null}"
src_205B_timeseries,7,"{""project_key"":""Maps-Messaging_mapsmessaging_server"",""date"":""2026-01-07"",""issues"":760,""technical_debt_days"":11.7396,""lines_of_code"":82844,""line_coverage_pct"":46.6,""unit_tests"":null}"
src_205B_timeseries,8,"{""project_key"":""Maps-Messaging_mapsmessaging_server"",""date"":""2026-01-08"",""issues"":760,""technical_debt_days"":11.7396,""lines_of_code"":82844,""line_coverage_pct"":46.6,""unit_tests"":null}"
src_205B_timeseries,9,"{""project_key"":""Maps-Messaging_mapsmessaging_server"",""date"":""2026-01-09"",""issues"":760,""technical_debt_days"":11.7396,""lines_of_code"":82844,""line_coverage_pct"":46.6,""unit_tests"":null}"
src_205B_timeseries,10,"{""project_key"":""Maps-Messaging_mapsmessaging_server"",""date"":""2026-01-10"",""issues"":760,""technical_debt_days"":11.7396,""lines_of_code"":82844,""line_coverage_pct"":46.6,""unit_tests"":null}"
src_205B_timeseries,11,"{""project_key"":""Maps-Messaging_mapsmessaging_server"",""date"":""2026-01-11"",""issues"":760,""technical_debt_days"":11.7396,""lines_of_code"":82844,""line_coverage_pct"":46.6,""unit_tests"":null}"
src_205B_timeseries,12,"{""project_key"":""Maps-Messaging_mapsmessaging_server"",""date"":""2026-01-12"",""issues"":760,""technical_debt_days"":11.7396,""lines_of_code"":82844,""line_coverage_pct"":46.6,""unit_tests"":null}"
src_205B_timeseries,13,"{""project_key"":""Maps-Messaging_mapsmessaging_server"",""date"":""2026-01-13"",""issues"":760,""technical_debt_days"":11.7396,""lines_of_code"":82844,""line_coverage_pct"":46.6,""unit_tests"":null}"
src_205B_timeseries,14,"{""project_key"":""Maps-Messaging_mapsmessaging_server"",""date"":""2026-01-14"",""issues"":760,""technical_debt_days"":11.7396,""lines_of_code"":82844,""line_coverage_pct"":46.6,""unit_tests"":null}"
src_205B_timeseries,15,"{""project_key"":""Maps-Messaging_mapsmessaging_server"",""date"":""2026-01-15"",""issues"":760,""technical_debt_days"":11.7396,""lines_of_code"":82844,""line_coverage_pct"":46.6,""unit_tests"":null}"
src_205B_timeseries,16,"{""project_key"":""Maps-Messaging_mapsmessaging_server"",""date"":""2026-01-16"",""issues"":760,""technical_debt_days"":11.7396,""lines_of_code"":82844,""line_coverage_pct"":46.6,""unit_tests"":null}"
src_205B_timeseries,17,"{""project_key"":""Maps-Messaging_mapsmessaging_server"",""date"":""2026-01-17"",""issues"":760,""technical_debt_days"":11.7396,""lines_of_code"":82844,""line_coverage_pct"":46.6,""unit_tests"":null}"
src_205B_timeseries,18,"{""project_key"":""Maps-Messaging_mapsmessaging_server"",""date"":""2026-01-18"",""issues"":760,""technical_debt_days"":11.7396,""lines_of_code"":82844,""line_coverage_pct"":46.6,""unit_tests"":null}"
src_205B_timeseries,19,"{""project_key"":""Maps-Messaging_mapsmessaging_server"",""date"":""2026-01-19"",""issues"":760,""technical_debt_days"":11.7396,""lines_of_code"":82844,""line_coverage_pct"":46.6,""unit_tests"":null}"
src_205B_timeseries,20,"{""project_key"":""Maps-Messaging_mapsmessaging_server"",""date"":""2026-01-20"",""issues"":760,""technical_debt_days"":11.7396,""lines_of_code"":82844,""line_coverage_pct"":46.6,""unit_tests"":null}"
src_205B_timeseries,21,"{""project_key"":""Maps-Messaging_mapsmessaging_server"",""date"":""2026-01-21"",""issues"":760,""technical_debt_days"":11.7396,""lines_of_code"":82844,""line_coverage_pct"":46.6,""unit_tests"":null}"
src_205B_timeseries,22,"{""project_key"":""Maps-Messaging_mapsmessaging_server"",""date"":""2026-01-22"",""issues"":760,""technical_debt_days"":11.7396,""lines_of_code"":82844,""line_coverage_pct"":46.6,""unit_tests"":null}"
src_205B_timeseries,23,"{""project_key"":""Maps-Messaging_mapsmessaging_server"",""date"":""2026-01-23"",""issues"":760,""technical_debt_days"":11.7396,""lines_of_code"":82844,""line_coverage_pct"":46.6,""unit_tests"":null}"
src_205B_timeseries,24,"{""project_key"":""Maps-Messaging_mapsmessaging_server"",""date"":""2026-01-24"",""issues"":760,""technical_debt_days"":11.7396,""lines_of_code"":82844,""line_coverage_pct"":46.6,""unit_tests"":null}"
src_205B_timeseries,25,"{""project_key"":""Maps-Messaging_mapsmessaging_server"",""date"":""2026-01-25"",""issues"":760,""technical_debt_days"":11.7396,""lines_of_code"":82844,""line_coverage_pct"":46.6,""unit_tests"":null}"
src_205B_timeseries,26,"{""project_key"":""Maps-Messaging_mapsmessaging_server"",""date"":""2026-01-26"",""issues"":760,""technical_debt_days"":11.7396,""lines_of_code"":82844,""line_coverage_pct"":46.6,""unit_tests"":null}"
src_205B_timeseries,27,"{""project_key"":""Maps-Messaging_mapsmessaging_server"",""date"":""2026-01-27"",""issues"":760,""technical_debt_days"":11.7396,""lines_of_code"":82844,""line_coverage_pct"":46.6,""unit_tests"":null}"
src_205B_timeseries,28,"{""project_key"":""Maps-Messaging_mapsmessaging_server"",""date"":""2026-01-28"",""issues"":760,""technical_debt_days"":11.7396,""lines_of_code"":82844,""line_coverage_pct"":46.6,""unit_tests"":null}"
src_205B_timeseries,29,"{""project_key"":""Maps-Messaging_mapsmessaging_server"",""date"":""2026-01-29"",""issues"":760,""technical_debt_days"":11.7396,""lines_of_code"":82844,""line_coverage_pct"":46.6,""unit_tests"":null}"
src_205B_timeseries,30,"{""project_key"":""Maps-Messaging_mapsmessaging_server"",""date"":""2026-01-30"",""issues"":760,""technical_debt_days"":11.7396,""lines_of_code"":82844,""line_coverage_pct"":46.6,""unit_tests"":null}"
src_205B_timeseries,31,"{""project_key"":""Maps-Messaging_mapsmessaging_server"",""date"":""2026-01-31"",""issues"":760,""technical_debt_days"":11.7396,""lines_of_code"":82844,""line_coverage_pct"":46.6,""unit_tests"":null}"
src_205B_timeseries,32,"{""project_key"":""Maps-Messaging_mapsmessaging_server"",""date"":""2026-02-01"",""issues"":881,""technical_debt_days"":14.6125,""lines_of_code"":91029,""line_coverage_pct"":47.5,""unit_tests"":217}"
src_205B_timeseries,33,"{""project_key"":""Maps-Messaging_mapsmessaging_server"",""date"":""2026-02-02"",""issues"":881,""technical_debt_days"":14.6125,""lines_of_code"":91029,""line_coverage_pct"":47.5,""unit_tests"":217}"
src_205B_timeseries,34,"{""project_key"":""Maps-Messaging_mapsmessaging_server"",""date"":""2026-02-03"",""issues"":881,""technical_debt_days"":14.6125,""lines_of_code"":91029,""line_coverage_pct"":47.5,""unit_tests"":217}"
src_205B_timeseries,35,"{""project_key"":""Maps-Messaging_mapsmessaging_server"",""date"":""2026-02-04"",""issues"":881,""technical_debt_days"":14.6125,""lines_of_code"":91029,""line_coverage_pct"":47.5,""unit_tests"":217}"
src_205B_timeseries,36,"{""project_key"":""Maps-Messaging_mapsmessaging_server"",""date"":""2026-02-05"",""issues"":881,""technical_debt_days"":14.6125,""lines_of_code"":91029,""line_coverage_pct"":47.5,""unit_tests"":217}"
src_205B_timeseries,37,"{""project_key"":""Maps-Messaging_mapsmessaging_server"",""date"":""2026-02-06"",""issues"":881,""technical_debt_days"":14.6125,""lines_of_code"":91029,""line_coverage_pct"":47.5,""unit_tests"":217}"
src_205B_timeseries,38,"{""project_key"":""Maps-Messaging_mapsmessaging_server"",""date"":""2026-02-07"",""issues"":881,""technical_debt_days"":14.6125,""lines_of_code"":91029,""line_coverage_pct"":47.5,""unit_tests"":217}"
src_205B_timeseries,39,"{""project_key"":""Maps-Messaging_mapsmessaging_server"",""date"":""2026-02-08"",""issues"":881,""technical_debt_days"":14.6125,""lines_of_code"":91029,""line_coverage_pct"":47.5,""unit_tests"":217}"
src_205B_timeseries,40,"{""project_key"":""Maps-Messaging_mapsmessaging_server"",""date"":""2026-02-09"",""issues"":881,""technical_debt_days"":14.6125,""lines_of_code"":91029,""line_coverage_pct"":47.5,""unit_tests"":217}"
src_205B_timeseries,41,"{""project_key"":""Maps-Messaging_mapsmessaging_server"",""date"":""2026-02-10"",""issues"":881,""technical_debt_days"":14.6125,""lines_of_code"":91029,""line_coverage_pct"":47.5,""unit_tests"":217}"
src_205B_timeseries,42,"{""project_key"":""Maps-Messaging_mapsmessaging_server"",""date"":""2026-02-11"",""issues"":881,""technical_debt_days"":14.6125,""lines_of_code"":91029,""line_coverage_pct"":47.5,""unit_tests"":217}"
src_205B_timeseries,43,"{""project_key"":""Maps-Messaging_mapsmessaging_server"",""date"":""2026-02-12"",""issues"":881,""technical_debt_days"":14.6125,""lines_of_code"":91029,""line_coverage_pct"":47.5,""unit_tests"":217}"
src_205B_timeseries,44,"{""project_key"":""Maps-Messaging_mapsmessaging_server"",""date"":""2026-02-13"",""issues"":881,""technical_debt_days"":14.6125,""lines_of_code"":91029,""line_coverage_pct"":47.5,""unit_tests"":217}"
src_205B_timeseries,45,"{""project_key"":""Maps-Messaging_mapsmessaging_server"",""date"":""2026-02-14"",""issues"":881,""technical_debt_days"":14.6125,""lines_of_code"":91029,""line_coverage_pct"":47.5,""unit_tests"":217}"
src_205B_timeseries,46,"{""project_key"":""Maps-Messaging_mapsmessaging_server"",""date"":""2026-02-15"",""issues"":881,""technical_debt_days"":14.6125,""lines_of_code"":91029,""line_coverage_pct"":47.5,""unit_tests"":217}"
src_205B_timeseries,47,"{""project_key"":""Maps-Messaging_mapsmessaging_server"",""date"":""2026-02-16"",""issues"":881,""technical_debt_days"":14.6125,""lines_of_code"":91029,""line_coverage_pct"":47.5,""unit_tests"":217}"
src_205B_timeseries,48,"{""project_key"":""Maps-Messaging_mapsmessaging_server"",""date"":""2026-02-17"",""issues"":881,""technical_debt_days"":14.6125,""lines_of_code"":91029,""line_coverage_pct"":47.5,""unit_tests"":217}"
src_205B_timeseries,49,"{""project_key"":""Maps-Messaging_mapsmessaging_server"",""date"":""2026-02-18"",""issues"":881,""technical_debt_days"":14.6125,""lines_of_code"":91029,""line_coverage_pct"":47.5,""unit_tests"":217}"
src_205B_timeseries,50,"{""project_key"":""Maps-Messaging_mapsmessaging_server"",""date"":""2026-02-19"",""issues"":881,""technical_debt_days"":14.6125,""lines_of_code"":91029,""line_coverage_pct"":47.5,""unit_tests"":217}"
src_205B_timeseries,51,"{""project_key"":""Maps-Messaging_mapsmessaging_server"",""date"":""2026-02-20"",""issues"":881,""technical_debt_days"":14.6125,""lines_of_code"":91029,""line_coverage_pct"":47.5,""unit_tests"":217}"
src_205B_timeseries,52,"{""project_key"":""Maps-Messaging_mapsmessaging_server"",""date"":""2026-02-21"",""issues"":881,""technical_debt_days"":14.6125,""lines_of_code"":91029,""line_coverage_pct"":47.5,""unit_tests"":217}"
src_205B_timeseries,53,"{""project_key"":""Maps-Messaging_mapsmessaging_server"",""date"":""2026-02-22"",""issues"":881,""technical_debt_days"":14.6125,""lines_of_code"":91029,""line_coverage_pct"":47.5,""unit_tests"":217}"
src_205B_timeseries,54,"{""project_key"":""Maps-Messaging_mapsmessaging_server"",""date"":""2026-02-23"",""issues"":881,""technical_debt_days"":14.6125,""lines_of_code"":91029,""line_coverage_pct"":47.5,""unit_tests"":217}"
src_205B_timeseries,55,"{""project_key"":""Maps-Messaging_mapsmessaging_server"",""date"":""2026-02-24"",""issues"":881,""technical_debt_days"":14.6125,""lines_of_code"":91029,""line_coverage_pct"":47.5,""unit_tests"":217}"
src_205B_timeseries,56,"{""project_key"":""Maps-Messaging_mapsmessaging_server"",""date"":""2026-02-25"",""issues"":881,""technical_debt_days"":14.6125,""lines_of_code"":91029,""line_coverage_pct"":47.5,""unit_tests"":217}"
src_205B_timeseries,57,"{""project_key"":""Maps-Messaging_mapsmessaging_server"",""date"":""2026-02-26"",""issues"":881,""technical_debt_days"":14.6125,""lines_of_code"":91029,""line_coverage_pct"":47.5,""unit_tests"":217}"
src_205B_timeseries,58,"{""project_key"":""Maps-Messaging_mapsmessaging_server"",""date"":""2026-02-27"",""issues"":881,""technical_debt_days"":14.6125,""lines_of_code"":91029,""line_coverage_pct"":47.5,""unit_tests"":217}"
src_205B_timeseries,59,"{""project_key"":""Maps-Messaging_mapsmessaging_server"",""date"":""2026-02-28"",""issues"":881,""technical_debt_days"":14.6125,""lines_of_code"":91029,""line_coverage_pct"":47.5,""unit_tests"":217}"
src_205B_timeseries,60,"{""project_key"":""Maps-Messaging_mapsmessaging_server"",""date"":""2026-03-01"",""issues"":1036,""technical_debt_days"":16.8062,""lines_of_code"":98913,""line_coverage_pct"":55.3,""unit_tests"":226}"
src_205B_timeseries,61,"{""project_key"":""Maps-Messaging_mapsmessaging_server"",""date"":""2026-03-02"",""issues"":1036,""technical_debt_days"":16.8062,""lines_of_code"":98913,""line_coverage_pct"":55.3,""unit_tests"":226}"
src_205B_timeseries,62,"{""project_key"":""Maps-Messaging_mapsmessaging_server"",""date"":""2026-03-03"",""issues"":1036,""technical_debt_days"":16.8062,""lines_of_code"":98913,""line_coverage_pct"":55.3,""unit_tests"":226}"
src_205B_timeseries,63,"{""project_key"":""Maps-Messaging_mapsmessaging_server"",""date"":""2026-03-04"",""issues"":1036,""technical_debt_days"":16.8062,""lines_of_code"":98913,""line_coverage_pct"":55.3,""unit_tests"":226}"
src_205B_timeseries,64,"{""project_key"":""Maps-Messaging_mapsmessaging_server"",""date"":""2026-03-05"",""issues"":1036,""technical_debt_days"":16.8062,""lines_of_code"":98913,""line_coverage_pct"":55.3,""unit_tests"":226}"
src_205B_timeseries,65,"{""project_key"":""Maps-Messaging_mapsmessaging_server"",""date"":""2026-03-06"",""issues"":1036,""technical_debt_days"":16.8062,""lines_of_code"":98913,""line_coverage_pct"":55.3,""unit_tests"":226}"
src_205B_timeseries,66,"{""project_key"":""Maps-Messaging_mapsmessaging_server"",""date"":""2026-03-07"",""issues"":1036,""technical_debt_days"":16.8062,""lines_of_code"":98913,""line_coverage_pct"":55.3,""unit_tests"":226}"
src_205B_timeseries,67,"{""project_key"":""Maps-Messaging_mapsmessaging_server"",""date"":""2026-03-08"",""issues"":1036,""technical_debt_days"":16.8062,""lines_of_code"":98913,""line_coverage_pct"":55.3,""unit_tests"":226}"
src_205B_timeseries,68,"{""project_key"":""Maps-Messaging_mapsmessaging_server"",""date"":""2026-03-09"",""issues"":1036,""technical_debt_days"":16.8062,""lines_of_code"":98913,""line_coverage_pct"":55.3,""unit_tests"":226}"
src_205B_timeseries,69,"{""project_key"":""Maps-Messaging_mapsmessaging_server"",""date"":""2026-03-10"",""issues"":1036,""technical_debt_days"":16.8062,""lines_of_code"":98913,""line_coverage_pct"":55.3,""unit_tests"":226}"
src_205B_timeseries,70,"{""project_key"":""Maps-Messaging_mapsmessaging_server"",""date"":""2026-03-11"",""issues"":1036,""technical_debt_days"":16.8062,""lines_of_code"":98913,""line_coverage_pct"":55.3,""unit_tests"":226}"
src_205B_timeseries,71,"{""project_key"":""Maps-Messaging_mapsmessaging_server"",""date"":""2026-03-12"",""issues"":1036,""technical_debt_days"":16.8062,""lines_of_code"":98913,""line_coverage_pct"":55.3,""unit_tests"":226}"
src_205B_timeseries,72,"{""project_key"":""Maps-Messaging_mapsmessaging_server"",""date"":""2026-03-13"",""issues"":1036,""technical_debt_days"":16.8062,""lines_of_code"":98913,""line_coverage_pct"":55.3,""unit_tests"":226}"
src_205B_timeseries,73,"{""project_key"":""Maps-Messaging_mapsmessaging_server"",""date"":""2026-03-14"",""issues"":1036,""technical_debt_days"":16.8062,""lines_of_code"":98913,""line_coverage_pct"":55.3,""unit_tests"":226}"
src_205B_timeseries,74,"{""project_key"":""Maps-Messaging_mapsmessaging_server"",""date"":""2026-03-15"",""issues"":1036,""technical_debt_days"":16.8062,""lines_of_code"":98913,""line_coverage_pct"":55.3,""unit_tests"":226}"
src_205B_timeseries,75,"{""project_key"":""Maps-Messaging_mapsmessaging_server"",""date"":""2026-03-16"",""issues"":1036,""technical_debt_days"":16.8062,""lines_of_code"":98913,""line_coverage_pct"":55.3,""unit_tests"":226}"
src_205B_timeseries,76,"{""project_key"":""Maps-Messaging_mapsmessaging_server"",""date"":""2026-03-17"",""issues"":1036,""technical_debt_days"":16.8062,""lines_of_code"":98913,""line_coverage_pct"":55.3,""unit_tests"":226}"
src_205B_timeseries,77,"{""project_key"":""Maps-Messaging_mapsmessaging_server"",""date"":""2026-03-18"",""issues"":1036,""technical_debt_days"":16.8062,""lines_of_code"":98913,""line_coverage_pct"":55.3,""unit_tests"":226}"
src_205B_timeseries,78,"{""project_key"":""Maps-Messaging_mapsmessaging_server"",""date"":""2026-03-19"",""issues"":1036,""technical_debt_days"":16.8062,""lines_of_code"":98913,""line_coverage_pct"":55.3,""unit_tests"":226}"
src_205B_timeseries,79,"{""project_key"":""Maps-Messaging_mapsmessaging_server"",""date"":""2026-03-20"",""issues"":1036,""technical_debt_days"":16.8062,""lines_of_code"":98913,""line_coverage_pct"":55.3,""unit_tests"":226}"
src_205B_timeseries,80,"{""project_key"":""Maps-Messaging_mapsmessaging_server"",""date"":""2026-03-21"",""issues"":1036,""technical_debt_days"":16.8062,""lines_of_code"":98913,""line_coverage_pct"":55.3,""unit_tests"":226}"
src_205B_timeseries,81,"{""project_key"":""Maps-Messaging_mapsmessaging_server"",""date"":""2026-03-22"",""issues"":1036,""technical_debt_days"":16.8062,""lines_of_code"":98913,""line_coverage_pct"":55.3,""unit_tests"":226}"
src_205B_timeseries,82,"{""project_key"":""Maps-Messaging_mapsmessaging_server"",""date"":""2026-03-23"",""issues"":1036,""technical_debt_days"":16.8062,""lines_of_code"":98913,""line_coverage_pct"":55.3,""unit_tests"":226}"
src_205B_timeseries,83,"{""project_key"":""Maps-Messaging_mapsmessaging_server"",""date"":""2026-03-24"",""issues"":1036,""technical_debt_days"":16.8062,""lines_of_code"":98913,""line_coverage_pct"":55.3,""unit_tests"":226}"
src_205B_timeseries,84,"{""project_key"":""Maps-Messaging_mapsmessaging_server"",""date"":""2026-03-25"",""issues"":1036,""technical_debt_days"":16.8062,""lines_of_code"":98913,""line_coverage_pct"":55.3,""unit_tests"":226}"
src_205B_timeseries,85,"{""project_key"":""Maps-Messaging_mapsmessaging_server"",""date"":""2026-03-26"",""issues"":1036,""technical_debt_days"":16.8062,""lines_of_code"":98913,""line_coverage_pct"":55.3,""unit_tests"":226}"
src_205B_timeseries,86,"{""project_key"":""Maps-Messaging_mapsmessaging_server"",""date"":""2026-03-27"",""issues"":1036,""technical_debt_days"":16.8062,""lines_of_code"":98913,""line_coverage_pct"":55.3,""unit_tests"":226}"
src_205B_timeseries,87,"{""project_key"":""Maps-Messaging_mapsmessaging_server"",""date"":""2026-03-28"",""issues"":1036,""technical_debt_days"":16.8062,""lines_of_code"":98913,""line_coverage_pct"":55.3,""unit_tests"":226}"
src_205B_timeseries,88,"{""project_key"":""Maps-Messaging_mapsmessaging_server"",""date"":""2026-03-29"",""issues"":958,""technical_debt_days"":17.4896,""lines_of_code"":100878,""line_coverage_pct"":53.9,""unit_tests"":226}"
src_205B_timeseries,89,"{""project_key"":""Maps-Messaging_mapsmessaging_server"",""date"":""2026-03-30"",""issues"":958,""technical_debt_days"":17.4896,""lines_of_code"":100878,""line_coverage_pct"":53.9,""unit_tests"":226}"
src_205B_timeseries,90,"{""project_key"":""Maps-Messaging_mapsmessaging_server"",""date"":""2026-03-31"",""issues"":958,""technical_debt_days"":17.4896,""lines_of_code"":100878,""line_coverage_pct"":53.9,""unit_tests"":226}"
src_205B_timeseries,91,"{""project_key"":""apache_kvrocks"",""date"":""2026-01-01"",""issues"":4052,""technical_debt_days"":64.2146,""lines_of_code"":94596,""line_coverage_pct"":63.4,""unit_tests"":null}"
src_205B_timeseries,92,"{""project_key"":""apache_kvrocks"",""date"":""2026-01-02"",""issues"":4052,""technical_debt_days"":64.2146,""lines_of_code"":94596,""line_coverage_pct"":63.4,""unit_tests"":null}"
src_205B_timeseries,93,"{""project_key"":""apache_kvrocks"",""date"":""2026-01-03"",""issues"":4052,""technical_debt_days"":64.2146,""lines_of_code"":94596,""line_coverage_pct"":63.4,""unit_tests"":null}"
src_205B_timeseries,94,"{""project_key"":""apache_kvrocks"",""date"":""2026-01-04"",""issues"":4052,""technical_debt_days"":64.2146,""lines_of_code"":94596,""line_coverage_pct"":63.4,""unit_tests"":null}"
src_205B_timeseries,95,"{""project_key"":""apache_kvrocks"",""date"":""2026-01-05"",""issues"":4052,""technical_debt_days"":64.2146,""lines_of_code"":94596,""line_coverage_pct"":63.4,""unit_tests"":null}"
src_205B_timeseries,96,"{""project_key"":""apache_kvrocks"",""date"":""2026-01-06"",""issues"":4052,""technical_debt_days"":64.2146,""lines_of_code"":94596,""line_coverage_pct"":63.4,""unit_tests"":null}"
src_205B_timeseries,97,"{""project_key"":""apache_kvrocks"",""date"":""2026-01-07"",""issues"":4052,""technical_debt_days"":64.2146,""lines_of_code"":94596,""line_coverage_pct"":63.4,""unit_tests"":null}"
src_205B_timeseries,98,"{""project_key"":""apache_kvrocks"",""date"":""2026-01-08"",""issues"":4052,""technical_debt_days"":64.2146,""lines_of_code"":94596,""line_coverage_pct"":63.4,""unit_tests"":null}"
src_205B_timeseries,99,"{""project_key"":""apache_kvrocks"",""date"":""2026-01-09"",""issues"":4052,""technical_debt_days"":64.2146,""lines_of_code"":94596,""line_coverage_pct"":63.4,""unit_tests"":null}"
src_205B_timeseries,100,"{""project_key"":""apache_kvrocks"",""date"":""2026-01-10"",""issues"":4052,""technical_debt_days"":64.2146,""lines_of_code"":94596,""line_coverage_pct"":63.4,""unit_tests"":null}"
src_205B_timeseries,101,"{""project_key"":""apache_kvrocks"",""date"":""2026-01-11"",""issues"":4052,""technical_debt_days"":64.2146,""lines_of_code"":94596,""line_coverage_pct"":63.4,""unit_tests"":null}"
src_205B_timeseries,102,"{""project_key"":""apache_kvrocks"",""date"":""2026-01-12"",""issues"":4052,""technical_debt_days"":64.2146,""lines_of_code"":94596,""line_coverage_pct"":63.4,""unit_tests"":null}"
src_205B_timeseries,103,"{""project_key"":""apache_kvrocks"",""date"":""2026-01-13"",""issues"":4052,""technical_debt_days"":64.2146,""lines_of_code"":94596,""line_coverage_pct"":63.4,""unit_tests"":null}"
src_205B_timeseries,104,"{""project_key"":""apache_kvrocks"",""date"":""2026-01-14"",""issues"":4052,""technical_debt_days"":64.2146,""lines_of_code"":94596,""line_coverage_pct"":63.4,""unit_tests"":null}"
src_205B_timeseries,105,"{""project_key"":""apache_kvrocks"",""date"":""2026-01-15"",""issues"":4052,""technical_debt_days"":64.2146,""lines_of_code"":94596,""line_coverage_pct"":63.4,""unit_tests"":null}"
src_205B_timeseries,106,"{""project_key"":""apache_kvrocks"",""date"":""2026-01-16"",""issues"":4052,""technical_debt_days"":64.2146,""lines_of_code"":94596,""line_coverage_pct"":63.4,""unit_tests"":null}"
src_205B_timeseries,107,"{""project_key"":""apache_kvrocks"",""date"":""2026-01-17"",""issues"":4052,""technical_debt_days"":64.2146,""lines_of_code"":94596,""line_coverage_pct"":63.4,""unit_tests"":null}"
src_205B_timeseries,108,"{""project_key"":""apache_kvrocks"",""date"":""2026-01-18"",""issues"":4052,""technical_debt_days"":64.2146,""lines_of_code"":94596,""line_coverage_pct"":63.4,""unit_tests"":null}"
src_205B_timeseries,109,"{""project_key"":""apache_kvrocks"",""date"":""2026-01-19"",""issues"":4052,""technical_debt_days"":64.2146,""lines_of_code"":94596,""line_coverage_pct"":63.4,""unit_tests"":null}"
src_205B_timeseries,110,"{""project_key"":""apache_kvrocks"",""date"":""2026-01-20"",""issues"":4052,""technical_debt_days"":64.2146,""lines_of_code"":94596,""line_coverage_pct"":63.4,""unit_tests"":null}"
src_205B_timeseries,111,"{""project_key"":""apache_kvrocks"",""date"":""2026-01-21"",""issues"":4052,""technical_debt_days"":64.2146,""lines_of_code"":94596,""line_coverage_pct"":63.4,""unit_tests"":null}"
src_205B_timeseries,112,"{""project_key"":""apache_kvrocks"",""date"":""2026-01-22"",""issues"":4052,""technical_debt_days"":64.2146,""lines_of_code"":94596,""line_coverage_pct"":63.4,""unit_tests"":null}"
src_205B_timeseries,113,"{""project_key"":""apache_kvrocks"",""date"":""2026-01-23"",""issues"":4052,""technical_debt_days"":64.2146,""lines_of_code"":94596,""line_coverage_pct"":63.4,""unit_tests"":null}"
src_205B_timeseries,114,"{""project_key"":""apache_kvrocks"",""date"":""2026-01-24"",""issues"":4052,""technical_debt_days"":64.2146,""lines_of_code"":94596,""line_coverage_pct"":63.4,""unit_tests"":null}"
src_205B_timeseries,115,"{""project_key"":""apache_kvrocks"",""date"":""2026-01-25"",""issues"":4052,""technical_debt_days"":64.2146,""lines_of_code"":94596,""line_coverage_pct"":63.4,""unit_tests"":null}"
src_205B_timeseries,116,"{""project_key"":""apache_kvrocks"",""date"":""2026-01-26"",""issues"":4052,""technical_debt_days"":64.2146,""lines_of_code"":94596,""line_coverage_pct"":63.4,""unit_tests"":null}"
src_205B_timeseries,117,"{""project_key"":""apache_kvrocks"",""date"":""2026-01-27"",""issues"":4052,""technical_debt_days"":64.2146,""lines_of_code"":94596,""line_coverage_pct"":63.4,""unit_tests"":null}"
src_205B_timeseries,118,"{""project_key"":""apache_kvrocks"",""date"":""2026-01-28"",""issues"":4052,""technical_debt_days"":64.2146,""lines_of_code"":94596,""line_coverage_pct"":63.4,""unit_tests"":null}"
src_205B_timeseries,119,"{""project_key"":""apache_kvrocks"",""date"":""2026-01-29"",""issues"":4052,""technical_debt_days"":64.2146,""lines_of_code"":94596,""line_coverage_pct"":63.4,""unit_tests"":null}"
src_205B_timeseries,120,"{""project_key"":""apache_kvrocks"",""date"":""2026-01-30"",""issues"":4052,""technical_debt_days"":64.2146,""lines_of_code"":94596,""line_coverage_pct"":63.4,""unit_tests"":null}"
src_205B_timeseries,121,"{""project_key"":""apache_kvrocks"",""date"":""2026-01-31"",""issues"":4052,""technical_debt_days"":64.2146,""lines_of_code"":94596,""line_coverage_pct"":63.4,""unit_tests"":null}"
src_205B_timeseries,122,"{""project_key"":""apache_kvrocks"",""date"":""2026-02-01"",""issues"":4052,""technical_debt_days"":64.2146,""lines_of_code"":94596,""line_coverage_pct"":63.4,""unit_tests"":null}"
src_205B_timeseries,123,"{""project_key"":""apache_kvrocks"",""date"":""2026-02-02"",""issues"":4052,""technical_debt_days"":64.2146,""lines_of_code"":94596,""line_coverage_pct"":63.4,""unit_tests"":null}"
src_205B_timeseries,124,"{""project_key"":""apache_kvrocks"",""date"":""2026-02-03"",""issues"":4051,""technical_debt_days"":64.3604,""lines_of_code"":94956,""line_coverage_pct"":63.6,""unit_tests"":null}"
src_205B_timeseries,125,"{""project_key"":""apache_kvrocks"",""date"":""2026-02-04"",""issues"":4051,""technical_debt_days"":64.3604,""lines_of_code"":94956,""line_coverage_pct"":63.6,""unit_tests"":null}"
src_205B_timeseries,126,"{""project_key"":""apache_kvrocks"",""date"":""2026-02-05"",""issues"":4051,""technical_debt_days"":64.3604,""lines_of_code"":94956,""line_coverage_pct"":63.6,""unit_tests"":null}"
src_205B_timeseries,127,"{""project_key"":""apache_kvrocks"",""date"":""2026-02-06"",""issues"":4051,""technical_debt_days"":64.3604,""lines_of_code"":94956,""line_coverage_pct"":63.6,""unit_tests"":null}"
src_205B_timeseries,128,"{""project_key"":""apache_kvrocks"",""date"":""2026-02-07"",""issues"":4051,""technical_debt_days"":64.3604,""lines_of_code"":94956,""line_coverage_pct"":63.6,""unit_tests"":null}"
src_205B_timeseries,129,"{""project_key"":""apache_kvrocks"",""date"":""2026-02-08"",""issues"":4051,""technical_debt_days"":64.3604,""lines_of_code"":94956,""line_coverage_pct"":63.6,""unit_tests"":null}"
src_205B_timeseries,130,"{""project_key"":""apache_kvrocks"",""date"":""2026-02-09"",""issues"":4051,""technical_debt_days"":64.3604,""lines_of_code"":94956,""line_coverage_pct"":63.6,""unit_tests"":null}"
src_205B_timeseries,131,"{""project_key"":""apache_kvrocks"",""date"":""2026-02-10"",""issues"":4051,""technical_debt_days"":64.3604,""lines_of_code"":94956,""line_coverage_pct"":63.6,""unit_tests"":null}"
src_205B_timeseries,132,"{""project_key"":""apache_kvrocks"",""date"":""2026-02-11"",""issues"":4051,""technical_debt_days"":64.3604,""lines_of_code"":94956,""line_coverage_pct"":63.6,""unit_tests"":null}"
src_205B_timeseries,133,"{""project_key"":""apache_kvrocks"",""date"":""2026-02-12"",""issues"":4051,""technical_debt_days"":64.3604,""lines_of_code"":94956,""line_coverage_pct"":63.6,""unit_tests"":null}"
src_205B_timeseries,134,"{""project_key"":""apache_kvrocks"",""date"":""2026-02-13"",""issues"":4051,""technical_debt_days"":64.3604,""lines_of_code"":94956,""line_coverage_pct"":63.6,""unit_tests"":null}"
src_205B_timeseries,135,"{""project_key"":""apache_kvrocks"",""date"":""2026-02-14"",""issues"":4051,""technical_debt_days"":64.3604,""lines_of_code"":94956,""line_coverage_pct"":63.6,""unit_tests"":null}"
src_205B_timeseries,136,"{""project_key"":""apache_kvrocks"",""date"":""2026-02-15"",""issues"":4051,""technical_debt_days"":64.3604,""lines_of_code"":94956,""line_coverage_pct"":63.6,""unit_tests"":null}"
src_205B_timeseries,137,"{""project_key"":""apache_kvrocks"",""date"":""2026-02-16"",""issues"":4051,""technical_debt_days"":64.3604,""lines_of_code"":94956,""line_coverage_pct"":63.6,""unit_tests"":null}"
src_205B_timeseries,138,"{""project_key"":""apache_kvrocks"",""date"":""2026-02-17"",""issues"":4051,""technical_debt_days"":64.3604,""lines_of_code"":94956,""line_coverage_pct"":63.6,""unit_tests"":null}"
src_205B_timeseries,139,"{""project_key"":""apache_kvrocks"",""date"":""2026-02-18"",""issues"":4051,""technical_debt_days"":64.3604,""lines_of_code"":94956,""line_coverage_pct"":63.6,""unit_tests"":null}"
src_205B_timeseries,140,"{""project_key"":""apache_kvrocks"",""date"":""2026-02-19"",""issues"":4051,""technical_debt_days"":64.3604,""lines_of_code"":94956,""line_coverage_pct"":63.6,""unit_tests"":null}"
src_205B_timeseries,141,"{""project_key"":""apache_kvrocks"",""date"":""2026-02-20"",""issues"":4051,""technical_debt_days"":64.3604,""lines_of_code"":94956,""line_coverage_pct"":63.6,""unit_tests"":null}"
src_205B_timeseries,142,"{""project_key"":""apache_kvrocks"",""date"":""2026-02-21"",""issues"":4051,""technical_debt_days"":64.3604,""lines_of_code"":94956,""line_coverage_pct"":63.6,""unit_tests"":null}"
src_205B_timeseries,143,"{""project_key"":""apache_kvrocks"",""date"":""2026-02-22"",""issues"":4051,""technical_debt_days"":64.3604,""lines_of_code"":94956,""line_coverage_pct"":63.6,""unit_tests"":null}"
src_205B_timeseries,144,"{""project_key"":""apache_kvrocks"",""date"":""2026-02-23"",""issues"":4051,""technical_debt_days"":64.3604,""lines_of_code"":94956,""line_coverage_pct"":63.6,""unit_tests"":null}"
src_205B_timeseries,145,"{""project_key"":""apache_kvrocks"",""date"":""2026-02-24"",""issues"":4051,""technical_debt_days"":64.3604,""lines_of_code"":94956,""line_coverage_pct"":63.6,""unit_tests"":null}"
src_205B_timeseries,146,"{""project_key"":""apache_kvrocks"",""date"":""2026-02-25"",""issues"":4051,""technical_debt_days"":64.3604,""lines_of_code"":94956,""line_coverage_pct"":63.6,""unit_tests"":null}"
src_205B_timeseries,147,"{""project_key"":""apache_kvrocks"",""date"":""2026-02-26"",""issues"":4051,""technical_debt_days"":64.3604,""lines_of_code"":94956,""line_coverage_pct"":63.6,""unit_tests"":null}"
src_205B_timeseries,148,"{""project_key"":""apache_kvrocks"",""date"":""2026-02-27"",""issues"":4051,""technical_debt_days"":64.3604,""lines_of_code"":94956,""line_coverage_pct"":63.6,""unit_tests"":null}"
src_205B_timeseries,149,"{""project_key"":""apache_kvrocks"",""date"":""2026-02-28"",""issues"":4051,""technical_debt_days"":64.3604,""lines_of_code"":94956,""line_coverage_pct"":63.6,""unit_tests"":null}"
src_205B_timeseries,150,"{""project_key"":""apache_kvrocks"",""date"":""2026-03-01"",""issues"":4051,""technical_debt_days"":64.3604,""lines_of_code"":94956,""line_coverage_pct"":63.6,""unit_tests"":null}"
src_205B_timeseries,151,"{""project_key"":""apache_kvrocks"",""date"":""2026-03-02"",""issues"":4051,""technical_debt_days"":64.3604,""lines_of_code"":94956,""line_coverage_pct"":63.6,""unit_tests"":null}"
src_205B_timeseries,152,"{""project_key"":""apache_kvrocks"",""date"":""2026-03-03"",""issues"":4051,""technical_debt_days"":64.3604,""lines_of_code"":94956,""line_coverage_pct"":63.6,""unit_tests"":null}"
src_205B_timeseries,153,"{""project_key"":""apache_kvrocks"",""date"":""2026-03-04"",""issues"":4051,""technical_debt_days"":64.3604,""lines_of_code"":94956,""line_coverage_pct"":63.6,""unit_tests"":null}"
src_205B_timeseries,154,"{""project_key"":""apache_kvrocks"",""date"":""2026-03-05"",""issues"":4067,""technical_debt_days"":64.725,""lines_of_code"":95563,""line_coverage_pct"":63.6,""unit_tests"":null}"
src_205B_timeseries,155,"{""project_key"":""apache_kvrocks"",""date"":""2026-03-06"",""issues"":4067,""technical_debt_days"":64.725,""lines_of_code"":95563,""line_coverage_pct"":63.6,""unit_tests"":null}"
src_205B_timeseries,156,"{""project_key"":""apache_kvrocks"",""date"":""2026-03-07"",""issues"":4067,""technical_debt_days"":64.725,""lines_of_code"":95563,""line_coverage_pct"":63.6,""unit_tests"":null}"
src_205B_timeseries,157,"{""project_key"":""apache_kvrocks"",""date"":""2026-03-08"",""issues"":4067,""technical_debt_days"":64.725,""lines_of_code"":95563,""line_coverage_pct"":63.6,""unit_tests"":null}"
src_205B_timeseries,158,"{""project_key"":""apache_kvrocks"",""date"":""2026-03-09"",""issues"":4067,""technical_debt_days"":64.725,""lines_of_code"":95563,""line_coverage_pct"":63.6,""unit_tests"":null}"
src_205B_timeseries,159,"{""project_key"":""apache_kvrocks"",""date"":""2026-03-10"",""issues"":4067,""technical_debt_days"":64.725,""lines_of_code"":95563,""line_coverage_pct"":63.6,""unit_tests"":null}"
src_205B_timeseries,160,"{""project_key"":""apache_kvrocks"",""date"":""2026-03-11"",""issues"":4067,""technical_debt_days"":64.725,""lines_of_code"":95563,""line_coverage_pct"":63.6,""unit_tests"":null}"
src_205B_timeseries,161,"{""project_key"":""apache_kvrocks"",""date"":""2026-03-12"",""issues"":4067,""technical_debt_days"":64.725,""lines_of_code"":95563,""line_coverage_pct"":63.6,""unit_tests"":null}"
src_205B_timeseries,162,"{""project_key"":""apache_kvrocks"",""date"":""2026-03-13"",""issues"":4067,""technical_debt_days"":64.725,""lines_of_code"":95563,""line_coverage_pct"":63.6,""unit_tests"":null}"
src_205B_timeseries,163,"{""project_key"":""apache_kvrocks"",""date"":""2026-03-14"",""issues"":4067,""technical_debt_days"":64.725,""lines_of_code"":95563,""line_coverage_pct"":63.6,""unit_tests"":null}"
src_205B_timeseries,164,"{""project_key"":""apache_kvrocks"",""date"":""2026-03-15"",""issues"":4067,""technical_debt_days"":64.725,""lines_of_code"":95563,""line_coverage_pct"":63.6,""unit_tests"":null}"
src_205B_timeseries,165,"{""project_key"":""apache_kvrocks"",""date"":""2026-03-16"",""issues"":4067,""technical_debt_days"":64.725,""lines_of_code"":95563,""line_coverage_pct"":63.6,""unit_tests"":null}"
src_205B_timeseries,166,"{""project_key"":""apache_kvrocks"",""date"":""2026-03-17"",""issues"":4067,""technical_debt_days"":64.725,""lines_of_code"":95563,""line_coverage_pct"":63.6,""unit_tests"":null}"
src_205B_timeseries,167,"{""project_key"":""apache_kvrocks"",""date"":""2026-03-18"",""issues"":4067,""technical_debt_days"":64.725,""lines_of_code"":95563,""line_coverage_pct"":63.6,""unit_tests"":null}"
src_205B_timeseries,168,"{""project_key"":""apache_kvrocks"",""date"":""2026-03-19"",""issues"":4067,""technical_debt_days"":64.725,""lines_of_code"":95563,""line_coverage_pct"":63.6,""unit_tests"":null}"
src_205B_timeseries,169,"{""project_key"":""apache_kvrocks"",""date"":""2026-03-20"",""issues"":4067,""technical_debt_days"":64.725,""lines_of_code"":95563,""line_coverage_pct"":63.6,""unit_tests"":null}"
src_205B_timeseries,170,"{""project_key"":""apache_kvrocks"",""date"":""2026-03-21"",""issues"":4067,""technical_debt_days"":64.725,""lines_of_code"":95563,""line_coverage_pct"":63.6,""unit_tests"":null}"
src_205B_timeseries,171,"{""project_key"":""apache_kvrocks"",""date"":""2026-03-22"",""issues"":4067,""technical_debt_days"":64.725,""lines_of_code"":95563,""line_coverage_pct"":63.6,""unit_tests"":null}"
src_205B_timeseries,172,"{""project_key"":""apache_kvrocks"",""date"":""2026-03-23"",""issues"":4067,""technical_debt_days"":64.725,""lines_of_code"":95563,""line_coverage_pct"":63.6,""unit_tests"":null}"
src_205B_timeseries,173,"{""project_key"":""apache_kvrocks"",""date"":""2026-03-24"",""issues"":4067,""technical_debt_days"":64.725,""lines_of_code"":95563,""line_coverage_pct"":63.6,""unit_tests"":null}"
src_205B_timeseries,174,"{""project_key"":""apache_kvrocks"",""date"":""2026-03-25"",""issues"":4067,""technical_debt_days"":64.725,""lines_of_code"":95563,""line_coverage_pct"":63.6,""unit_tests"":null}"
src_205B_timeseries,175,"{""project_key"":""apache_kvrocks"",""date"":""2026-03-26"",""issues"":4067,""technical_debt_days"":64.725,""lines_of_code"":95563,""line_coverage_pct"":63.6,""unit_tests"":null}"
src_205B_timeseries,176,"{""project_key"":""apache_kvrocks"",""date"":""2026-03-27"",""issues"":4067,""technical_debt_days"":64.725,""lines_of_code"":95563,""line_coverage_pct"":63.6,""unit_tests"":null}"
src_205B_timeseries,177,"{""project_key"":""apache_kvrocks"",""date"":""2026-03-28"",""issues"":4067,""technical_debt_days"":64.725,""lines_of_code"":95563,""line_coverage_pct"":63.6,""unit_tests"":null}"
src_205B_timeseries,178,"{""project_key"":""apache_kvrocks"",""date"":""2026-03-29"",""issues"":4067,""technical_debt_days"":64.725,""lines_of_code"":95563,""line_coverage_pct"":63.6,""unit_tests"":null}"
src_205B_timeseries,179,"{""project_key"":""apache_kvrocks"",""date"":""2026-03-30"",""issues"":4067,""technical_debt_days"":64.725,""lines_of_code"":95563,""line_coverage_pct"":63.6,""unit_tests"":null}"
src_205B_timeseries,180,"{""project_key"":""apache_kvrocks"",""date"":""2026-03-31"",""issues"":4067,""technical_debt_days"":64.725,""lines_of_code"":95563,""line_coverage_pct"":63.6,""unit_tests"":null}"
src_205B_timeseries,181,"{""project_key"":""aws_aws-sdk-java-v2"",""date"":""2026-01-01"",""issues"":null,""technical_debt_days"":null,""lines_of_code"":null,""line_coverage_pct"":null,""unit_tests"":null}"
src_205B_timeseries,182,"{""project_key"":""aws_aws-sdk-java-v2"",""date"":""2026-01-02"",""issues"":3832,""technical_debt_days"":53.0979,""lines_of_code"":244417,""line_coverage_pct"":72.7,""unit_tests"":13415}"
src_205B_timeseries,183,"{""project_key"":""aws_aws-sdk-java-v2"",""date"":""2026-01-03"",""issues"":3832,""technical_debt_days"":53.0979,""lines_of_code"":244417,""line_coverage_pct"":72.7,""unit_tests"":13415}"
src_205B_timeseries,184,"{""project_key"":""aws_aws-sdk-java-v2"",""date"":""2026-01-04"",""issues"":3832,""technical_debt_days"":53.0979,""lines_of_code"":244417,""line_coverage_pct"":72.7,""unit_tests"":13415}"
src_205B_timeseries,185,"{""project_key"":""aws_aws-sdk-java-v2"",""date"":""2026-01-05"",""issues"":3832,""technical_debt_days"":53.0979,""lines_of_code"":244411,""line_coverage_pct"":72.7,""unit_tests"":13415}"
src_205B_timeseries,186,"{""project_key"":""aws_aws-sdk-java-v2"",""date"":""2026-01-06"",""issues"":3832,""technical_debt_days"":53.0979,""lines_of_code"":244411,""line_coverage_pct"":72.7,""unit_tests"":13415}"
src_205B_timeseries,187,"{""project_key"":""aws_aws-sdk-java-v2"",""date"":""2026-01-07"",""issues"":3832,""technical_debt_days"":53.0979,""lines_of_code"":244411,""line_coverage_pct"":72.7,""unit_tests"":13415}"
src_205B_timeseries,188,"{""project_key"":""aws_aws-sdk-java-v2"",""date"":""2026-01-08"",""issues"":3832,""technical_debt_days"":53.0979,""lines_of_code"":244411,""line_coverage_pct"":72.7,""unit_tests"":13415}"
src_205B_timeseries,189,"{""project_key"":""aws_aws-sdk-java-v2"",""date"":""2026-01-09"",""issues"":3833,""technical_debt_days"":53.1,""lines_of_code"":244437,""line_coverage_pct"":72.7,""unit_tests"":13416}"
src_205B_timeseries,190,"{""project_key"":""aws_aws-sdk-java-v2"",""date"":""2026-01-10"",""issues"":3839,""technical_debt_days"":53.1333,""lines_of_code"":244459,""line_coverage_pct"":72.7,""unit_tests"":13419}"
src_205B_timeseries,191,"{""project_key"":""aws_aws-sdk-java-v2"",""date"":""2026-01-11"",""issues"":3839,""technical_debt_days"":53.1333,""lines_of_code"":244459,""line_coverage_pct"":72.7,""unit_tests"":13419}"
src_205B_timeseries,192,"{""project_key"":""aws_aws-sdk-java-v2"",""date"":""2026-01-12"",""issues"":3839,""technical_debt_days"":53.1333,""lines_of_code"":244459,""line_coverage_pct"":72.7,""unit_tests"":13419}"
src_205B_timeseries,193,"{""project_key"":""aws_aws-sdk-java-v2"",""date"":""2026-01-13"",""issues"":3834,""technical_debt_days"":53.7604,""lines_of_code"":244488,""line_coverage_pct"":72.7,""unit_tests"":13440}"
src_205B_timeseries,194,"{""project_key"":""aws_aws-sdk-java-v2"",""date"":""2026-01-14"",""issues"":3834,""technical_debt_days"":53.7604,""lines_of_code"":244488,""line_coverage_pct"":72.7,""unit_tests"":13440}"
src_205B_timeseries,195,"{""project_key"":""aws_aws-sdk-java-v2"",""date"":""2026-01-15"",""issues"":3834,""technical_debt_days"":53.7604,""lines_of_code"":244488,""line_coverage_pct"":72.7,""unit_tests"":13440}"
src_205B_timeseries,196,"{""project_key"":""aws_aws-sdk-java-v2"",""date"":""2026-01-16"",""issues"":3834,""technical_debt_days"":53.7604,""lines_of_code"":244489,""line_coverage_pct"":72.7,""unit_tests"":13440}"
src_205B_timeseries,197,"{""project_key"":""aws_aws-sdk-java-v2"",""date"":""2026-01-17"",""issues"":3834,""technical_debt_days"":53.7604,""lines_of_code"":244489,""line_coverage_pct"":72.7,""unit_tests"":13440}"
src_205B_timeseries,198,"{""project_key"":""aws_aws-sdk-java-v2"",""date"":""2026-01-18"",""issues"":3834,""technical_debt_days"":53.7604,""lines_of_code"":244489,""line_coverage_pct"":72.7,""unit_tests"":13440}"
src_205B_timeseries,199,"{""project_key"":""aws_aws-sdk-java-v2"",""date"":""2026-01-19"",""issues"":3836,""technical_debt_days"":53.8042,""lines_of_code"":244535,""line_coverage_pct"":72.7,""unit_tests"":13446}"
src_205B_timeseries,200,"{""project_key"":""aws_aws-sdk-java-v2"",""date"":""2026-01-20"",""issues"":3836,""technical_debt_days"":53.8042,""lines_of_code"":244535,""line_coverage_pct"":72.7,""unit_tests"":13446}"
src_205B_timeseries,201,"{""project_key"":""aws_aws-sdk-java-v2"",""date"":""2026-01-21"",""issues"":3836,""technical_debt_days"":53.8042,""lines_of_code"":244538,""line_coverage_pct"":72.7,""unit_tests"":13446}"
src_205B_timeseries,202,"{""project_key"":""aws_aws-sdk-java-v2"",""date"":""2026-01-22"",""issues"":3836,""technical_debt_days"":53.8042,""lines_of_code"":244543,""line_coverage_pct"":72.7,""unit_tests"":13446}"
src_205B_timeseries,203,"{""project_key"":""aws_aws-sdk-java-v2"",""date"":""2026-01-23"",""issues"":3836,""technical_debt_days"":53.8042,""lines_of_code"":244543,""line_coverage_pct"":72.7,""unit_tests"":13446}"
src_205B_timeseries,204,"{""project_key"":""aws_aws-sdk-java-v2"",""date"":""2026-01-24"",""issues"":3836,""technical_debt_days"":53.8042,""lines_of_code"":244543,""line_coverage_pct"":72.7,""unit_tests"":13446}"
src_205B_timeseries,205,"{""project_key"":""aws_aws-sdk-java-v2"",""date"":""2026-01-25"",""issues"":3836,""technical_debt_days"":53.8042,""lines_of_code"":244543,""line_coverage_pct"":72.7,""unit_tests"":13446}"
src_205B_timeseries,206,"{""project_key"":""aws_aws-sdk-java-v2"",""date"":""2026-01-26"",""issues"":3835,""technical_debt_days"":53.7938,""lines_of_code"":244552,""line_coverage_pct"":72.7,""unit_tests"":13455}"
src_205B_timeseries,207,"{""project_key"":""aws_aws-sdk-java-v2"",""date"":""2026-01-27"",""issues"":3835,""technical_debt_days"":53.7938,""lines_of_code"":244572,""line_coverage_pct"":72.7,""unit_tests"":13455}"
src_205B_timeseries,208,"{""project_key"":""aws_aws-sdk-java-v2"",""date"":""2026-01-28"",""issues"":3836,""technical_debt_days"":53.7917,""lines_of_code"":244577,""line_coverage_pct"":72.7,""unit_tests"":13463}"
src_205B_timeseries,209,"{""project_key"":""aws_aws-sdk-java-v2"",""date"":""2026-01-29"",""issues"":3836,""technical_debt_days"":53.7917,""lines_of_code"":244577,""line_coverage_pct"":72.7,""unit_tests"":13463}"
src_205B_timeseries,210,"{""project_key"":""aws_aws-sdk-java-v2"",""date"":""2026-01-30"",""issues"":3836,""technical_debt_days"":53.7917,""lines_of_code"":244577,""line_coverage_pct"":72.7,""unit_tests"":13463}"
src_205B_timeseries,211,"{""project_key"":""aws_aws-sdk-java-v2"",""date"":""2026-01-31"",""issues"":3836,""technical_debt_days"":53.7917,""lines_of_code"":244577,""line_coverage_pct"":72.7,""unit_tests"":13463}"
src_205B_timeseries,212,"{""project_key"":""aws_aws-sdk-java-v2"",""date"":""2026-02-01"",""issues"":3836,""technical_debt_days"":53.7917,""lines_of_code"":244577,""line_coverage_pct"":72.7,""unit_tests"":13463}"
src_205B_timeseries,213,"{""project_key"":""aws_aws-sdk-java-v2"",""date"":""2026-02-02"",""issues"":3836,""technical_debt_days"":53.7917,""lines_of_code"":244577,""line_coverage_pct"":72.7,""unit_tests"":13463}"
src_205B_timeseries,214,"{""project_key"":""aws_aws-sdk-java-v2"",""date"":""2026-02-03"",""issues"":3847,""technical_debt_days"":54.1063,""lines_of_code"":244586,""line_coverage_pct"":72.7,""unit_tests"":13464}"
src_205B_timeseries,215,"{""project_key"":""aws_aws-sdk-java-v2"",""date"":""2026-02-04"",""issues"":3837,""technical_debt_days"":53.7938,""lines_of_code"":244585,""line_coverage_pct"":72.7,""unit_tests"":13464}"
src_205B_timeseries,216,"{""project_key"":""aws_aws-sdk-java-v2"",""date"":""2026-02-05"",""issues"":3837,""technical_debt_days"":53.7938,""lines_of_code"":244585,""line_coverage_pct"":72.7,""unit_tests"":13464}"
src_205B_timeseries,217,"{""project_key"":""aws_aws-sdk-java-v2"",""date"":""2026-02-06"",""issues"":3840,""technical_debt_days"":53.8167,""lines_of_code"":244609,""line_coverage_pct"":72.7,""unit_tests"":13464}"
src_205B_timeseries,218,"{""project_key"":""aws_aws-sdk-java-v2"",""date"":""2026-02-07"",""issues"":3840,""technical_debt_days"":53.8167,""lines_of_code"":244609,""line_coverage_pct"":72.7,""unit_tests"":13464}"
src_205B_timeseries,219,"{""project_key"":""aws_aws-sdk-java-v2"",""date"":""2026-02-08"",""issues"":3840,""technical_debt_days"":53.8167,""lines_of_code"":244609,""line_coverage_pct"":72.7,""unit_tests"":13464}"
src_205B_timeseries,220,"{""project_key"":""aws_aws-sdk-java-v2"",""date"":""2026-02-09"",""issues"":3840,""technical_debt_days"":53.8167,""lines_of_code"":244609,""line_coverage_pct"":72.7,""unit_tests"":13464}"
src_205B_timeseries,221,"{""project_key"":""aws_aws-sdk-java-v2"",""date"":""2026-02-10"",""issues"":3840,""technical_debt_days"":53.8167,""lines_of_code"":244609,""line_coverage_pct"":72.7,""unit_tests"":13464}"
src_205B_timeseries,222,"{""project_key"":""aws_aws-sdk-java-v2"",""date"":""2026-02-11"",""issues"":3840,""technical_debt_days"":53.8167,""lines_of_code"":244609,""line_coverage_pct"":72.7,""unit_tests"":13464}"
src_205B_timeseries,223,"{""project_key"":""aws_aws-sdk-java-v2"",""date"":""2026-02-12"",""issues"":3752,""technical_debt_days"":52.1854,""lines_of_code"":244903,""line_coverage_pct"":72.8,""unit_tests"":13536}"
src_205B_timeseries,224,"{""project_key"":""aws_aws-sdk-java-v2"",""date"":""2026-02-13"",""issues"":3752,""technical_debt_days"":52.1854,""lines_of_code"":244903,""line_coverage_pct"":72.7,""unit_tests"":13536}"
src_205B_timeseries,225,"{""project_key"":""aws_aws-sdk-java-v2"",""date"":""2026-02-14"",""issues"":3752,""technical_debt_days"":52.1854,""lines_of_code"":244903,""line_coverage_pct"":72.7,""unit_tests"":13536}"
src_205B_timeseries,226,"{""project_key"":""aws_aws-sdk-java-v2"",""date"":""2026-02-15"",""issues"":3751,""technical_debt_days"":52.1437,""lines_of_code"":244956,""line_coverage_pct"":72.8,""unit_tests"":13536}"
src_205B_timeseries,227,"{""project_key"":""aws_aws-sdk-java-v2"",""date"":""2026-02-16"",""issues"":3758,""technical_debt_days"":52.1958,""lines_of_code"":245018,""line_coverage_pct"":72.8,""unit_tests"":13556}"
src_205B_timeseries,228,"{""project_key"":""aws_aws-sdk-java-v2"",""date"":""2026-02-17"",""issues"":3751,""technical_debt_days"":52.0292,""lines_of_code"":244908,""line_coverage_pct"":72.8,""unit_tests"":13556}"
src_205B_timeseries,229,"{""project_key"":""aws_aws-sdk-java-v2"",""date"":""2026-02-18"",""issues"":3751,""technical_debt_days"":52.0292,""lines_of_code"":244917,""line_coverage_pct"":72.8,""unit_tests"":13557}"
src_205B_timeseries,230,"{""project_key"":""aws_aws-sdk-java-v2"",""date"":""2026-02-19"",""issues"":3751,""technical_debt_days"":52.0292,""lines_of_code"":244917,""line_coverage_pct"":72.8,""unit_tests"":13557}"
src_205B_timeseries,231,"{""project_key"":""aws_aws-sdk-java-v2"",""date"":""2026-02-20"",""issues"":3775,""technical_debt_days"":52.2333,""lines_of_code"":245079,""line_coverage_pct"":72.8,""unit_tests"":13612}"
src_205B_timeseries,232,"{""project_key"":""aws_aws-sdk-java-v2"",""date"":""2026-02-21"",""issues"":3775,""technical_debt_days"":52.2333,""lines_of_code"":245079,""line_coverage_pct"":72.8,""unit_tests"":13612}"
src_205B_timeseries,233,"{""project_key"":""aws_aws-sdk-java-v2"",""date"":""2026-02-22"",""issues"":3775,""technical_debt_days"":52.2333,""lines_of_code"":245079,""line_coverage_pct"":72.8,""unit_tests"":13612}"
src_205B_timeseries,234,"{""project_key"":""aws_aws-sdk-java-v2"",""date"":""2026-02-23"",""issues"":3775,""technical_debt_days"":52.2333,""lines_of_code"":245079,""line_coverage_pct"":72.8,""unit_tests"":13612}"
src_205B_timeseries,235,"{""project_key"":""aws_aws-sdk-java-v2"",""date"":""2026-02-24"",""issues"":3768,""technical_debt_days"":52.1771,""lines_of_code"":245132,""line_coverage_pct"":72.8,""unit_tests"":13612}"
src_205B_timeseries,236,"{""project_key"":""aws_aws-sdk-java-v2"",""date"":""2026-02-25"",""issues"":3768,""technical_debt_days"":52.1771,""lines_of_code"":245132,""line_coverage_pct"":72.8,""unit_tests"":13612}"
src_205B_timeseries,237,"{""project_key"":""aws_aws-sdk-java-v2"",""date"":""2026-02-26"",""issues"":3768,""technical_debt_days"":52.1771,""lines_of_code"":245132,""line_coverage_pct"":72.8,""unit_tests"":13612}"
src_205B_timeseries,238,"{""project_key"":""aws_aws-sdk-java-v2"",""date"":""2026-02-27"",""issues"":3768,""technical_debt_days"":52.1771,""lines_of_code"":245132,""line_coverage_pct"":72.8,""unit_tests"":13612}"
src_205B_timeseries,239,"{""project_key"":""aws_aws-sdk-java-v2"",""date"":""2026-02-28"",""issues"":3768,""technical_debt_days"":52.1771,""lines_of_code"":245132,""line_coverage_pct"":72.8,""unit_tests"":13612}"
src_205B_timeseries,240,"{""project_key"":""aws_aws-sdk-java-v2"",""date"":""2026-03-01"",""issues"":3768,""technical_debt_days"":52.1771,""lines_of_code"":245132,""line_coverage_pct"":72.8,""unit_tests"":13612}"
src_205B_timeseries,241,"{""project_key"":""aws_aws-sdk-java-v2"",""date"":""2026-03-02"",""issues"":3768,""technical_debt_days"":52.1771,""lines_of_code"":245132,""line_coverage_pct"":72.8,""unit_tests"":13612}"
src_205B_timeseries,242,"{""project_key"":""aws_aws-sdk-java-v2"",""date"":""2026-03-03"",""issues"":3768,""technical_debt_days"":52.1771,""lines_of_code"":245132,""line_coverage_pct"":72.8,""unit_tests"":13612}"
src_205B_timeseries,243,"{""project_key"":""aws_aws-sdk-java-v2"",""date"":""2026-03-04"",""issues"":3778,""technical_debt_days"":52.4896,""lines_of_code"":245129,""line_coverage_pct"":72.8,""unit_tests"":13612}"
src_205B_timeseries,244,"{""project_key"":""aws_aws-sdk-java-v2"",""date"":""2026-03-05"",""issues"":3778,""technical_debt_days"":52.4896,""lines_of_code"":245141,""line_coverage_pct"":72.8,""unit_tests"":13612}"
src_205B_timeseries,245,"{""project_key"":""aws_aws-sdk-java-v2"",""date"":""2026-03-06"",""issues"":3781,""technical_debt_days"":52.5208,""lines_of_code"":245195,""line_coverage_pct"":72.8,""unit_tests"":13628}"
src_205B_timeseries,246,"{""project_key"":""aws_aws-sdk-java-v2"",""date"":""2026-03-07"",""issues"":3781,""technical_debt_days"":52.5208,""lines_of_code"":245195,""line_coverage_pct"":72.8,""unit_tests"":13628}"
src_205B_timeseries,247,"{""project_key"":""aws_aws-sdk-java-v2"",""date"":""2026-03-08"",""issues"":3781,""technical_debt_days"":52.5208,""lines_of_code"":245195,""line_coverage_pct"":72.8,""unit_tests"":13628}"
src_205B_timeseries,248,"{""project_key"":""aws_aws-sdk-java-v2"",""date"":""2026-03-09"",""issues"":3781,""technical_debt_days"":52.5208,""lines_of_code"":245195,""line_coverage_pct"":72.8,""unit_tests"":13628}"
src_205B_timeseries,249,"{""project_key"":""aws_aws-sdk-java-v2"",""date"":""2026-03-10"",""issues"":3779,""technical_debt_days"":52.5208,""lines_of_code"":245209,""line_coverage_pct"":72.8,""unit_tests"":13632}"
src_205B_timeseries,250,"{""project_key"":""aws_aws-sdk-java-v2"",""date"":""2026-03-11"",""issues"":3779,""technical_debt_days"":52.5208,""lines_of_code"":245235,""line_coverage_pct"":72.8,""unit_tests"":13632}"
src_205B_timeseries,251,"{""project_key"":""aws_aws-sdk-java-v2"",""date"":""2026-03-12"",""issues"":3782,""technical_debt_days"":52.5646,""lines_of_code"":245339,""line_coverage_pct"":72.8,""unit_tests"":13646}"
src_205B_timeseries,252,"{""project_key"":""aws_aws-sdk-java-v2"",""date"":""2026-03-13"",""issues"":3784,""technical_debt_days"":52.5854,""lines_of_code"":245377,""line_coverage_pct"":72.8,""unit_tests"":13682}"
src_205B_timeseries,253,"{""project_key"":""aws_aws-sdk-java-v2"",""date"":""2026-03-14"",""issues"":3784,""technical_debt_days"":52.5854,""lines_of_code"":245377,""line_coverage_pct"":72.8,""unit_tests"":13682}"
src_205B_timeseries,254,"{""project_key"":""aws_aws-sdk-java-v2"",""date"":""2026-03-15"",""issues"":3784,""technical_debt_days"":52.5854,""lines_of_code"":245377,""line_coverage_pct"":72.8,""unit_tests"":13682}"
src_205B_timeseries,255,"{""project_key"":""aws_aws-sdk-java-v2"",""date"":""2026-03-16"",""issues"":3784,""technical_debt_days"":52.5854,""lines_of_code"":245377,""line_coverage_pct"":72.8,""unit_tests"":13682}"
src_205B_timeseries,256,"{""project_key"":""aws_aws-sdk-java-v2"",""date"":""2026-03-17"",""issues"":3946,""technical_debt_days"":54.9062,""lines_of_code"":245377,""line_coverage_pct"":72.8,""unit_tests"":13682}"
src_205B_timeseries,257,"{""project_key"":""aws_aws-sdk-java-v2"",""date"":""2026-03-18"",""issues"":3955,""technical_debt_days"":54.9625,""lines_of_code"":245457,""line_coverage_pct"":72.9,""unit_tests"":13686}"
src_205B_timeseries,258,"{""project_key"":""aws_aws-sdk-java-v2"",""date"":""2026-03-19"",""issues"":3955,""technical_debt_days"":54.9625,""lines_of_code"":245457,""line_coverage_pct"":72.9,""unit_tests"":13686}"
src_205B_timeseries,259,"{""project_key"":""aws_aws-sdk-java-v2"",""date"":""2026-03-20"",""issues"":3955,""technical_debt_days"":54.9625,""lines_of_code"":245457,""line_coverage_pct"":72.9,""unit_tests"":13686}"
src_205B_timeseries,260,"{""project_key"":""aws_aws-sdk-java-v2"",""date"":""2026-03-21"",""issues"":3955,""technical_debt_days"":54.9625,""lines_of_code"":245457,""line_coverage_pct"":72.9,""unit_tests"":13686}"
src_205B_timeseries,261,"{""project_key"":""aws_aws-sdk-java-v2"",""date"":""2026-03-22"",""issues"":3970,""technical_debt_days"":55.1167,""lines_of_code"":245486,""line_coverage_pct"":72.9,""unit_tests"":13693}"
src_205B_timeseries,262,"{""project_key"":""aws_aws-sdk-java-v2"",""date"":""2026-03-23"",""issues"":3960,""technical_debt_days"":54.9917,""lines_of_code"":245515,""line_coverage_pct"":72.9,""unit_tests"":13693}"
src_205B_timeseries,263,"{""project_key"":""aws_aws-sdk-java-v2"",""date"":""2026-03-24"",""issues"":3960,""technical_debt_days"":54.9917,""lines_of_code"":245515,""line_coverage_pct"":72.9,""unit_tests"":13693}"
src_205B_timeseries,264,"{""project_key"":""aws_aws-sdk-java-v2"",""date"":""2026-03-25"",""issues"":3956,""technical_debt_days"":54.9937,""lines_of_code"":245463,""line_coverage_pct"":72.9,""unit_tests"":13691}"
src_205B_timeseries,265,"{""project_key"":""aws_aws-sdk-java-v2"",""date"":""2026-03-26"",""issues"":3945,""technical_debt_days"":54.8687,""lines_of_code"":245428,""line_coverage_pct"":72.9,""unit_tests"":13688}"
src_205B_timeseries,266,"{""project_key"":""aws_aws-sdk-java-v2"",""date"":""2026-03-27"",""issues"":3972,""technical_debt_days"":55.1604,""lines_of_code"":245673,""line_coverage_pct"":72.9,""unit_tests"":13711}"
src_205B_timeseries,267,"{""project_key"":""aws_aws-sdk-java-v2"",""date"":""2026-03-28"",""issues"":4015,""technical_debt_days"":55.8167,""lines_of_code"":248005,""line_coverage_pct"":72.5,""unit_tests"":13855}"
src_205B_timeseries,268,"{""project_key"":""aws_aws-sdk-java-v2"",""date"":""2026-03-29"",""issues"":4015,""technical_debt_days"":55.8167,""lines_of_code"":248005,""line_coverage_pct"":72.5,""unit_tests"":13855}"
src_205B_timeseries,269,"{""project_key"":""aws_aws-sdk-java-v2"",""date"":""2026-03-30"",""issues"":3974,""technical_debt_days"":55.1646,""lines_of_code"":245719,""line_coverage_pct"":72.9,""unit_tests"":13718}"
src_205B_timeseries,270,"{""project_key"":""aws_aws-sdk-java-v2"",""date"":""2026-03-31"",""issues"":3989,""technical_debt_days"":55.3021,""lines_of_code"":245959,""line_coverage_pct"":72.9,""unit_tests"":13729}"
src_205B_timeseries,271,"{""project_key"":""bcgov-sonarcloud_mds_core-web"",""date"":""2026-01-01"",""issues"":null,""technical_debt_days"":null,""lines_of_code"":null,""line_coverage_pct"":null,""unit_tests"":null}"
src_205B_timeseries,272,"{""project_key"":""bcgov-sonarcloud_mds_core-web"",""date"":""2026-01-02"",""issues"":null,""technical_debt_days"":null,""lines_of_code"":null,""line_coverage_pct"":null,""unit_tests"":null}"
src_205B_timeseries,273,"{""project_key"":""bcgov-sonarcloud_mds_core-web"",""date"":""2026-01-03"",""issues"":null,""technical_debt_days"":null,""lines_of_code"":null,""line_coverage_pct"":null,""unit_tests"":null}"
src_205B_timeseries,274,"{""project_key"":""bcgov-sonarcloud_mds_core-web"",""date"":""2026-01-04"",""issues"":null,""technical_debt_days"":null,""lines_of_code"":null,""line_coverage_pct"":null,""unit_tests"":null}"
src_205B_timeseries,275,"{""project_key"":""bcgov-sonarcloud_mds_core-web"",""date"":""2026-01-05"",""issues"":null,""technical_debt_days"":null,""lines_of_code"":null,""line_coverage_pct"":null,""unit_tests"":null}"
src_205B_timeseries,276,"{""project_key"":""bcgov-sonarcloud_mds_core-web"",""date"":""2026-01-06"",""issues"":null,""technical_debt_days"":null,""lines_of_code"":null,""line_coverage_pct"":null,""unit_tests"":null}"
src_205B_timeseries,277,"{""project_key"":""bcgov-sonarcloud_mds_core-web"",""date"":""2026-01-07"",""issues"":null,""technical_debt_days"":null,""lines_of_code"":null,""line_coverage_pct"":null,""unit_tests"":null}"
src_205B_timeseries,278,"{""project_key"":""bcgov-sonarcloud_mds_core-web"",""date"":""2026-01-08"",""issues"":null,""technical_debt_days"":null,""lines_of_code"":null,""line_coverage_pct"":null,""unit_tests"":null}"
src_205B_timeseries,279,"{""project_key"":""bcgov-sonarcloud_mds_core-web"",""date"":""2026-01-09"",""issues"":832,""technical_debt_days"":11.4417,""lines_of_code"":67267,""line_coverage_pct"":61.0,""unit_tests"":751}"
src_205B_timeseries,280,"{""project_key"":""bcgov-sonarcloud_mds_core-web"",""date"":""2026-01-10"",""issues"":832,""technical_debt_days"":11.4417,""lines_of_code"":67267,""line_coverage_pct"":61.0,""unit_tests"":751}"
src_205B_timeseries,281,"{""project_key"":""bcgov-sonarcloud_mds_core-web"",""date"":""2026-01-11"",""issues"":832,""technical_debt_days"":11.4417,""lines_of_code"":67267,""line_coverage_pct"":61.0,""unit_tests"":751}"
src_205B_timeseries,282,"{""project_key"":""bcgov-sonarcloud_mds_core-web"",""date"":""2026-01-12"",""issues"":832,""technical_debt_days"":11.4417,""lines_of_code"":67267,""line_coverage_pct"":61.0,""unit_tests"":751}"
src_205B_timeseries,283,"{""project_key"":""bcgov-sonarcloud_mds_core-web"",""date"":""2026-01-13"",""issues"":832,""technical_debt_days"":11.4417,""lines_of_code"":67267,""line_coverage_pct"":61.0,""unit_tests"":751}"
src_205B_timeseries,284,"{""project_key"":""bcgov-sonarcloud_mds_core-web"",""date"":""2026-01-14"",""issues"":832,""technical_debt_days"":11.4417,""lines_of_code"":67267,""line_coverage_pct"":61.0,""unit_tests"":751}"
src_205B_timeseries,285,"{""project_key"":""bcgov-sonarcloud_mds_core-web"",""date"":""2026-01-15"",""issues"":832,""technical_debt_days"":11.4417,""lines_of_code"":67267,""line_coverage_pct"":61.0,""unit_tests"":751}"
src_205B_timeseries,286,"{""project_key"":""bcgov-sonarcloud_mds_core-web"",""date"":""2026-01-16"",""issues"":832,""technical_debt_days"":11.4417,""lines_of_code"":67267,""line_coverage_pct"":61.0,""unit_tests"":751}"
src_205B_timeseries,287,"{""project_key"":""bcgov-sonarcloud_mds_core-web"",""date"":""2026-01-17"",""issues"":832,""technical_debt_days"":11.4417,""lines_of_code"":67267,""line_coverage_pct"":61.0,""unit_tests"":751}"
src_205B_timeseries,288,"{""project_key"":""bcgov-sonarcloud_mds_core-web"",""date"":""2026-01-18"",""issues"":832,""technical_debt_days"":11.4417,""lines_of_code"":67267,""line_coverage_pct"":61.0,""unit_tests"":751}"
src_205B_timeseries,289,"{""project_key"":""bcgov-sonarcloud_mds_core-web"",""date"":""2026-01-19"",""issues"":832,""technical_debt_days"":11.4417,""lines_of_code"":67267,""line_coverage_pct"":61.0,""unit_tests"":751}"
src_205B_timeseries,290,"{""project_key"":""bcgov-sonarcloud_mds_core-web"",""date"":""2026-01-20"",""issues"":832,""technical_debt_days"":11.4417,""lines_of_code"":67267,""line_coverage_pct"":61.0,""unit_tests"":751}"
src_205B_timeseries,291,"{""project_key"":""bcgov-sonarcloud_mds_core-web"",""date"":""2026-01-21"",""issues"":832,""technical_debt_days"":11.4417,""lines_of_code"":67267,""line_coverage_pct"":61.0,""unit_tests"":751}"
src_205B_timeseries,292,"{""project_key"":""bcgov-sonarcloud_mds_core-web"",""date"":""2026-01-22"",""issues"":832,""technical_debt_days"":11.4417,""lines_of_code"":67267,""line_coverage_pct"":61.0,""unit_tests"":751}"
src_205B_timeseries,293,"{""project_key"":""bcgov-sonarcloud_mds_core-web"",""date"":""2026-01-23"",""issues"":832,""technical_debt_days"":11.4417,""lines_of_code"":67267,""line_coverage_pct"":61.0,""unit_tests"":751}"
src_205B_timeseries,294,"{""project_key"":""bcgov-sonarcloud_mds_core-web"",""date"":""2026-01-24"",""issues"":832,""technical_debt_days"":11.4417,""lines_of_code"":67267,""line_coverage_pct"":61.0,""unit_tests"":751}"
src_205B_timeseries,295,"{""project_key"":""bcgov-sonarcloud_mds_core-web"",""date"":""2026-01-25"",""issues"":832,""technical_debt_days"":11.4417,""lines_of_code"":67267,""line_coverage_pct"":61.0,""unit_tests"":751}"
src_205B_timeseries,296,"{""project_key"":""bcgov-sonarcloud_mds_core-web"",""date"":""2026-01-26"",""issues"":832,""technical_debt_days"":11.4417,""lines_of_code"":67267,""line_coverage_pct"":61.0,""unit_tests"":751}"
src_205B_timeseries,297,"{""project_key"":""bcgov-sonarcloud_mds_core-web"",""date"":""2026-01-27"",""issues"":832,""technical_debt_days"":11.4417,""lines_of_code"":67267,""line_coverage_pct"":61.0,""unit_tests"":751}"
src_205B_timeseries,298,"{""project_key"":""bcgov-sonarcloud_mds_core-web"",""date"":""2026-01-28"",""issues"":832,""technical_debt_days"":11.4417,""lines_of_code"":67267,""line_coverage_pct"":61.0,""unit_tests"":751}"
src_205B_timeseries,299,"{""project_key"":""bcgov-sonarcloud_mds_core-web"",""date"":""2026-01-29"",""issues"":832,""technical_debt_days"":11.4417,""lines_of_code"":67267,""line_coverage_pct"":61.0,""unit_tests"":751}"
src_205B_timeseries,300,"{""project_key"":""bcgov-sonarcloud_mds_core-web"",""date"":""2026-01-30"",""issues"":832,""technical_debt_days"":11.4417,""lines_of_code"":67267,""line_coverage_pct"":61.0,""unit_tests"":751}"
src_205B_timeseries,301,"{""project_key"":""bcgov-sonarcloud_mds_core-web"",""date"":""2026-01-31"",""issues"":832,""technical_debt_days"":11.4417,""lines_of_code"":67267,""line_coverage_pct"":61.0,""unit_tests"":751}"
src_205B_timeseries,302,"{""project_key"":""bcgov-sonarcloud_mds_core-web"",""date"":""2026-02-01"",""issues"":832,""technical_debt_days"":11.4417,""lines_of_code"":67267,""line_coverage_pct"":61.0,""unit_tests"":751}"
src_205B_timeseries,303,"{""project_key"":""bcgov-sonarcloud_mds_core-web"",""date"":""2026-02-02"",""issues"":832,""technical_debt_days"":11.4417,""lines_of_code"":67267,""line_coverage_pct"":61.0,""unit_tests"":751}"
src_205B_timeseries,304,"{""project_key"":""bcgov-sonarcloud_mds_core-web"",""date"":""2026-02-03"",""issues"":832,""technical_debt_days"":11.4417,""lines_of_code"":67267,""line_coverage_pct"":61.0,""unit_tests"":751}"
src_205B_timeseries,305,"{""project_key"":""bcgov-sonarcloud_mds_core-web"",""date"":""2026-02-04"",""issues"":832,""technical_debt_days"":11.4417,""lines_of_code"":67267,""line_coverage_pct"":61.0,""unit_tests"":751}"
src_205B_timeseries,306,"{""project_key"":""bcgov-sonarcloud_mds_core-web"",""date"":""2026-02-05"",""issues"":857,""technical_debt_days"":11.625,""lines_of_code"":69745,""line_coverage_pct"":61.7,""unit_tests"":878}"
src_205B_timeseries,307,"{""project_key"":""bcgov-sonarcloud_mds_core-web"",""date"":""2026-02-06"",""issues"":857,""technical_debt_days"":11.625,""lines_of_code"":69745,""line_coverage_pct"":61.7,""unit_tests"":878}"
src_205B_timeseries,308,"{""project_key"":""bcgov-sonarcloud_mds_core-web"",""date"":""2026-02-07"",""issues"":857,""technical_debt_days"":11.625,""lines_of_code"":69745,""line_coverage_pct"":61.7,""unit_tests"":878}"
src_205B_timeseries,309,"{""project_key"":""bcgov-sonarcloud_mds_core-web"",""date"":""2026-02-08"",""issues"":857,""technical_debt_days"":11.625,""lines_of_code"":69745,""line_coverage_pct"":61.7,""unit_tests"":878}"
src_205B_timeseries,310,"{""project_key"":""bcgov-sonarcloud_mds_core-web"",""date"":""2026-02-09"",""issues"":857,""technical_debt_days"":11.625,""lines_of_code"":69745,""line_coverage_pct"":61.7,""unit_tests"":878}"
src_205B_timeseries,311,"{""project_key"":""bcgov-sonarcloud_mds_core-web"",""date"":""2026-02-10"",""issues"":857,""technical_debt_days"":11.625,""lines_of_code"":69745,""line_coverage_pct"":61.7,""unit_tests"":878}"
src_205B_timeseries,312,"{""project_key"":""bcgov-sonarcloud_mds_core-web"",""date"":""2026-02-11"",""issues"":857,""technical_debt_days"":11.625,""lines_of_code"":69745,""line_coverage_pct"":61.7,""unit_tests"":878}"
src_205B_timeseries,313,"{""project_key"":""bcgov-sonarcloud_mds_core-web"",""date"":""2026-02-12"",""issues"":857,""technical_debt_days"":11.625,""lines_of_code"":69745,""line_coverage_pct"":61.7,""unit_tests"":878}"
src_205B_timeseries,314,"{""project_key"":""bcgov-sonarcloud_mds_core-web"",""date"":""2026-02-13"",""issues"":857,""technical_debt_days"":11.625,""lines_of_code"":69745,""line_coverage_pct"":61.7,""unit_tests"":878}"
src_205B_timeseries,315,"{""project_key"":""bcgov-sonarcloud_mds_core-web"",""date"":""2026-02-14"",""issues"":857,""technical_debt_days"":11.625,""lines_of_code"":69745,""line_coverage_pct"":61.7,""unit_tests"":878}"
src_205B_timeseries,316,"{""project_key"":""bcgov-sonarcloud_mds_core-web"",""date"":""2026-02-15"",""issues"":857,""technical_debt_days"":11.625,""lines_of_code"":69745,""line_coverage_pct"":61.7,""unit_tests"":878}"
src_205B_timeseries,317,"{""project_key"":""bcgov-sonarcloud_mds_core-web"",""date"":""2026-02-16"",""issues"":857,""technical_debt_days"":11.625,""lines_of_code"":69745,""line_coverage_pct"":61.7,""unit_tests"":878}"
src_205B_timeseries,318,"{""project_key"":""bcgov-sonarcloud_mds_core-web"",""date"":""2026-02-17"",""issues"":857,""technical_debt_days"":11.625,""lines_of_code"":69745,""line_coverage_pct"":61.7,""unit_tests"":878}"
src_205B_timeseries,319,"{""project_key"":""bcgov-sonarcloud_mds_core-web"",""date"":""2026-02-18"",""issues"":857,""technical_debt_days"":11.625,""lines_of_code"":69745,""line_coverage_pct"":61.7,""unit_tests"":878}"
src_205B_timeseries,320,"{""project_key"":""bcgov-sonarcloud_mds_core-web"",""date"":""2026-02-19"",""issues"":857,""technical_debt_days"":11.625,""lines_of_code"":69745,""line_coverage_pct"":61.7,""unit_tests"":878}"
src_205B_timeseries,321,"{""project_key"":""bcgov-sonarcloud_mds_core-web"",""date"":""2026-02-20"",""issues"":857,""technical_debt_days"":11.625,""lines_of_code"":69745,""line_coverage_pct"":61.7,""unit_tests"":878}"
src_205B_timeseries,322,"{""project_key"":""bcgov-sonarcloud_mds_core-web"",""date"":""2026-02-21"",""issues"":857,""technical_debt_days"":11.625,""lines_of_code"":69745,""line_coverage_pct"":61.7,""unit_tests"":878}"
src_205B_timeseries,323,"{""project_key"":""bcgov-sonarcloud_mds_core-web"",""date"":""2026-02-22"",""issues"":857,""technical_debt_days"":11.625,""lines_of_code"":69745,""line_coverage_pct"":61.7,""unit_tests"":878}"
src_205B_timeseries,324,"{""project_key"":""bcgov-sonarcloud_mds_core-web"",""date"":""2026-02-23"",""issues"":857,""technical_debt_days"":11.625,""lines_of_code"":69745,""line_coverage_pct"":61.7,""unit_tests"":878}"
src_205B_timeseries,325,"{""project_key"":""bcgov-sonarcloud_mds_core-web"",""date"":""2026-02-24"",""issues"":857,""technical_debt_days"":11.625,""lines_of_code"":69745,""line_coverage_pct"":61.7,""unit_tests"":878}"
src_205B_timeseries,326,"{""project_key"":""bcgov-sonarcloud_mds_core-web"",""date"":""2026-02-25"",""issues"":857,""technical_debt_days"":11.625,""lines_of_code"":69745,""line_coverage_pct"":61.7,""unit_tests"":878}"
src_205B_timeseries,327,"{""project_key"":""bcgov-sonarcloud_mds_core-web"",""date"":""2026-02-26"",""issues"":857,""technical_debt_days"":11.625,""lines_of_code"":69745,""line_coverage_pct"":61.7,""unit_tests"":878}"
src_205B_timeseries,328,"{""project_key"":""bcgov-sonarcloud_mds_core-web"",""date"":""2026-02-27"",""issues"":857,""technical_debt_days"":11.625,""lines_of_code"":69745,""line_coverage_pct"":61.7,""unit_tests"":878}"
src_205B_timeseries,329,"{""project_key"":""bcgov-sonarcloud_mds_core-web"",""date"":""2026-02-28"",""issues"":857,""technical_debt_days"":11.625,""lines_of_code"":69745,""line_coverage_pct"":61.7,""unit_tests"":878}"
src_205B_timeseries,330,"{""project_key"":""bcgov-sonarcloud_mds_core-web"",""date"":""2026-03-01"",""issues"":857,""technical_debt_days"":11.625,""lines_of_code"":69745,""line_coverage_pct"":61.7,""unit_tests"":878}"
src_205B_timeseries,331,"{""project_key"":""bcgov-sonarcloud_mds_core-web"",""date"":""2026-03-02"",""issues"":857,""technical_debt_days"":11.625,""lines_of_code"":69745,""line_coverage_pct"":61.7,""unit_tests"":878}"
src_205B_timeseries,332,"{""project_key"":""bcgov-sonarcloud_mds_core-web"",""date"":""2026-03-03"",""issues"":857,""technical_debt_days"":11.625,""lines_of_code"":69745,""line_coverage_pct"":61.7,""unit_tests"":878}"
src_205B_timeseries,333,"{""project_key"":""bcgov-sonarcloud_mds_core-web"",""date"":""2026-03-04"",""issues"":857,""technical_debt_days"":11.625,""lines_of_code"":69745,""line_coverage_pct"":61.7,""unit_tests"":878}"
src_205B_timeseries,334,"{""project_key"":""bcgov-sonarcloud_mds_core-web"",""date"":""2026-03-05"",""issues"":862,""technical_debt_days"":11.6771,""lines_of_code"":69857,""line_coverage_pct"":61.7,""unit_tests"":882}"
src_205B_timeseries,335,"{""project_key"":""bcgov-sonarcloud_mds_core-web"",""date"":""2026-03-06"",""issues"":862,""technical_debt_days"":11.6771,""lines_of_code"":69857,""line_coverage_pct"":61.7,""unit_tests"":882}"
src_205B_timeseries,336,"{""project_key"":""bcgov-sonarcloud_mds_core-web"",""date"":""2026-03-07"",""issues"":862,""technical_debt_days"":11.6771,""lines_of_code"":69857,""line_coverage_pct"":61.7,""unit_tests"":882}"
src_205B_timeseries,337,"{""project_key"":""bcgov-sonarcloud_mds_core-web"",""date"":""2026-03-08"",""issues"":862,""technical_debt_days"":11.6771,""lines_of_code"":69857,""line_coverage_pct"":61.7,""unit_tests"":882}"
src_205B_timeseries,338,"{""project_key"":""bcgov-sonarcloud_mds_core-web"",""date"":""2026-03-09"",""issues"":862,""technical_debt_days"":11.6771,""lines_of_code"":69857,""line_coverage_pct"":61.7,""unit_tests"":882}"
src_205B_timeseries,339,"{""project_key"":""bcgov-sonarcloud_mds_core-web"",""date"":""2026-03-10"",""issues"":862,""technical_debt_days"":11.6771,""lines_of_code"":69857,""line_coverage_pct"":61.7,""unit_tests"":882}"
src_205B_timeseries,340,"{""project_key"":""bcgov-sonarcloud_mds_core-web"",""date"":""2026-03-11"",""issues"":862,""technical_debt_days"":11.6771,""lines_of_code"":69857,""line_coverage_pct"":61.7,""unit_tests"":882}"
src_205B_timeseries,341,"{""project_key"":""bcgov-sonarcloud_mds_core-web"",""date"":""2026-03-12"",""issues"":862,""technical_debt_days"":11.6771,""lines_of_code"":69857,""line_coverage_pct"":61.7,""unit_tests"":882}"
src_205B_timeseries,342,"{""project_key"":""bcgov-sonarcloud_mds_core-web"",""date"":""2026-03-13"",""issues"":862,""technical_debt_days"":11.6771,""lines_of_code"":69857,""line_coverage_pct"":61.7,""unit_tests"":882}"
src_205B_timeseries,343,"{""project_key"":""bcgov-sonarcloud_mds_core-web"",""date"":""2026-03-14"",""issues"":862,""technical_debt_days"":11.6771,""lines_of_code"":69857,""line_coverage_pct"":61.7,""unit_tests"":882}"
src_205B_timeseries,344,"{""project_key"":""bcgov-sonarcloud_mds_core-web"",""date"":""2026-03-15"",""issues"":862,""technical_debt_days"":11.6771,""lines_of_code"":69857,""line_coverage_pct"":61.7,""unit_tests"":882}"
src_205B_timeseries,345,"{""project_key"":""bcgov-sonarcloud_mds_core-web"",""date"":""2026-03-16"",""issues"":862,""technical_debt_days"":11.6771,""lines_of_code"":69857,""line_coverage_pct"":61.7,""unit_tests"":882}"
src_205B_timeseries,346,"{""project_key"":""bcgov-sonarcloud_mds_core-web"",""date"":""2026-03-17"",""issues"":862,""technical_debt_days"":11.6771,""lines_of_code"":69857,""line_coverage_pct"":61.7,""unit_tests"":882}"
src_205B_timeseries,347,"{""project_key"":""bcgov-sonarcloud_mds_core-web"",""date"":""2026-03-18"",""issues"":862,""technical_debt_days"":11.6771,""lines_of_code"":69857,""line_coverage_pct"":61.7,""unit_tests"":882}"
src_205B_timeseries,348,"{""project_key"":""bcgov-sonarcloud_mds_core-web"",""date"":""2026-03-19"",""issues"":862,""technical_debt_days"":11.6771,""lines_of_code"":69857,""line_coverage_pct"":61.7,""unit_tests"":882}"
src_205B_timeseries,349,"{""project_key"":""bcgov-sonarcloud_mds_core-web"",""date"":""2026-03-20"",""issues"":862,""technical_debt_days"":11.6771,""lines_of_code"":69857,""line_coverage_pct"":61.7,""unit_tests"":882}"
src_205B_timeseries,350,"{""project_key"":""bcgov-sonarcloud_mds_core-web"",""date"":""2026-03-21"",""issues"":862,""technical_debt_days"":11.6771,""lines_of_code"":69857,""line_coverage_pct"":61.7,""unit_tests"":882}"
src_205B_timeseries,351,"{""project_key"":""bcgov-sonarcloud_mds_core-web"",""date"":""2026-03-22"",""issues"":862,""technical_debt_days"":11.6771,""lines_of_code"":69857,""line_coverage_pct"":61.7,""unit_tests"":882}"
src_205B_timeseries,352,"{""project_key"":""bcgov-sonarcloud_mds_core-web"",""date"":""2026-03-23"",""issues"":862,""technical_debt_days"":11.6771,""lines_of_code"":69857,""line_coverage_pct"":61.7,""unit_tests"":882}"
src_205B_timeseries,353,"{""project_key"":""bcgov-sonarcloud_mds_core-web"",""date"":""2026-03-24"",""issues"":862,""technical_debt_days"":11.6771,""lines_of_code"":69857,""line_coverage_pct"":61.7,""unit_tests"":882}"
src_205B_timeseries,354,"{""project_key"":""bcgov-sonarcloud_mds_core-web"",""date"":""2026-03-25"",""issues"":862,""technical_debt_days"":11.6771,""lines_of_code"":69857,""line_coverage_pct"":61.7,""unit_tests"":882}"
src_205B_timeseries,355,"{""project_key"":""bcgov-sonarcloud_mds_core-web"",""date"":""2026-03-26"",""issues"":862,""technical_debt_days"":11.6771,""lines_of_code"":69857,""line_coverage_pct"":61.7,""unit_tests"":882}"
src_205B_timeseries,356,"{""project_key"":""bcgov-sonarcloud_mds_core-web"",""date"":""2026-03-27"",""issues"":862,""technical_debt_days"":11.6771,""lines_of_code"":69857,""line_coverage_pct"":61.7,""unit_tests"":882}"
src_205B_timeseries,357,"{""project_key"":""bcgov-sonarcloud_mds_core-web"",""date"":""2026-03-28"",""issues"":862,""technical_debt_days"":11.6771,""lines_of_code"":69857,""line_coverage_pct"":61.7,""unit_tests"":882}"
src_205B_timeseries,358,"{""project_key"":""bcgov-sonarcloud_mds_core-web"",""date"":""2026-03-29"",""issues"":862,""technical_debt_days"":11.6771,""lines_of_code"":69857,""line_coverage_pct"":61.7,""unit_tests"":882}"
src_205B_timeseries,359,"{""project_key"":""bcgov-sonarcloud_mds_core-web"",""date"":""2026-03-30"",""issues"":809,""technical_debt_days"":11.4,""lines_of_code"":70165,""line_coverage_pct"":61.8,""unit_tests"":890}"
src_205B_timeseries,360,"{""project_key"":""bcgov-sonarcloud_mds_core-web"",""date"":""2026-03-31"",""issues"":809,""technical_debt_days"":11.4,""lines_of_code"":70165,""line_coverage_pct"":61.8,""unit_tests"":890}"
src_205B_timeseries,361,"{""project_key"":""element-web"",""date"":""2026-01-01"",""issues"":null,""technical_debt_days"":null,""lines_of_code"":null,""line_coverage_pct"":null,""unit_tests"":null}"
src_205B_timeseries,362,"{""project_key"":""element-web"",""date"":""2026-01-02"",""issues"":null,""technical_debt_days"":null,""lines_of_code"":null,""line_coverage_pct"":null,""unit_tests"":null}"
src_205B_timeseries,363,"{""project_key"":""element-web"",""date"":""2026-01-03"",""issues"":null,""technical_debt_days"":null,""lines_of_code"":null,""line_coverage_pct"":null,""unit_tests"":null}"
src_205B_timeseries,364,"{""project_key"":""element-web"",""date"":""2026-01-04"",""issues"":null,""technical_debt_days"":null,""lines_of_code"":null,""line_coverage_pct"":null,""unit_tests"":null}"
src_205B_timeseries,365,"{""project_key"":""element-web"",""date"":""2026-01-05"",""issues"":null,""technical_debt_days"":null,""lines_of_code"":null,""line_coverage_pct"":null,""unit_tests"":null}"
src_205B_timeseries,366,"{""project_key"":""element-web"",""date"":""2026-01-06"",""issues"":null,""technical_debt_days"":null,""lines_of_code"":null,""line_coverage_pct"":null,""unit_tests"":null}"
src_205B_timeseries,367,"{""project_key"":""element-web"",""date"":""2026-01-07"",""issues"":null,""technical_debt_days"":null,""lines_of_code"":null,""line_coverage_pct"":null,""unit_tests"":null}"
src_205B_timeseries,368,"{""project_key"":""element-web"",""date"":""2026-01-08"",""issues"":null,""technical_debt_days"":null,""lines_of_code"":null,""line_coverage_pct"":null,""unit_tests"":null}"
src_205B_timeseries,369,"{""project_key"":""element-web"",""date"":""2026-01-09"",""issues"":null,""technical_debt_days"":null,""lines_of_code"":null,""line_coverage_pct"":null,""unit_tests"":null}"
src_205B_timeseries,370,"{""project_key"":""element-web"",""date"":""2026-01-10"",""issues"":null,""technical_debt_days"":null,""lines_of_code"":null,""line_coverage_pct"":null,""unit_tests"":null}"
src_205B_timeseries,371,"{""project_key"":""element-web"",""date"":""2026-01-11"",""issues"":null,""technical_debt_days"":null,""lines_of_code"":null,""line_coverage_pct"":null,""unit_tests"":null}"
src_205B_timeseries,372,"{""project_key"":""element-web"",""date"":""2026-01-12"",""issues"":null,""technical_debt_days"":null,""lines_of_code"":null,""line_coverage_pct"":null,""unit_tests"":null}"
src_205B_timeseries,373,"{""project_key"":""element-web"",""date"":""2026-01-13"",""issues"":null,""technical_debt_days"":null,""lines_of_code"":null,""line_coverage_pct"":null,""unit_tests"":null}"
src_205B_timeseries,374,"{""project_key"":""element-web"",""date"":""2026-01-14"",""issues"":null,""technical_debt_days"":null,""lines_of_code"":null,""line_coverage_pct"":null,""unit_tests"":null}"
src_205B_timeseries,375,"{""project_key"":""element-web"",""date"":""2026-01-15"",""issues"":null,""technical_debt_days"":null,""lines_of_code"":null,""line_coverage_pct"":null,""unit_tests"":null}"
src_205B_timeseries,376,"{""project_key"":""element-web"",""date"":""2026-01-16"",""issues"":null,""technical_debt_days"":null,""lines_of_code"":null,""line_coverage_pct"":null,""unit_tests"":null}"
src_205B_timeseries,377,"{""project_key"":""element-web"",""date"":""2026-01-17"",""issues"":null,""technical_debt_days"":null,""lines_of_code"":null,""line_coverage_pct"":null,""unit_tests"":null}"
src_205B_timeseries,378,"{""project_key"":""element-web"",""date"":""2026-01-18"",""issues"":null,""technical_debt_days"":null,""lines_of_code"":null,""line_coverage_pct"":null,""unit_tests"":null}"
src_205B_timeseries,379,"{""project_key"":""element-web"",""date"":""2026-01-19"",""issues"":null,""technical_debt_days"":null,""lines_of_code"":null,""line_coverage_pct"":null,""unit_tests"":null}"
src_205B_timeseries,380,"{""project_key"":""element-web"",""date"":""2026-01-20"",""issues"":null,""technical_debt_days"":null,""lines_of_code"":null,""line_coverage_pct"":null,""unit_tests"":null}"
src_205B_timeseries,381,"{""project_key"":""element-web"",""date"":""2026-01-21"",""issues"":null,""technical_debt_days"":null,""lines_of_code"":null,""line_coverage_pct"":null,""unit_tests"":null}"
src_205B_timeseries,382,"{""project_key"":""element-web"",""date"":""2026-01-22"",""issues"":null,""technical_debt_days"":null,""lines_of_code"":null,""line_coverage_pct"":null,""unit_tests"":null}"
src_205B_timeseries,383,"{""project_key"":""element-web"",""date"":""2026-01-23"",""issues"":null,""technical_debt_days"":null,""lines_of_code"":null,""line_coverage_pct"":null,""unit_tests"":null}"
src_205B_timeseries,384,"{""project_key"":""element-web"",""date"":""2026-01-24"",""issues"":null,""technical_debt_days"":null,""lines_of_code"":null,""line_coverage_pct"":null,""unit_tests"":null}"
src_205B_timeseries,385,"{""project_key"":""element-web"",""date"":""2026-01-25"",""issues"":null,""technical_debt_days"":null,""lines_of_code"":null,""line_coverage_pct"":null,""unit_tests"":null}"
src_205B_timeseries,386,"{""project_key"":""element-web"",""date"":""2026-01-26"",""issues"":null,""technical_debt_days"":null,""lines_of_code"":null,""line_coverage_pct"":null,""unit_tests"":null}"
src_205B_timeseries,387,"{""project_key"":""element-web"",""date"":""2026-01-27"",""issues"":4736,""technical_debt_days"":41.1521,""lines_of_code"":307818,""line_coverage_pct"":70.3,""unit_tests"":155}"
src_205B_timeseries,388,"{""project_key"":""element-web"",""date"":""2026-01-28"",""issues"":4736,""technical_debt_days"":41.1521,""lines_of_code"":307818,""line_coverage_pct"":70.3,""unit_tests"":155}"
src_205B_timeseries,389,"{""project_key"":""element-web"",""date"":""2026-01-29"",""issues"":4736,""technical_debt_days"":41.1521,""lines_of_code"":307818,""line_coverage_pct"":70.3,""unit_tests"":155}"
src_205B_timeseries,390,"{""project_key"":""element-web"",""date"":""2026-01-30"",""issues"":4736,""technical_debt_days"":41.1521,""lines_of_code"":307818,""line_coverage_pct"":70.3,""unit_tests"":155}"
src_205B_timeseries,391,"{""project_key"":""element-web"",""date"":""2026-01-31"",""issues"":4736,""technical_debt_days"":41.1521,""lines_of_code"":307818,""line_coverage_pct"":70.3,""unit_tests"":155}"
src_205B_timeseries,392,"{""project_key"":""element-web"",""date"":""2026-02-01"",""issues"":4736,""technical_debt_days"":41.1521,""lines_of_code"":307818,""line_coverage_pct"":70.3,""unit_tests"":155}"
src_205B_timeseries,393,"{""project_key"":""element-web"",""date"":""2026-02-02"",""issues"":4736,""technical_debt_days"":41.1521,""lines_of_code"":307818,""line_coverage_pct"":70.3,""unit_tests"":155}"
src_205B_timeseries,394,"{""project_key"":""element-web"",""date"":""2026-02-03"",""issues"":4736,""technical_debt_days"":41.1521,""lines_of_code"":307818,""line_coverage_pct"":70.3,""unit_tests"":155}"
src_205B_timeseries,395,"{""project_key"":""element-web"",""date"":""2026-02-04"",""issues"":4736,""technical_debt_days"":41.1521,""lines_of_code"":307818,""line_coverage_pct"":70.3,""unit_tests"":155}"
src_205B_timeseries,396,"{""project_key"":""element-web"",""date"":""2026-02-05"",""issues"":4736,""technical_debt_days"":41.1521,""lines_of_code"":307818,""line_coverage_pct"":70.3,""unit_tests"":155}"
src_205B_timeseries,397,"{""project_key"":""element-web"",""date"":""2026-02-06"",""issues"":4736,""technical_debt_days"":41.1521,""lines_of_code"":307818,""line_coverage_pct"":70.3,""unit_tests"":155}"
src_205B_timeseries,398,"{""project_key"":""element-web"",""date"":""2026-02-07"",""issues"":4736,""technical_debt_days"":41.1521,""lines_of_code"":307818,""line_coverage_pct"":70.3,""unit_tests"":155}"
src_205B_timeseries,399,"{""project_key"":""element-web"",""date"":""2026-02-08"",""issues"":4736,""technical_debt_days"":41.1521,""lines_of_code"":307818,""line_coverage_pct"":70.3,""unit_tests"":155}"
src_205B_timeseries,400,"{""project_key"":""element-web"",""date"":""2026-02-09"",""issues"":4736,""technical_debt_days"":41.1521,""lines_of_code"":307818,""line_coverage_pct"":70.3,""unit_tests"":155}"
src_205B_timeseries,401,"{""project_key"":""element-web"",""date"":""2026-02-10"",""issues"":4725,""technical_debt_days"":40.1708,""lines_of_code"":309015,""line_coverage_pct"":70.5,""unit_tests"":289}"
src_205B_timeseries,402,"{""project_key"":""element-web"",""date"":""2026-02-11"",""issues"":4725,""technical_debt_days"":40.1708,""lines_of_code"":309015,""line_coverage_pct"":70.5,""unit_tests"":289}"
src_205B_timeseries,403,"{""project_key"":""element-web"",""date"":""2026-02-12"",""issues"":4725,""technical_debt_days"":40.1708,""lines_of_code"":309015,""line_coverage_pct"":70.5,""unit_tests"":289}"
src_205B_timeseries,404,"{""project_key"":""element-web"",""date"":""2026-02-13"",""issues"":4725,""technical_debt_days"":40.1708,""lines_of_code"":309015,""line_coverage_pct"":70.5,""unit_tests"":289}"
src_205B_timeseries,405,"{""project_key"":""element-web"",""date"":""2026-02-14"",""issues"":4725,""technical_debt_days"":40.1708,""lines_of_code"":309015,""line_coverage_pct"":70.5,""unit_tests"":289}"
src_205B_timeseries,406,"{""project_key"":""element-web"",""date"":""2026-02-15"",""issues"":4725,""technical_debt_days"":40.1708,""lines_of_code"":309015,""line_coverage_pct"":70.5,""unit_tests"":289}"
src_205B_timeseries,407,"{""project_key"":""element-web"",""date"":""2026-02-16"",""issues"":4725,""technical_debt_days"":40.1708,""lines_of_code"":309015,""line_coverage_pct"":70.5,""unit_tests"":289}"
src_205B_timeseries,408,"{""project_key"":""element-web"",""date"":""2026-02-17"",""issues"":101,""technical_debt_days"":0.3646,""lines_of_code"":154006,""line_coverage_pct"":70.6,""unit_tests"":305}"
src_205B_timeseries,409,"{""project_key"":""element-web"",""date"":""2026-02-18"",""issues"":101,""technical_debt_days"":0.3646,""lines_of_code"":154006,""line_coverage_pct"":70.6,""unit_tests"":305}"
src_205B_timeseries,410,"{""project_key"":""element-web"",""date"":""2026-02-19"",""issues"":101,""technical_debt_days"":0.3646,""lines_of_code"":154006,""line_coverage_pct"":70.6,""unit_tests"":305}"
src_205B_timeseries,411,"{""project_key"":""element-web"",""date"":""2026-02-20"",""issues"":101,""technical_debt_days"":0.3646,""lines_of_code"":154006,""line_coverage_pct"":70.6,""unit_tests"":305}"
src_205B_timeseries,412,"{""project_key"":""element-web"",""date"":""2026-02-21"",""issues"":101,""technical_debt_days"":0.3646,""lines_of_code"":154006,""line_coverage_pct"":70.6,""unit_tests"":305}"
src_205B_timeseries,413,"{""project_key"":""element-web"",""date"":""2026-02-22"",""issues"":101,""technical_debt_days"":0.3646,""lines_of_code"":154006,""line_coverage_pct"":70.6,""unit_tests"":305}"
src_205B_timeseries,414,"{""project_key"":""element-web"",""date"":""2026-02-23"",""issues"":101,""technical_debt_days"":0.3646,""lines_of_code"":154006,""line_coverage_pct"":70.6,""unit_tests"":305}"
src_205B_timeseries,415,"{""project_key"":""element-web"",""date"":""2026-02-24"",""issues"":4735,""technical_debt_days"":40.0187,""lines_of_code"":309035,""line_coverage_pct"":70.6,""unit_tests"":305}"
src_205B_timeseries,416,"{""project_key"":""element-web"",""date"":""2026-02-25"",""issues"":4740,""technical_debt_days"":39.9583,""lines_of_code"":309396,""line_coverage_pct"":70.8,""unit_tests"":338}"
src_205B_timeseries,417,"{""project_key"":""element-web"",""date"":""2026-02-26"",""issues"":4740,""technical_debt_days"":39.9583,""lines_of_code"":309396,""line_coverage_pct"":70.8,""unit_tests"":338}"
src_205B_timeseries,418,"{""project_key"":""element-web"",""date"":""2026-02-27"",""issues"":4740,""technical_debt_days"":39.9583,""lines_of_code"":309396,""line_coverage_pct"":70.8,""unit_tests"":338}"
src_205B_timeseries,419,"{""project_key"":""element-web"",""date"":""2026-02-28"",""issues"":4740,""technical_debt_days"":39.9583,""lines_of_code"":309396,""line_coverage_pct"":70.8,""unit_tests"":338}"
src_205B_timeseries,420,"{""project_key"":""element-web"",""date"":""2026-03-01"",""issues"":4740,""technical_debt_days"":39.9583,""lines_of_code"":309396,""line_coverage_pct"":70.8,""unit_tests"":338}"
src_205B_timeseries,421,"{""project_key"":""element-web"",""date"":""2026-03-02"",""issues"":4730,""technical_debt_days"":39.8229,""lines_of_code"":310234,""line_coverage_pct"":70.8,""unit_tests"":356}"
src_205B_timeseries,422,"{""project_key"":""element-web"",""date"":""2026-03-03"",""issues"":4730,""technical_debt_days"":39.8229,""lines_of_code"":310234,""line_coverage_pct"":70.8,""unit_tests"":356}"
src_205B_timeseries,423,"{""project_key"":""element-web"",""date"":""2026-03-04"",""issues"":4730,""technical_debt_days"":39.8229,""lines_of_code"":310234,""line_coverage_pct"":70.8,""unit_tests"":356}"
src_205B_timeseries,424,"{""project_key"":""element-web"",""date"":""2026-03-05"",""issues"":4730,""technical_debt_days"":39.8229,""lines_of_code"":310234,""line_coverage_pct"":70.8,""unit_tests"":356}"
src_205B_timeseries,425,"{""project_key"":""element-web"",""date"":""2026-03-06"",""issues"":4730,""technical_debt_days"":39.8229,""lines_of_code"":310234,""line_coverage_pct"":70.8,""unit_tests"":356}"
src_205B_timeseries,426,"{""project_key"":""element-web"",""date"":""2026-03-07"",""issues"":4730,""technical_debt_days"":39.8229,""lines_of_code"":310234,""line_coverage_pct"":70.8,""unit_tests"":356}"
src_205B_timeseries,427,"{""project_key"":""element-web"",""date"":""2026-03-08"",""issues"":4730,""technical_debt_days"":39.8229,""lines_of_code"":310234,""line_coverage_pct"":70.8,""unit_tests"":356}"
src_205B_timeseries,428,"{""project_key"":""element-web"",""date"":""2026-03-09"",""issues"":4730,""technical_debt_days"":39.8229,""lines_of_code"":310234,""line_coverage_pct"":70.8,""unit_tests"":356}"
src_205B_timeseries,429,"{""project_key"":""element-web"",""date"":""2026-03-10"",""issues"":4730,""technical_debt_days"":39.8229,""lines_of_code"":310234,""line_coverage_pct"":70.8,""unit_tests"":356}"
src_205B_timeseries,430,"{""project_key"":""element-web"",""date"":""2026-03-11"",""issues"":4730,""technical_debt_days"":39.8229,""lines_of_code"":310234,""line_coverage_pct"":70.8,""unit_tests"":356}"
src_205B_timeseries,431,"{""project_key"":""element-web"",""date"":""2026-03-12"",""issues"":4730,""technical_debt_days"":39.8229,""lines_of_code"":310234,""line_coverage_pct"":70.8,""unit_tests"":356}"
src_205B_timeseries,432,"{""project_key"":""element-web"",""date"":""2026-03-13"",""issues"":4730,""technical_debt_days"":39.8229,""lines_of_code"":310234,""line_coverage_pct"":70.8,""unit_tests"":356}"
src_205B_timeseries,433,"{""project_key"":""element-web"",""date"":""2026-03-14"",""issues"":4730,""technical_debt_days"":39.8229,""lines_of_code"":310234,""line_coverage_pct"":70.8,""unit_tests"":356}"
src_205B_timeseries,434,"{""project_key"":""element-web"",""date"":""2026-03-15"",""issues"":4730,""technical_debt_days"":39.8229,""lines_of_code"":310234,""line_coverage_pct"":70.8,""unit_tests"":356}"
src_205B_timeseries,435,"{""project_key"":""element-web"",""date"":""2026-03-16"",""issues"":4730,""technical_debt_days"":39.8229,""lines_of_code"":310234,""line_coverage_pct"":70.8,""unit_tests"":356}"
src_205B_timeseries,436,"{""project_key"":""element-web"",""date"":""2026-03-17"",""issues"":4730,""technical_debt_days"":39.8229,""lines_of_code"":310234,""line_coverage_pct"":70.8,""unit_tests"":356}"
src_205B_timeseries,437,"{""project_key"":""element-web"",""date"":""2026-03-18"",""issues"":4730,""technical_debt_days"":39.8229,""lines_of_code"":310234,""line_coverage_pct"":70.8,""unit_tests"":356}"
src_205B_timeseries,438,"{""project_key"":""element-web"",""date"":""2026-03-19"",""issues"":4730,""technical_debt_days"":39.8229,""lines_of_code"":310234,""line_coverage_pct"":70.8,""unit_tests"":356}"
src_205B_timeseries,439,"{""project_key"":""element-web"",""date"":""2026-03-20"",""issues"":4730,""technical_debt_days"":39.8229,""lines_of_code"":310234,""line_coverage_pct"":70.8,""unit_tests"":356}"
src_205B_timeseries,440,"{""project_key"":""element-web"",""date"":""2026-03-21"",""issues"":4730,""technical_debt_days"":39.8229,""lines_of_code"":310234,""line_coverage_pct"":70.8,""unit_tests"":356}"
src_205B_timeseries,441,"{""project_key"":""element-web"",""date"":""2026-03-22"",""issues"":4730,""technical_debt_days"":39.8229,""lines_of_code"":310234,""line_coverage_pct"":70.8,""unit_tests"":356}"
src_205B_timeseries,442,"{""project_key"":""element-web"",""date"":""2026-03-23"",""issues"":4730,""technical_debt_days"":39.8229,""lines_of_code"":310234,""line_coverage_pct"":70.8,""unit_tests"":356}"
src_205B_timeseries,443,"{""project_key"":""element-web"",""date"":""2026-03-24"",""issues"":4730,""technical_debt_days"":39.8229,""lines_of_code"":310234,""line_coverage_pct"":70.8,""unit_tests"":356}"
src_205B_timeseries,444,"{""project_key"":""element-web"",""date"":""2026-03-25"",""issues"":4730,""technical_debt_days"":39.8229,""lines_of_code"":310234,""line_coverage_pct"":70.8,""unit_tests"":356}"
src_205B_timeseries,445,"{""project_key"":""element-web"",""date"":""2026-03-26"",""issues"":4730,""technical_debt_days"":39.8229,""lines_of_code"":310234,""line_coverage_pct"":70.8,""unit_tests"":356}"
src_205B_timeseries,446,"{""project_key"":""element-web"",""date"":""2026-03-27"",""issues"":6353,""technical_debt_days"":49.6521,""lines_of_code"":467814,""line_coverage_pct"":70.2,""unit_tests"":534}"
src_205B_timeseries,447,"{""project_key"":""element-web"",""date"":""2026-03-28"",""issues"":6353,""technical_debt_days"":49.6521,""lines_of_code"":467814,""line_coverage_pct"":70.2,""unit_tests"":534}"
src_205B_timeseries,448,"{""project_key"":""element-web"",""date"":""2026-03-29"",""issues"":6353,""technical_debt_days"":49.6521,""lines_of_code"":467807,""line_coverage_pct"":70.2,""unit_tests"":534}"
src_205B_timeseries,449,"{""project_key"":""element-web"",""date"":""2026-03-30"",""issues"":6353,""technical_debt_days"":49.6521,""lines_of_code"":467807,""line_coverage_pct"":70.2,""unit_tests"":534}"
src_205B_timeseries,450,"{""project_key"":""element-web"",""date"":""2026-03-31"",""issues"":6353,""technical_debt_days"":49.6521,""lines_of_code"":467807,""line_coverage_pct"":70.2,""unit_tests"":534}"
src_205B_timeseries,451,"{""project_key"":""geoserver_geoserver-cloud"",""date"":""2026-01-01"",""issues"":null,""technical_debt_days"":null,""lines_of_code"":null,""line_coverage_pct"":null,""unit_tests"":null}"
src_205B_timeseries,452,"{""project_key"":""geoserver_geoserver-cloud"",""date"":""2026-01-02"",""issues"":null,""technical_debt_days"":null,""lines_of_code"":null,""line_coverage_pct"":null,""unit_tests"":null}"
src_205B_timeseries,453,"{""project_key"":""geoserver_geoserver-cloud"",""date"":""2026-01-03"",""issues"":null,""technical_debt_days"":null,""lines_of_code"":null,""line_coverage_pct"":null,""unit_tests"":null}"
src_205B_timeseries,454,"{""project_key"":""geoserver_geoserver-cloud"",""date"":""2026-01-04"",""issues"":null,""technical_debt_days"":null,""lines_of_code"":null,""line_coverage_pct"":null,""unit_tests"":null}"
src_205B_timeseries,455,"{""project_key"":""geoserver_geoserver-cloud"",""date"":""2026-01-05"",""issues"":null,""technical_debt_days"":null,""lines_of_code"":null,""line_coverage_pct"":null,""unit_tests"":null}"
src_205B_timeseries,456,"{""project_key"":""geoserver_geoserver-cloud"",""date"":""2026-01-06"",""issues"":null,""technical_debt_days"":null,""lines_of_code"":null,""line_coverage_pct"":null,""unit_tests"":null}"
src_205B_timeseries,457,"{""project_key"":""geoserver_geoserver-cloud"",""date"":""2026-01-07"",""issues"":null,""technical_debt_days"":null,""lines_of_code"":null,""line_coverage_pct"":null,""unit_tests"":null}"
src_205B_timeseries,458,"{""project_key"":""geoserver_geoserver-cloud"",""date"":""2026-01-08"",""issues"":null,""technical_debt_days"":null,""lines_of_code"":null,""line_coverage_pct"":null,""unit_tests"":null}"
src_205B_timeseries,459,"{""project_key"":""geoserver_geoserver-cloud"",""date"":""2026-01-09"",""issues"":null,""technical_debt_days"":null,""lines_of_code"":null,""line_coverage_pct"":null,""unit_tests"":null}"
src_205B_timeseries,460,"{""project_key"":""geoserver_geoserver-cloud"",""date"":""2026-01-10"",""issues"":null,""technical_debt_days"":null,""lines_of_code"":null,""line_coverage_pct"":null,""unit_tests"":null}"
src_205B_timeseries,461,"{""project_key"":""geoserver_geoserver-cloud"",""date"":""2026-01-11"",""issues"":null,""technical_debt_days"":null,""lines_of_code"":null,""line_coverage_pct"":null,""unit_tests"":null}"
src_205B_timeseries,462,"{""project_key"":""geoserver_geoserver-cloud"",""date"":""2026-01-12"",""issues"":null,""technical_debt_days"":null,""lines_of_code"":null,""line_coverage_pct"":null,""unit_tests"":null}"
src_205B_timeseries,463,"{""project_key"":""geoserver_geoserver-cloud"",""date"":""2026-01-13"",""issues"":null,""technical_debt_days"":null,""lines_of_code"":null,""line_coverage_pct"":null,""unit_tests"":null}"
src_205B_timeseries,464,"{""project_key"":""geoserver_geoserver-cloud"",""date"":""2026-01-14"",""issues"":null,""technical_debt_days"":null,""lines_of_code"":null,""line_coverage_pct"":null,""unit_tests"":null}"
src_205B_timeseries,465,"{""project_key"":""geoserver_geoserver-cloud"",""date"":""2026-01-15"",""issues"":null,""technical_debt_days"":null,""lines_of_code"":null,""line_coverage_pct"":null,""unit_tests"":null}"
src_205B_timeseries,466,"{""project_key"":""geoserver_geoserver-cloud"",""date"":""2026-01-16"",""issues"":null,""technical_debt_days"":null,""lines_of_code"":null,""line_coverage_pct"":null,""unit_tests"":null}"
src_205B_timeseries,467,"{""project_key"":""geoserver_geoserver-cloud"",""date"":""2026-01-17"",""issues"":null,""technical_debt_days"":null,""lines_of_code"":null,""line_coverage_pct"":null,""unit_tests"":null}"
src_205B_timeseries,468,"{""project_key"":""geoserver_geoserver-cloud"",""date"":""2026-01-18"",""issues"":null,""technical_debt_days"":null,""lines_of_code"":null,""line_coverage_pct"":null,""unit_tests"":null}"
src_205B_timeseries,469,"{""project_key"":""geoserver_geoserver-cloud"",""date"":""2026-01-19"",""issues"":null,""technical_debt_days"":null,""lines_of_code"":null,""line_coverage_pct"":null,""unit_tests"":null}"
src_205B_timeseries,470,"{""project_key"":""geoserver_geoserver-cloud"",""date"":""2026-01-20"",""issues"":null,""technical_debt_days"":null,""lines_of_code"":null,""line_coverage_pct"":null,""unit_tests"":null}"
src_205B_timeseries,471,"{""project_key"":""geoserver_geoserver-cloud"",""date"":""2026-01-21"",""issues"":null,""technical_debt_days"":null,""lines_of_code"":null,""line_coverage_pct"":null,""unit_tests"":null}"
src_205B_timeseries,472,"{""project_key"":""geoserver_geoserver-cloud"",""date"":""2026-01-22"",""issues"":null,""technical_debt_days"":null,""lines_of_code"":null,""line_coverage_pct"":null,""unit_tests"":null}"
src_205B_timeseries,473,"{""project_key"":""geoserver_geoserver-cloud"",""date"":""2026-01-23"",""issues"":null,""technical_debt_days"":null,""lines_of_code"":null,""line_coverage_pct"":null,""unit_tests"":null}"
src_205B_timeseries,474,"{""project_key"":""geoserver_geoserver-cloud"",""date"":""2026-01-24"",""issues"":null,""technical_debt_days"":null,""lines_of_code"":null,""line_coverage_pct"":null,""unit_tests"":null}"
src_205B_timeseries,475,"{""project_key"":""geoserver_geoserver-cloud"",""date"":""2026-01-25"",""issues"":null,""technical_debt_days"":null,""lines_of_code"":null,""line_coverage_pct"":null,""unit_tests"":null}"
src_205B_timeseries,476,"{""project_key"":""geoserver_geoserver-cloud"",""date"":""2026-01-26"",""issues"":null,""technical_debt_days"":null,""lines_of_code"":null,""line_coverage_pct"":null,""unit_tests"":null}"
src_205B_timeseries,477,"{""project_key"":""geoserver_geoserver-cloud"",""date"":""2026-01-27"",""issues"":null,""technical_debt_days"":null,""lines_of_code"":null,""line_coverage_pct"":null,""unit_tests"":null}"
src_205B_timeseries,478,"{""project_key"":""geoserver_geoserver-cloud"",""date"":""2026-01-28"",""issues"":1,""technical_debt_days"":0.0,""lines_of_code"":48214,""line_coverage_pct"":61.5,""unit_tests"":1930}"
src_205B_timeseries,479,"{""project_key"":""geoserver_geoserver-cloud"",""date"":""2026-01-29"",""issues"":1,""technical_debt_days"":0.0,""lines_of_code"":48214,""line_coverage_pct"":61.5,""unit_tests"":1930}"
src_205B_timeseries,480,"{""project_key"":""geoserver_geoserver-cloud"",""date"":""2026-01-30"",""issues"":1,""technical_debt_days"":0.0,""lines_of_code"":48214,""line_coverage_pct"":61.5,""unit_tests"":1930}"
src_205B_timeseries,481,"{""project_key"":""geoserver_geoserver-cloud"",""date"":""2026-01-31"",""issues"":1,""technical_debt_days"":0.0,""lines_of_code"":48214,""line_coverage_pct"":61.5,""unit_tests"":1930}"
src_205B_timeseries,482,"{""project_key"":""geoserver_geoserver-cloud"",""date"":""2026-02-01"",""issues"":1,""technical_debt_days"":0.0,""lines_of_code"":48214,""line_coverage_pct"":61.5,""unit_tests"":1930}"
src_205B_timeseries,483,"{""project_key"":""geoserver_geoserver-cloud"",""date"":""2026-02-02"",""issues"":1,""technical_debt_days"":0.0,""lines_of_code"":48214,""line_coverage_pct"":61.5,""unit_tests"":1930}"
src_205B_timeseries,484,"{""project_key"":""geoserver_geoserver-cloud"",""date"":""2026-02-03"",""issues"":1,""technical_debt_days"":0.0,""lines_of_code"":48214,""line_coverage_pct"":61.5,""unit_tests"":1930}"
src_205B_timeseries,485,"{""project_key"":""geoserver_geoserver-cloud"",""date"":""2026-02-04"",""issues"":1,""technical_debt_days"":0.0,""lines_of_code"":48214,""line_coverage_pct"":61.5,""unit_tests"":1930}"
src_205B_timeseries,486,"{""project_key"":""geoserver_geoserver-cloud"",""date"":""2026-02-05"",""issues"":1,""technical_debt_days"":0.0,""lines_of_code"":48214,""line_coverage_pct"":61.5,""unit_tests"":1930}"
src_205B_timeseries,487,"{""project_key"":""geoserver_geoserver-cloud"",""date"":""2026-02-06"",""issues"":1,""technical_debt_days"":0.0,""lines_of_code"":48214,""line_coverage_pct"":61.5,""unit_tests"":1930}"
src_205B_timeseries,488,"{""project_key"":""geoserver_geoserver-cloud"",""date"":""2026-02-07"",""issues"":1,""technical_debt_days"":0.0,""lines_of_code"":48214,""line_coverage_pct"":61.5,""unit_tests"":1930}"
src_205B_timeseries,489,"{""project_key"":""geoserver_geoserver-cloud"",""date"":""2026-02-08"",""issues"":1,""technical_debt_days"":0.0,""lines_of_code"":48214,""line_coverage_pct"":61.5,""unit_tests"":1930}"
src_205B_timeseries,490,"{""project_key"":""geoserver_geoserver-cloud"",""date"":""2026-02-09"",""issues"":1,""technical_debt_days"":0.0,""lines_of_code"":48214,""line_coverage_pct"":61.5,""unit_tests"":1930}"
src_205B_timeseries,491,"{""project_key"":""geoserver_geoserver-cloud"",""date"":""2026-02-10"",""issues"":1,""technical_debt_days"":0.0,""lines_of_code"":48214,""line_coverage_pct"":61.5,""unit_tests"":1930}"
src_205B_timeseries,492,"{""project_key"":""geoserver_geoserver-cloud"",""date"":""2026-02-11"",""issues"":1,""technical_debt_days"":0.0,""lines_of_code"":48214,""line_coverage_pct"":61.5,""unit_tests"":1930}"
src_205B_timeseries,493,"{""project_key"":""geoserver_geoserver-cloud"",""date"":""2026-02-12"",""issues"":1,""technical_debt_days"":0.0,""lines_of_code"":48214,""line_coverage_pct"":61.5,""unit_tests"":1930}"
src_205B_timeseries,494,"{""project_key"":""geoserver_geoserver-cloud"",""date"":""2026-02-13"",""issues"":1,""technical_debt_days"":0.0,""lines_of_code"":48214,""line_coverage_pct"":61.5,""unit_tests"":1930}"
src_205B_timeseries,495,"{""project_key"":""geoserver_geoserver-cloud"",""date"":""2026-02-14"",""issues"":1,""technical_debt_days"":0.0,""lines_of_code"":48214,""line_coverage_pct"":61.5,""unit_tests"":1930}"
src_205B_timeseries,496,"{""project_key"":""geoserver_geoserver-cloud"",""date"":""2026-02-15"",""issues"":1,""technical_debt_days"":0.0,""lines_of_code"":48214,""line_coverage_pct"":61.5,""unit_tests"":1930}"
src_205B_timeseries,497,"{""project_key"":""geoserver_geoserver-cloud"",""date"":""2026-02-16"",""issues"":1,""technical_debt_days"":0.0,""lines_of_code"":48214,""line_coverage_pct"":61.5,""unit_tests"":1930}"
src_205B_timeseries,498,"{""project_key"":""geoserver_geoserver-cloud"",""date"":""2026-02-17"",""issues"":1,""technical_debt_days"":0.0,""lines_of_code"":48214,""line_coverage_pct"":61.5,""unit_tests"":1930}"
src_205B_timeseries,499,"{""project_key"":""geoserver_geoserver-cloud"",""date"":""2026-02-18"",""issues"":1,""technical_debt_days"":0.0,""lines_of_code"":48214,""line_coverage_pct"":61.5,""unit_tests"":1930}"
src_205B_timeseries,500,"{""project_key"":""geoserver_geoserver-cloud"",""date"":""2026-02-19"",""issues"":1,""technical_debt_days"":0.0,""lines_of_code"":48214,""line_coverage_pct"":61.5,""unit_tests"":1930}"
src_205B_timeseries,501,"{""project_key"":""geoserver_geoserver-cloud"",""date"":""2026-02-20"",""issues"":1,""technical_debt_days"":0.0,""lines_of_code"":48214,""line_coverage_pct"":61.5,""unit_tests"":1930}"
src_205B_timeseries,502,"{""project_key"":""geoserver_geoserver-cloud"",""date"":""2026-02-21"",""issues"":1,""technical_debt_days"":0.0,""lines_of_code"":48214,""line_coverage_pct"":61.5,""unit_tests"":1930}"
src_205B_timeseries,503,"{""project_key"":""geoserver_geoserver-cloud"",""date"":""2026-02-22"",""issues"":1,""technical_debt_days"":0.0,""lines_of_code"":48214,""line_coverage_pct"":61.5,""unit_tests"":1930}"
src_205B_timeseries,504,"{""project_key"":""geoserver_geoserver-cloud"",""date"":""2026-02-23"",""issues"":1,""technical_debt_days"":0.0,""lines_of_code"":48214,""line_coverage_pct"":61.5,""unit_tests"":1930}"
src_205B_timeseries,505,"{""project_key"":""geoserver_geoserver-cloud"",""date"":""2026-02-24"",""issues"":1,""technical_debt_days"":0.0,""lines_of_code"":48214,""line_coverage_pct"":61.5,""unit_tests"":1930}"
src_205B_timeseries,506,"{""project_key"":""geoserver_geoserver-cloud"",""date"":""2026-02-25"",""issues"":1,""technical_debt_days"":0.0,""lines_of_code"":48214,""line_coverage_pct"":61.5,""unit_tests"":1930}"
src_205B_timeseries,507,"{""project_key"":""geoserver_geoserver-cloud"",""date"":""2026-02-26"",""issues"":1,""technical_debt_days"":0.0,""lines_of_code"":48214,""line_coverage_pct"":61.5,""unit_tests"":1930}"
src_205B_timeseries,508,"{""project_key"":""geoserver_geoserver-cloud"",""date"":""2026-02-27"",""issues"":2,""technical_debt_days"":0.0042,""lines_of_code"":46587,""line_coverage_pct"":62.2,""unit_tests"":1887}"
src_205B_timeseries,509,"{""project_key"":""geoserver_geoserver-cloud"",""date"":""2026-02-28"",""issues"":2,""technical_debt_days"":0.0042,""lines_of_code"":46587,""line_coverage_pct"":62.2,""unit_tests"":1887}"
src_205B_timeseries,510,"{""project_key"":""geoserver_geoserver-cloud"",""date"":""2026-03-01"",""issues"":2,""technical_debt_days"":0.0042,""lines_of_code"":46587,""line_coverage_pct"":62.2,""unit_tests"":1887}"
src_205B_timeseries,511,"{""project_key"":""geoserver_geoserver-cloud"",""date"":""2026-03-02"",""issues"":3,""technical_debt_days"":0.0083,""lines_of_code"":46632,""line_coverage_pct"":62.1,""unit_tests"":1938}"
src_205B_timeseries,512,"{""project_key"":""geoserver_geoserver-cloud"",""date"":""2026-03-03"",""issues"":3,""technical_debt_days"":0.0083,""lines_of_code"":46632,""line_coverage_pct"":62.1,""unit_tests"":1938}"
src_205B_timeseries,513,"{""project_key"":""geoserver_geoserver-cloud"",""date"":""2026-03-04"",""issues"":3,""technical_debt_days"":0.0083,""lines_of_code"":46632,""line_coverage_pct"":62.1,""unit_tests"":1938}"
src_205B_timeseries,514,"{""project_key"":""geoserver_geoserver-cloud"",""date"":""2026-03-05"",""issues"":3,""technical_debt_days"":0.0083,""lines_of_code"":46632,""line_coverage_pct"":62.1,""unit_tests"":1938}"
src_205B_timeseries,515,"{""project_key"":""geoserver_geoserver-cloud"",""date"":""2026-03-06"",""issues"":3,""technical_debt_days"":0.0083,""lines_of_code"":46632,""line_coverage_pct"":62.1,""unit_tests"":1938}"
src_205B_timeseries,516,"{""project_key"":""geoserver_geoserver-cloud"",""date"":""2026-03-07"",""issues"":3,""technical_debt_days"":0.0083,""lines_of_code"":46632,""line_coverage_pct"":62.1,""unit_tests"":1938}"
src_205B_timeseries,517,"{""project_key"":""geoserver_geoserver-cloud"",""date"":""2026-03-08"",""issues"":3,""technical_debt_days"":0.0083,""lines_of_code"":46632,""line_coverage_pct"":62.1,""unit_tests"":1938}"
src_205B_timeseries,518,"{""project_key"":""geoserver_geoserver-cloud"",""date"":""2026-03-09"",""issues"":3,""technical_debt_days"":0.0083,""lines_of_code"":46632,""line_coverage_pct"":62.1,""unit_tests"":1938}"
src_205B_timeseries,519,"{""project_key"":""geoserver_geoserver-cloud"",""date"":""2026-03-10"",""issues"":3,""technical_debt_days"":0.0083,""lines_of_code"":46632,""line_coverage_pct"":62.1,""unit_tests"":1938}"
src_205B_timeseries,520,"{""project_key"":""geoserver_geoserver-cloud"",""date"":""2026-03-11"",""issues"":3,""technical_debt_days"":0.0083,""lines_of_code"":46632,""line_coverage_pct"":62.1,""unit_tests"":1938}"
src_205B_timeseries,521,"{""project_key"":""geoserver_geoserver-cloud"",""date"":""2026-03-12"",""issues"":3,""technical_debt_days"":0.0083,""lines_of_code"":46632,""line_coverage_pct"":62.1,""unit_tests"":1938}"
src_205B_timeseries,522,"{""project_key"":""geoserver_geoserver-cloud"",""date"":""2026-03-13"",""issues"":3,""technical_debt_days"":0.0083,""lines_of_code"":46632,""line_coverage_pct"":62.1,""unit_tests"":1938}"
src_205B_timeseries,523,"{""project_key"":""geoserver_geoserver-cloud"",""date"":""2026-03-14"",""issues"":3,""technical_debt_days"":0.0083,""lines_of_code"":46632,""line_coverage_pct"":62.1,""unit_tests"":1938}"
src_205B_timeseries,524,"{""project_key"":""geoserver_geoserver-cloud"",""date"":""2026-03-15"",""issues"":3,""technical_debt_days"":0.0083,""lines_of_code"":46632,""line_coverage_pct"":62.1,""unit_tests"":1938}"
src_205B_timeseries,525,"{""project_key"":""geoserver_geoserver-cloud"",""date"":""2026-03-16"",""issues"":3,""technical_debt_days"":0.0083,""lines_of_code"":46632,""line_coverage_pct"":62.1,""unit_tests"":1938}"
src_205B_timeseries,526,"{""project_key"":""geoserver_geoserver-cloud"",""date"":""2026-03-17"",""issues"":3,""technical_debt_days"":0.0083,""lines_of_code"":46632,""line_coverage_pct"":62.1,""unit_tests"":1938}"
src_205B_timeseries,527,"{""project_key"":""geoserver_geoserver-cloud"",""date"":""2026-03-18"",""issues"":3,""technical_debt_days"":0.0083,""lines_of_code"":46632,""line_coverage_pct"":62.1,""unit_tests"":1938}"
src_205B_timeseries,528,"{""project_key"":""geoserver_geoserver-cloud"",""date"":""2026-03-19"",""issues"":3,""technical_debt_days"":0.0083,""lines_of_code"":46632,""line_coverage_pct"":62.1,""unit_tests"":1938}"
src_205B_timeseries,529,"{""project_key"":""geoserver_geoserver-cloud"",""date"":""2026-03-20"",""issues"":3,""technical_debt_days"":0.0083,""lines_of_code"":46632,""line_coverage_pct"":62.1,""unit_tests"":1938}"
src_205B_timeseries,530,"{""project_key"":""geoserver_geoserver-cloud"",""date"":""2026-03-21"",""issues"":3,""technical_debt_days"":0.0083,""lines_of_code"":46632,""line_coverage_pct"":62.1,""unit_tests"":1938}"
src_205B_timeseries,531,"{""project_key"":""geoserver_geoserver-cloud"",""date"":""2026-03-22"",""issues"":3,""technical_debt_days"":0.0083,""lines_of_code"":46632,""line_coverage_pct"":62.1,""unit_tests"":1938}"
src_205B_timeseries,532,"{""project_key"":""geoserver_geoserver-cloud"",""date"":""2026-03-23"",""issues"":3,""technical_debt_days"":0.0083,""lines_of_code"":46632,""line_coverage_pct"":62.1,""unit_tests"":1938}"
src_205B_timeseries,533,"{""project_key"":""geoserver_geoserver-cloud"",""date"":""2026-03-24"",""issues"":3,""technical_debt_days"":0.0083,""lines_of_code"":46632,""line_coverage_pct"":62.1,""unit_tests"":1938}"
src_205B_timeseries,534,"{""project_key"":""geoserver_geoserver-cloud"",""date"":""2026-03-25"",""issues"":3,""technical_debt_days"":0.0083,""lines_of_code"":46632,""line_coverage_pct"":62.1,""unit_tests"":1938}"
src_205B_timeseries,535,"{""project_key"":""geoserver_geoserver-cloud"",""date"":""2026-03-26"",""issues"":3,""technical_debt_days"":0.0083,""lines_of_code"":46632,""line_coverage_pct"":62.1,""unit_tests"":1938}"
src_205B_timeseries,536,"{""project_key"":""geoserver_geoserver-cloud"",""date"":""2026-03-27"",""issues"":3,""technical_debt_days"":0.0083,""lines_of_code"":46632,""line_coverage_pct"":62.1,""unit_tests"":1938}"
src_205B_timeseries,537,"{""project_key"":""geoserver_geoserver-cloud"",""date"":""2026-03-28"",""issues"":3,""technical_debt_days"":0.0083,""lines_of_code"":46632,""line_coverage_pct"":62.1,""unit_tests"":1938}"
src_205B_timeseries,538,"{""project_key"":""geoserver_geoserver-cloud"",""date"":""2026-03-29"",""issues"":3,""technical_debt_days"":0.0083,""lines_of_code"":46632,""line_coverage_pct"":62.1,""unit_tests"":1938}"
src_205B_timeseries,539,"{""project_key"":""geoserver_geoserver-cloud"",""date"":""2026-03-30"",""issues"":7,""technical_debt_days"":0.0229,""lines_of_code"":46209,""line_coverage_pct"":62.6,""unit_tests"":1946}"
src_205B_timeseries,540,"{""project_key"":""geoserver_geoserver-cloud"",""date"":""2026-03-31"",""issues"":7,""technical_debt_days"":0.0229,""lines_of_code"":46209,""line_coverage_pct"":62.6,""unit_tests"":1946}"
src_205B_timeseries,541,"{""project_key"":""googleapis_gapic-generator-java"",""date"":""2026-01-01"",""issues"":null,""technical_debt_days"":null,""lines_of_code"":null,""line_coverage_pct"":null,""unit_tests"":null}"
src_205B_timeseries,542,"{""project_key"":""googleapis_gapic-generator-java"",""date"":""2026-01-02"",""issues"":null,""technical_debt_days"":null,""lines_of_code"":null,""line_coverage_pct"":null,""unit_tests"":null}"
src_205B_timeseries,543,"{""project_key"":""googleapis_gapic-generator-java"",""date"":""2026-01-03"",""issues"":null,""technical_debt_days"":null,""lines_of_code"":null,""line_coverage_pct"":null,""unit_tests"":null}"
src_205B_timeseries,544,"{""project_key"":""googleapis_gapic-generator-java"",""date"":""2026-01-04"",""issues"":null,""technical_debt_days"":null,""lines_of_code"":null,""line_coverage_pct"":null,""unit_tests"":null}"
src_205B_timeseries,545,"{""project_key"":""googleapis_gapic-generator-java"",""date"":""2026-01-05"",""issues"":12074,""technical_debt_days"":164.5583,""lines_of_code"":389092,""line_coverage_pct"":19.2,""unit_tests"":2997}"
src_205B_timeseries,546,"{""project_key"":""googleapis_gapic-generator-java"",""date"":""2026-01-06"",""issues"":12074,""technical_debt_days"":164.5583,""lines_of_code"":389092,""line_coverage_pct"":19.2,""unit_tests"":2997}"
src_205B_timeseries,547,"{""project_key"":""googleapis_gapic-generator-java"",""date"":""2026-01-07"",""issues"":12074,""technical_debt_days"":164.5583,""lines_of_code"":389092,""line_coverage_pct"":19.2,""unit_tests"":2997}"
src_205B_timeseries,548,"{""project_key"":""googleapis_gapic-generator-java"",""date"":""2026-01-08"",""issues"":12074,""technical_debt_days"":164.5583,""lines_of_code"":389092,""line_coverage_pct"":19.2,""unit_tests"":2997}"
src_205B_timeseries,549,"{""project_key"":""googleapis_gapic-generator-java"",""date"":""2026-01-09"",""issues"":12074,""technical_debt_days"":164.5583,""lines_of_code"":389092,""line_coverage_pct"":19.2,""unit_tests"":2997}"
src_205B_timeseries,550,"{""project_key"":""googleapis_gapic-generator-java"",""date"":""2026-01-10"",""issues"":12074,""technical_debt_days"":164.5583,""lines_of_code"":389092,""line_coverage_pct"":19.2,""unit_tests"":2997}"
src_205B_timeseries,551,"{""project_key"":""googleapis_gapic-generator-java"",""date"":""2026-01-11"",""issues"":12074,""technical_debt_days"":164.5583,""lines_of_code"":389092,""line_coverage_pct"":19.2,""unit_tests"":2997}"
src_205B_timeseries,552,"{""project_key"":""googleapis_gapic-generator-java"",""date"":""2026-01-12"",""issues"":12074,""technical_debt_days"":164.5583,""lines_of_code"":389092,""line_coverage_pct"":19.2,""unit_tests"":2997}"
src_205B_timeseries,553,"{""project_key"":""googleapis_gapic-generator-java"",""date"":""2026-01-13"",""issues"":12074,""technical_debt_days"":164.5583,""lines_of_code"":389092,""line_coverage_pct"":19.2,""unit_tests"":2997}"
src_205B_timeseries,554,"{""project_key"":""googleapis_gapic-generator-java"",""date"":""2026-01-14"",""issues"":12074,""technical_debt_days"":164.5583,""lines_of_code"":389092,""line_coverage_pct"":19.2,""unit_tests"":2997}"
src_205B_timeseries,555,"{""project_key"":""googleapis_gapic-generator-java"",""date"":""2026-01-15"",""issues"":12074,""technical_debt_days"":164.5583,""lines_of_code"":389092,""line_coverage_pct"":19.2,""unit_tests"":2997}"
src_205B_timeseries,556,"{""project_key"":""googleapis_gapic-generator-java"",""date"":""2026-01-16"",""issues"":12074,""technical_debt_days"":164.5583,""lines_of_code"":389092,""line_coverage_pct"":19.2,""unit_tests"":2997}"
src_205B_timeseries,557,"{""project_key"":""googleapis_gapic-generator-java"",""date"":""2026-01-17"",""issues"":12074,""technical_debt_days"":164.5583,""lines_of_code"":389092,""line_coverage_pct"":19.2,""unit_tests"":2997}"
src_205B_timeseries,558,"{""project_key"":""googleapis_gapic-generator-java"",""date"":""2026-01-18"",""issues"":12074,""technical_debt_days"":164.5583,""lines_of_code"":389092,""line_coverage_pct"":19.2,""unit_tests"":2997}"
src_205B_timeseries,559,"{""project_key"":""googleapis_gapic-generator-java"",""date"":""2026-01-19"",""issues"":12074,""technical_debt_days"":164.5583,""lines_of_code"":389092,""line_coverage_pct"":19.2,""unit_tests"":2997}"
src_205B_timeseries,560,"{""project_key"":""googleapis_gapic-generator-java"",""date"":""2026-01-20"",""issues"":12074,""technical_debt_days"":164.5583,""lines_of_code"":389092,""line_coverage_pct"":19.2,""unit_tests"":2997}"
src_205B_timeseries,561,"{""project_key"":""googleapis_gapic-generator-java"",""date"":""2026-01-21"",""issues"":12074,""technical_debt_days"":164.5583,""lines_of_code"":389092,""line_coverage_pct"":19.2,""unit_tests"":2997}"
src_205B_timeseries,562,"{""project_key"":""googleapis_gapic-generator-java"",""date"":""2026-01-22"",""issues"":12074,""technical_debt_days"":164.5583,""lines_of_code"":389092,""line_coverage_pct"":19.2,""unit_tests"":2997}"
src_205B_timeseries,563,"{""project_key"":""googleapis_gapic-generator-java"",""date"":""2026-01-23"",""issues"":12074,""technical_debt_days"":164.5583,""lines_of_code"":389092,""line_coverage_pct"":19.2,""unit_tests"":2997}"
src_205B_timeseries,564,"{""project_key"":""googleapis_gapic-generator-java"",""date"":""2026-01-24"",""issues"":12074,""technical_debt_days"":164.5583,""lines_of_code"":389092,""line_coverage_pct"":19.2,""unit_tests"":2997}"
src_205B_timeseries,565,"{""project_key"":""googleapis_gapic-generator-java"",""date"":""2026-01-25"",""issues"":12074,""technical_debt_days"":164.5583,""lines_of_code"":389092,""line_coverage_pct"":19.2,""unit_tests"":2997}"
src_205B_timeseries,566,"{""project_key"":""googleapis_gapic-generator-java"",""date"":""2026-01-26"",""issues"":12074,""technical_debt_days"":164.5583,""lines_of_code"":389092,""line_coverage_pct"":19.2,""unit_tests"":2997}"
src_205B_timeseries,567,"{""project_key"":""googleapis_gapic-generator-java"",""date"":""2026-01-27"",""issues"":12074,""technical_debt_days"":164.5583,""lines_of_code"":389092,""line_coverage_pct"":19.2,""unit_tests"":2997}"
src_205B_timeseries,568,"{""project_key"":""googleapis_gapic-generator-java"",""date"":""2026-01-28"",""issues"":12074,""technical_debt_days"":164.5583,""lines_of_code"":389092,""line_coverage_pct"":19.2,""unit_tests"":2997}"
src_205B_timeseries,569,"{""project_key"":""googleapis_gapic-generator-java"",""date"":""2026-01-29"",""issues"":12074,""technical_debt_days"":164.5583,""lines_of_code"":389092,""line_coverage_pct"":19.2,""unit_tests"":2997}"
src_205B_timeseries,570,"{""project_key"":""googleapis_gapic-generator-java"",""date"":""2026-01-30"",""issues"":12074,""technical_debt_days"":164.5583,""lines_of_code"":389092,""line_coverage_pct"":19.2,""unit_tests"":2997}"
src_205B_timeseries,571,"{""project_key"":""googleapis_gapic-generator-java"",""date"":""2026-01-31"",""issues"":12074,""technical_debt_days"":164.5583,""lines_of_code"":389092,""line_coverage_pct"":19.2,""unit_tests"":2997}"
src_205B_timeseries,572,"{""project_key"":""googleapis_gapic-generator-java"",""date"":""2026-02-01"",""issues"":12074,""technical_debt_days"":164.5583,""lines_of_code"":389092,""line_coverage_pct"":19.2,""unit_tests"":2997}"
src_205B_timeseries,573,"{""project_key"":""googleapis_gapic-generator-java"",""date"":""2026-02-02"",""issues"":12074,""technical_debt_days"":164.5583,""lines_of_code"":389092,""line_coverage_pct"":19.2,""unit_tests"":2997}"
src_205B_timeseries,574,"{""project_key"":""googleapis_gapic-generator-java"",""date"":""2026-02-03"",""issues"":12074,""technical_debt_days"":164.5583,""lines_of_code"":389092,""line_coverage_pct"":19.2,""unit_tests"":2997}"
src_205B_timeseries,575,"{""project_key"":""googleapis_gapic-generator-java"",""date"":""2026-02-04"",""issues"":12436,""technical_debt_days"":149.5521,""lines_of_code"":379900,""line_coverage_pct"":19.2,""unit_tests"":3000}"
src_205B_timeseries,576,"{""project_key"":""googleapis_gapic-generator-java"",""date"":""2026-02-05"",""issues"":12436,""technical_debt_days"":149.5521,""lines_of_code"":379900,""line_coverage_pct"":19.2,""unit_tests"":3000}"
src_205B_timeseries,577,"{""project_key"":""googleapis_gapic-generator-java"",""date"":""2026-02-06"",""issues"":12436,""technical_debt_days"":149.5521,""lines_of_code"":379900,""line_coverage_pct"":19.2,""unit_tests"":3000}"
src_205B_timeseries,578,"{""project_key"":""googleapis_gapic-generator-java"",""date"":""2026-02-07"",""issues"":12436,""technical_debt_days"":149.5521,""lines_of_code"":379900,""line_coverage_pct"":19.2,""unit_tests"":3000}"
src_205B_timeseries,579,"{""project_key"":""googleapis_gapic-generator-java"",""date"":""2026-02-08"",""issues"":12436,""technical_debt_days"":149.5521,""lines_of_code"":379900,""line_coverage_pct"":19.2,""unit_tests"":3000}"
src_205B_timeseries,580,"{""project_key"":""googleapis_gapic-generator-java"",""date"":""2026-02-09"",""issues"":12436,""technical_debt_days"":149.5521,""lines_of_code"":379900,""line_coverage_pct"":19.2,""unit_tests"":3000}"
src_205B_timeseries,581,"{""project_key"":""googleapis_gapic-generator-java"",""date"":""2026-02-10"",""issues"":12436,""technical_debt_days"":149.5521,""lines_of_code"":379900,""line_coverage_pct"":19.2,""unit_tests"":3000}"
src_205B_timeseries,582,"{""project_key"":""googleapis_gapic-generator-java"",""date"":""2026-02-11"",""issues"":12436,""technical_debt_days"":149.5521,""lines_of_code"":379900,""line_coverage_pct"":19.2,""unit_tests"":3000}"
src_205B_timeseries,583,"{""project_key"":""googleapis_gapic-generator-java"",""date"":""2026-02-12"",""issues"":12436,""technical_debt_days"":149.5521,""lines_of_code"":379900,""line_coverage_pct"":19.2,""unit_tests"":3000}"
src_205B_timeseries,584,"{""project_key"":""googleapis_gapic-generator-java"",""date"":""2026-02-13"",""issues"":12436,""technical_debt_days"":149.5521,""lines_of_code"":379900,""line_coverage_pct"":19.2,""unit_tests"":3000}"
src_205B_timeseries,585,"{""project_key"":""googleapis_gapic-generator-java"",""date"":""2026-02-14"",""issues"":12436,""technical_debt_days"":149.5521,""lines_of_code"":379900,""line_coverage_pct"":19.2,""unit_tests"":3000}"
src_205B_timeseries,586,"{""project_key"":""googleapis_gapic-generator-java"",""date"":""2026-02-15"",""issues"":12436,""technical_debt_days"":149.5521,""lines_of_code"":379900,""line_coverage_pct"":19.2,""unit_tests"":3000}"
src_205B_timeseries,587,"{""project_key"":""googleapis_gapic-generator-java"",""date"":""2026-02-16"",""issues"":12436,""technical_debt_days"":149.5521,""lines_of_code"":379900,""line_coverage_pct"":19.2,""unit_tests"":3000}"
src_205B_timeseries,588,"{""project_key"":""googleapis_gapic-generator-java"",""date"":""2026-02-17"",""issues"":12436,""technical_debt_days"":149.5521,""lines_of_code"":379900,""line_coverage_pct"":19.2,""unit_tests"":3000}"
src_205B_timeseries,589,"{""project_key"":""googleapis_gapic-generator-java"",""date"":""2026-02-18"",""issues"":12436,""technical_debt_days"":149.5521,""lines_of_code"":379900,""line_coverage_pct"":19.2,""unit_tests"":3000}"
src_205B_timeseries,590,"{""project_key"":""googleapis_gapic-generator-java"",""date"":""2026-02-19"",""issues"":12436,""technical_debt_days"":149.5521,""lines_of_code"":379900,""line_coverage_pct"":19.2,""unit_tests"":3000}"
src_205B_timeseries,591,"{""project_key"":""googleapis_gapic-generator-java"",""date"":""2026-02-20"",""issues"":12436,""technical_debt_days"":149.5521,""lines_of_code"":379900,""line_coverage_pct"":19.2,""unit_tests"":3000}"
src_205B_timeseries,592,"{""project_key"":""googleapis_gapic-generator-java"",""date"":""2026-02-21"",""issues"":12436,""technical_debt_days"":149.5521,""lines_of_code"":379900,""line_coverage_pct"":19.2,""unit_tests"":3000}"
src_205B_timeseries,593,"{""project_key"":""googleapis_gapic-generator-java"",""date"":""2026-02-22"",""issues"":12436,""technical_debt_days"":149.5521,""lines_of_code"":379900,""line_coverage_pct"":19.2,""unit_tests"":3000}"
src_205B_timeseries,594,"{""project_key"":""googleapis_gapic-generator-java"",""date"":""2026-02-23"",""issues"":12436,""technical_debt_days"":149.5521,""lines_of_code"":379900,""line_coverage_pct"":19.2,""unit_tests"":3000}"
src_205B_timeseries,595,"{""project_key"":""googleapis_gapic-generator-java"",""date"":""2026-02-24"",""issues"":12436,""technical_debt_days"":149.5521,""lines_of_code"":379900,""line_coverage_pct"":19.2,""unit_tests"":3000}"
src_205B_timeseries,596,"{""project_key"":""googleapis_gapic-generator-java"",""date"":""2026-02-25"",""issues"":12436,""technical_debt_days"":149.5521,""lines_of_code"":379900,""line_coverage_pct"":19.2,""unit_tests"":3000}"
src_205B_timeseries,597,"{""project_key"":""googleapis_gapic-generator-java"",""date"":""2026-02-26"",""issues"":12436,""technical_debt_days"":149.5521,""lines_of_code"":379900,""line_coverage_pct"":19.2,""unit_tests"":3000}"
src_205B_timeseries,598,"{""project_key"":""googleapis_gapic-generator-java"",""date"":""2026-02-27"",""issues"":12436,""technical_debt_days"":149.5521,""lines_of_code"":379900,""line_coverage_pct"":19.2,""unit_tests"":3000}"
src_205B_timeseries,599,"{""project_key"":""googleapis_gapic-generator-java"",""date"":""2026-02-28"",""issues"":12436,""technical_debt_days"":149.5521,""lines_of_code"":379900,""line_coverage_pct"":19.2,""unit_tests"":3000}"
src_205B_timeseries,600,"{""project_key"":""googleapis_gapic-generator-java"",""date"":""2026-03-01"",""issues"":12436,""technical_debt_days"":149.5521,""lines_of_code"":379900,""line_coverage_pct"":19.2,""unit_tests"":3000}"
src_205B_timeseries,601,"{""project_key"":""googleapis_gapic-generator-java"",""date"":""2026-03-02"",""issues"":12437,""technical_debt_days"":149.425,""lines_of_code"":380251,""line_coverage_pct"":19.3,""unit_tests"":3017}"
src_205B_timeseries,602,"{""project_key"":""googleapis_gapic-generator-java"",""date"":""2026-03-03"",""issues"":12437,""technical_debt_days"":149.425,""lines_of_code"":380251,""line_coverage_pct"":19.3,""unit_tests"":3017}"
src_205B_timeseries,603,"{""project_key"":""googleapis_gapic-generator-java"",""date"":""2026-03-04"",""issues"":12437,""technical_debt_days"":149.425,""lines_of_code"":380251,""line_coverage_pct"":19.3,""unit_tests"":3017}"
src_205B_timeseries,604,"{""project_key"":""googleapis_gapic-generator-java"",""date"":""2026-03-05"",""issues"":12437,""technical_debt_days"":149.425,""lines_of_code"":380251,""line_coverage_pct"":19.3,""unit_tests"":3017}"
src_205B_timeseries,605,"{""project_key"":""googleapis_gapic-generator-java"",""date"":""2026-03-06"",""issues"":12437,""technical_debt_days"":149.425,""lines_of_code"":380251,""line_coverage_pct"":19.3,""unit_tests"":3017}"
src_205B_timeseries,606,"{""project_key"":""googleapis_gapic-generator-java"",""date"":""2026-03-07"",""issues"":12437,""technical_debt_days"":149.425,""lines_of_code"":380251,""line_coverage_pct"":19.3,""unit_tests"":3017}"
src_205B_timeseries,607,"{""project_key"":""googleapis_gapic-generator-java"",""date"":""2026-03-08"",""issues"":12437,""technical_debt_days"":149.425,""lines_of_code"":380251,""line_coverage_pct"":19.3,""unit_tests"":3017}"
src_205B_timeseries,608,"{""project_key"":""googleapis_gapic-generator-java"",""date"":""2026-03-09"",""issues"":12437,""technical_debt_days"":149.425,""lines_of_code"":380251,""line_coverage_pct"":19.3,""unit_tests"":3017}"
src_205B_timeseries,609,"{""project_key"":""googleapis_gapic-generator-java"",""date"":""2026-03-10"",""issues"":12437,""technical_debt_days"":149.425,""lines_of_code"":380251,""line_coverage_pct"":19.3,""unit_tests"":3017}"
src_205B_timeseries,610,"{""project_key"":""googleapis_gapic-generator-java"",""date"":""2026-03-11"",""issues"":12440,""technical_debt_days"":149.4521,""lines_of_code"":380602,""line_coverage_pct"":19.4,""unit_tests"":3082}"
src_205B_timeseries,611,"{""project_key"":""googleapis_gapic-generator-java"",""date"":""2026-03-12"",""issues"":12440,""technical_debt_days"":149.4521,""lines_of_code"":380602,""line_coverage_pct"":19.4,""unit_tests"":3082}"
src_205B_timeseries,612,"{""project_key"":""googleapis_gapic-generator-java"",""date"":""2026-03-13"",""issues"":12440,""technical_debt_days"":149.4521,""lines_of_code"":380602,""line_coverage_pct"":19.4,""unit_tests"":3082}"
src_205B_timeseries,613,"{""project_key"":""googleapis_gapic-generator-java"",""date"":""2026-03-14"",""issues"":12440,""technical_debt_days"":149.4521,""lines_of_code"":380602,""line_coverage_pct"":19.4,""unit_tests"":3082}"
src_205B_timeseries,614,"{""project_key"":""googleapis_gapic-generator-java"",""date"":""2026-03-15"",""issues"":12440,""technical_debt_days"":149.4521,""lines_of_code"":380602,""line_coverage_pct"":19.4,""unit_tests"":3082}"
src_205B_timeseries,615,"{""project_key"":""googleapis_gapic-generator-java"",""date"":""2026-03-16"",""issues"":12340,""technical_debt_days"":147.3833,""lines_of_code"":380679,""line_coverage_pct"":19.4,""unit_tests"":3090}"
src_205B_timeseries,616,"{""project_key"":""googleapis_gapic-generator-java"",""date"":""2026-03-17"",""issues"":12340,""technical_debt_days"":147.3833,""lines_of_code"":380679,""line_coverage_pct"":19.4,""unit_tests"":3090}"
src_205B_timeseries,617,"{""project_key"":""googleapis_gapic-generator-java"",""date"":""2026-03-18"",""issues"":12340,""technical_debt_days"":147.3833,""lines_of_code"":380679,""line_coverage_pct"":19.4,""unit_tests"":3090}"
src_205B_timeseries,618,"{""project_key"":""googleapis_gapic-generator-java"",""date"":""2026-03-19"",""issues"":12340,""technical_debt_days"":147.3833,""lines_of_code"":380679,""line_coverage_pct"":19.4,""unit_tests"":3090}"
src_205B_timeseries,619,"{""project_key"":""googleapis_gapic-generator-java"",""date"":""2026-03-20"",""issues"":12340,""technical_debt_days"":147.3833,""lines_of_code"":380679,""line_coverage_pct"":19.4,""unit_tests"":3090}"
src_205B_timeseries,620,"{""project_key"":""googleapis_gapic-generator-java"",""date"":""2026-03-21"",""issues"":12348,""technical_debt_days"":147.5,""lines_of_code"":381104,""line_coverage_pct"":19.4,""unit_tests"":3115}"
src_205B_timeseries,621,"{""project_key"":""googleapis_gapic-generator-java"",""date"":""2026-03-22"",""issues"":12348,""technical_debt_days"":147.5,""lines_of_code"":381104,""line_coverage_pct"":19.4,""unit_tests"":3115}"
src_205B_timeseries,622,"{""project_key"":""googleapis_gapic-generator-java"",""date"":""2026-03-23"",""issues"":12348,""technical_debt_days"":147.5062,""lines_of_code"":381312,""line_coverage_pct"":19.5,""unit_tests"":3125}"
src_205B_timeseries,623,"{""project_key"":""googleapis_gapic-generator-java"",""date"":""2026-03-24"",""issues"":12348,""technical_debt_days"":147.5062,""lines_of_code"":381312,""line_coverage_pct"":19.5,""unit_tests"":3125}"
src_205B_timeseries,624,"{""project_key"":""googleapis_gapic-generator-java"",""date"":""2026-03-25"",""issues"":12348,""technical_debt_days"":147.5062,""lines_of_code"":381312,""line_coverage_pct"":19.5,""unit_tests"":3125}"
src_205B_timeseries,625,"{""project_key"":""googleapis_gapic-generator-java"",""date"":""2026-03-26"",""issues"":12348,""technical_debt_days"":147.5062,""lines_of_code"":381312,""line_coverage_pct"":19.5,""unit_tests"":3125}"
src_205B_timeseries,626,"{""project_key"":""googleapis_gapic-generator-java"",""date"":""2026-03-27"",""issues"":12348,""technical_debt_days"":147.5062,""lines_of_code"":381312,""line_coverage_pct"":19.5,""unit_tests"":3125}"
src_205B_timeseries,627,"{""project_key"":""googleapis_gapic-generator-java"",""date"":""2026-03-28"",""issues"":12348,""technical_debt_days"":147.5062,""lines_of_code"":381312,""line_coverage_pct"":19.5,""unit_tests"":3125}"
src_205B_timeseries,628,"{""project_key"":""googleapis_gapic-generator-java"",""date"":""2026-03-29"",""issues"":12348,""technical_debt_days"":147.5062,""lines_of_code"":381312,""line_coverage_pct"":19.5,""unit_tests"":3125}"
src_205B_timeseries,629,"{""project_key"":""googleapis_gapic-generator-java"",""date"":""2026-03-30"",""issues"":12348,""technical_debt_days"":147.5062,""lines_of_code"":381312,""line_coverage_pct"":19.5,""unit_tests"":3125}"
src_205B_timeseries,630,"{""project_key"":""googleapis_gapic-generator-java"",""date"":""2026-03-31"",""issues"":12348,""technical_debt_days"":147.5062,""lines_of_code"":381312,""line_coverage_pct"":19.5,""unit_tests"":3125}"
src_205B_timeseries,631,"{""project_key"":""indigo-iam_iam"",""date"":""2026-01-01"",""issues"":null,""technical_debt_days"":null,""lines_of_code"":null,""line_coverage_pct"":null,""unit_tests"":null}"
src_205B_timeseries,632,"{""project_key"":""indigo-iam_iam"",""date"":""2026-01-02"",""issues"":null,""technical_debt_days"":null,""lines_of_code"":null,""line_coverage_pct"":null,""unit_tests"":null}"
src_205B_timeseries,633,"{""project_key"":""indigo-iam_iam"",""date"":""2026-01-03"",""issues"":null,""technical_debt_days"":null,""lines_of_code"":null,""line_coverage_pct"":null,""unit_tests"":null}"
src_205B_timeseries,634,"{""project_key"":""indigo-iam_iam"",""date"":""2026-01-04"",""issues"":null,""technical_debt_days"":null,""lines_of_code"":null,""line_coverage_pct"":null,""unit_tests"":null}"
src_205B_timeseries,635,"{""project_key"":""indigo-iam_iam"",""date"":""2026-01-05"",""issues"":null,""technical_debt_days"":null,""lines_of_code"":null,""line_coverage_pct"":null,""unit_tests"":null}"
src_205B_timeseries,636,"{""project_key"":""indigo-iam_iam"",""date"":""2026-01-06"",""issues"":null,""technical_debt_days"":null,""lines_of_code"":null,""line_coverage_pct"":null,""unit_tests"":null}"
src_205B_timeseries,637,"{""project_key"":""indigo-iam_iam"",""date"":""2026-01-07"",""issues"":null,""technical_debt_days"":null,""lines_of_code"":null,""line_coverage_pct"":null,""unit_tests"":null}"
src_205B_timeseries,638,"{""project_key"":""indigo-iam_iam"",""date"":""2026-01-08"",""issues"":null,""technical_debt_days"":null,""lines_of_code"":null,""line_coverage_pct"":null,""unit_tests"":null}"
src_205B_timeseries,639,"{""project_key"":""indigo-iam_iam"",""date"":""2026-01-09"",""issues"":null,""technical_debt_days"":null,""lines_of_code"":null,""line_coverage_pct"":null,""unit_tests"":null}"
src_205B_timeseries,640,"{""project_key"":""indigo-iam_iam"",""date"":""2026-01-10"",""issues"":null,""technical_debt_days"":null,""lines_of_code"":null,""line_coverage_pct"":null,""unit_tests"":null}"
src_205B_timeseries,641,"{""project_key"":""indigo-iam_iam"",""date"":""2026-01-11"",""issues"":null,""technical_debt_days"":null,""lines_of_code"":null,""line_coverage_pct"":null,""unit_tests"":null}"
src_205B_timeseries,642,"{""project_key"":""indigo-iam_iam"",""date"":""2026-01-12"",""issues"":null,""technical_debt_days"":null,""lines_of_code"":null,""line_coverage_pct"":null,""unit_tests"":null}"
src_205B_timeseries,643,"{""project_key"":""indigo-iam_iam"",""date"":""2026-01-13"",""issues"":null,""technical_debt_days"":null,""lines_of_code"":null,""line_coverage_pct"":null,""unit_tests"":null}"
src_205B_timeseries,644,"{""project_key"":""indigo-iam_iam"",""date"":""2026-01-14"",""issues"":null,""technical_debt_days"":null,""lines_of_code"":null,""line_coverage_pct"":null,""unit_tests"":null}"
src_205B_timeseries,645,"{""project_key"":""indigo-iam_iam"",""date"":""2026-01-15"",""issues"":null,""technical_debt_days"":null,""lines_of_code"":null,""line_coverage_pct"":null,""unit_tests"":null}"
src_205B_timeseries,646,"{""project_key"":""indigo-iam_iam"",""date"":""2026-01-16"",""issues"":944,""technical_debt_days"":9.9396,""lines_of_code"":53397,""line_coverage_pct"":85.6,""unit_tests"":2147}"
src_205B_timeseries,647,"{""project_key"":""indigo-iam_iam"",""date"":""2026-01-17"",""issues"":944,""technical_debt_days"":9.9396,""lines_of_code"":53397,""line_coverage_pct"":85.6,""unit_tests"":2147}"
src_205B_timeseries,648,"{""project_key"":""indigo-iam_iam"",""date"":""2026-01-18"",""issues"":944,""technical_debt_days"":9.9396,""lines_of_code"":53397,""line_coverage_pct"":85.6,""unit_tests"":2147}"
src_205B_timeseries,649,"{""project_key"":""indigo-iam_iam"",""date"":""2026-01-19"",""issues"":944,""technical_debt_days"":9.9396,""lines_of_code"":53397,""line_coverage_pct"":85.6,""unit_tests"":2147}"
src_205B_timeseries,650,"{""project_key"":""indigo-iam_iam"",""date"":""2026-01-20"",""issues"":944,""technical_debt_days"":9.9396,""lines_of_code"":53397,""line_coverage_pct"":85.6,""unit_tests"":2147}"
src_205B_timeseries,651,"{""project_key"":""indigo-iam_iam"",""date"":""2026-01-21"",""issues"":944,""technical_debt_days"":9.9396,""lines_of_code"":53397,""line_coverage_pct"":85.6,""unit_tests"":2147}"
src_205B_timeseries,652,"{""project_key"":""indigo-iam_iam"",""date"":""2026-01-22"",""issues"":944,""technical_debt_days"":9.9396,""lines_of_code"":53397,""line_coverage_pct"":85.6,""unit_tests"":2147}"
src_205B_timeseries,653,"{""project_key"":""indigo-iam_iam"",""date"":""2026-01-23"",""issues"":944,""technical_debt_days"":9.9396,""lines_of_code"":53397,""line_coverage_pct"":85.6,""unit_tests"":2147}"
src_205B_timeseries,654,"{""project_key"":""indigo-iam_iam"",""date"":""2026-01-24"",""issues"":944,""technical_debt_days"":9.9396,""lines_of_code"":53397,""line_coverage_pct"":85.6,""unit_tests"":2147}"
src_205B_timeseries,655,"{""project_key"":""indigo-iam_iam"",""date"":""2026-01-25"",""issues"":944,""technical_debt_days"":9.9396,""lines_of_code"":53397,""line_coverage_pct"":85.6,""unit_tests"":2147}"
src_205B_timeseries,656,"{""project_key"":""indigo-iam_iam"",""date"":""2026-01-26"",""issues"":944,""technical_debt_days"":9.9396,""lines_of_code"":53397,""line_coverage_pct"":85.6,""unit_tests"":2147}"
src_205B_timeseries,657,"{""project_key"":""indigo-iam_iam"",""date"":""2026-01-27"",""issues"":944,""technical_debt_days"":9.9396,""lines_of_code"":53397,""line_coverage_pct"":85.6,""unit_tests"":2147}"
src_205B_timeseries,658,"{""project_key"":""indigo-iam_iam"",""date"":""2026-01-28"",""issues"":944,""technical_debt_days"":9.9396,""lines_of_code"":53397,""line_coverage_pct"":85.6,""unit_tests"":2147}"
src_205B_timeseries,659,"{""project_key"":""indigo-iam_iam"",""date"":""2026-01-29"",""issues"":944,""technical_debt_days"":9.9396,""lines_of_code"":53397,""line_coverage_pct"":85.6,""unit_tests"":2147}"
src_205B_timeseries,660,"{""project_key"":""indigo-iam_iam"",""date"":""2026-01-30"",""issues"":944,""technical_debt_days"":9.9396,""lines_of_code"":53397,""line_coverage_pct"":85.6,""unit_tests"":2147}"
src_205B_timeseries,661,"{""project_key"":""indigo-iam_iam"",""date"":""2026-01-31"",""issues"":944,""technical_debt_days"":9.9396,""lines_of_code"":53397,""line_coverage_pct"":85.6,""unit_tests"":2147}"
src_205B_timeseries,662,"{""project_key"":""indigo-iam_iam"",""date"":""2026-02-01"",""issues"":944,""technical_debt_days"":9.9396,""lines_of_code"":53397,""line_coverage_pct"":85.6,""unit_tests"":2147}"
src_205B_timeseries,663,"{""project_key"":""indigo-iam_iam"",""date"":""2026-02-02"",""issues"":944,""technical_debt_days"":9.9396,""lines_of_code"":53397,""line_coverage_pct"":85.6,""unit_tests"":2147}"
src_205B_timeseries,664,"{""project_key"":""indigo-iam_iam"",""date"":""2026-02-03"",""issues"":944,""technical_debt_days"":9.9396,""lines_of_code"":53397,""line_coverage_pct"":85.6,""unit_tests"":2147}"
src_205B_timeseries,665,"{""project_key"":""indigo-iam_iam"",""date"":""2026-02-04"",""issues"":944,""technical_debt_days"":9.9396,""lines_of_code"":53397,""line_coverage_pct"":85.6,""unit_tests"":2147}"
src_205B_timeseries,666,"{""project_key"":""indigo-iam_iam"",""date"":""2026-02-05"",""issues"":944,""technical_debt_days"":9.9396,""lines_of_code"":53397,""line_coverage_pct"":85.6,""unit_tests"":2147}"
src_205B_timeseries,667,"{""project_key"":""indigo-iam_iam"",""date"":""2026-02-06"",""issues"":944,""technical_debt_days"":9.9396,""lines_of_code"":53397,""line_coverage_pct"":85.6,""unit_tests"":2147}"
src_205B_timeseries,668,"{""project_key"":""indigo-iam_iam"",""date"":""2026-02-07"",""issues"":944,""technical_debt_days"":9.9396,""lines_of_code"":53397,""line_coverage_pct"":85.6,""unit_tests"":2147}"
src_205B_timeseries,669,"{""project_key"":""indigo-iam_iam"",""date"":""2026-02-08"",""issues"":944,""technical_debt_days"":9.9396,""lines_of_code"":53397,""line_coverage_pct"":85.6,""unit_tests"":2147}"
src_205B_timeseries,670,"{""project_key"":""indigo-iam_iam"",""date"":""2026-02-09"",""issues"":944,""technical_debt_days"":9.9396,""lines_of_code"":53397,""line_coverage_pct"":85.6,""unit_tests"":2147}"
src_205B_timeseries,671,"{""project_key"":""indigo-iam_iam"",""date"":""2026-02-10"",""issues"":944,""technical_debt_days"":9.9396,""lines_of_code"":53397,""line_coverage_pct"":85.6,""unit_tests"":2147}"
src_205B_timeseries,672,"{""project_key"":""indigo-iam_iam"",""date"":""2026-02-11"",""issues"":944,""technical_debt_days"":9.9396,""lines_of_code"":53397,""line_coverage_pct"":85.6,""unit_tests"":2147}"
src_205B_timeseries,673,"{""project_key"":""indigo-iam_iam"",""date"":""2026-02-12"",""issues"":951,""technical_debt_days"":9.9896,""lines_of_code"":53537,""line_coverage_pct"":85.7,""unit_tests"":2215}"
src_205B_timeseries,674,"{""project_key"":""indigo-iam_iam"",""date"":""2026-02-13"",""issues"":951,""technical_debt_days"":9.9896,""lines_of_code"":53537,""line_coverage_pct"":85.7,""unit_tests"":2215}"
src_205B_timeseries,675,"{""project_key"":""indigo-iam_iam"",""date"":""2026-02-14"",""issues"":951,""technical_debt_days"":9.9896,""lines_of_code"":53537,""line_coverage_pct"":85.7,""unit_tests"":2215}"
src_205B_timeseries,676,"{""project_key"":""indigo-iam_iam"",""date"":""2026-02-15"",""issues"":951,""technical_debt_days"":9.9896,""lines_of_code"":53537,""line_coverage_pct"":85.7,""unit_tests"":2215}"
src_205B_timeseries,677,"{""project_key"":""indigo-iam_iam"",""date"":""2026-02-16"",""issues"":951,""technical_debt_days"":9.9896,""lines_of_code"":53537,""line_coverage_pct"":85.7,""unit_tests"":2215}"
src_205B_timeseries,678,"{""project_key"":""indigo-iam_iam"",""date"":""2026-02-17"",""issues"":951,""technical_debt_days"":9.9896,""lines_of_code"":53537,""line_coverage_pct"":85.7,""unit_tests"":2215}"
src_205B_timeseries,679,"{""project_key"":""indigo-iam_iam"",""date"":""2026-02-18"",""issues"":951,""technical_debt_days"":9.9896,""lines_of_code"":53537,""line_coverage_pct"":85.7,""unit_tests"":2215}"
src_205B_timeseries,680,"{""project_key"":""indigo-iam_iam"",""date"":""2026-02-19"",""issues"":951,""technical_debt_days"":9.9896,""lines_of_code"":53537,""line_coverage_pct"":85.7,""unit_tests"":2215}"
src_205B_timeseries,681,"{""project_key"":""indigo-iam_iam"",""date"":""2026-02-20"",""issues"":951,""technical_debt_days"":9.9896,""lines_of_code"":53537,""line_coverage_pct"":85.7,""unit_tests"":2215}"
src_205B_timeseries,682,"{""project_key"":""indigo-iam_iam"",""date"":""2026-02-21"",""issues"":951,""technical_debt_days"":9.9896,""lines_of_code"":53537,""line_coverage_pct"":85.7,""unit_tests"":2215}"
src_205B_timeseries,683,"{""project_key"":""indigo-iam_iam"",""date"":""2026-02-22"",""issues"":951,""technical_debt_days"":9.9896,""lines_of_code"":53537,""line_coverage_pct"":85.7,""unit_tests"":2215}"
src_205B_timeseries,684,"{""project_key"":""indigo-iam_iam"",""date"":""2026-02-23"",""issues"":951,""technical_debt_days"":9.9896,""lines_of_code"":53537,""line_coverage_pct"":85.7,""unit_tests"":2215}"
src_205B_timeseries,685,"{""project_key"":""indigo-iam_iam"",""date"":""2026-02-24"",""issues"":951,""technical_debt_days"":9.9896,""lines_of_code"":53537,""line_coverage_pct"":85.7,""unit_tests"":2215}"
src_205B_timeseries,686,"{""project_key"":""indigo-iam_iam"",""date"":""2026-02-25"",""issues"":951,""technical_debt_days"":9.9896,""lines_of_code"":53537,""line_coverage_pct"":85.7,""unit_tests"":2215}"
src_205B_timeseries,687,"{""project_key"":""indigo-iam_iam"",""date"":""2026-02-26"",""issues"":951,""technical_debt_days"":9.9896,""lines_of_code"":53537,""line_coverage_pct"":85.7,""unit_tests"":2215}"
src_205B_timeseries,688,"{""project_key"":""indigo-iam_iam"",""date"":""2026-02-27"",""issues"":951,""technical_debt_days"":9.9896,""lines_of_code"":53537,""line_coverage_pct"":85.7,""unit_tests"":2215}"
src_205B_timeseries,689,"{""project_key"":""indigo-iam_iam"",""date"":""2026-02-28"",""issues"":951,""technical_debt_days"":9.9896,""lines_of_code"":53537,""line_coverage_pct"":85.7,""unit_tests"":2215}"
src_205B_timeseries,690,"{""project_key"":""indigo-iam_iam"",""date"":""2026-03-01"",""issues"":951,""technical_debt_days"":9.9896,""lines_of_code"":53537,""line_coverage_pct"":85.7,""unit_tests"":2215}"
src_205B_timeseries,691,"{""project_key"":""indigo-iam_iam"",""date"":""2026-03-02"",""issues"":951,""technical_debt_days"":9.9896,""lines_of_code"":53537,""line_coverage_pct"":85.7,""unit_tests"":2215}"
src_205B_timeseries,692,"{""project_key"":""indigo-iam_iam"",""date"":""2026-03-03"",""issues"":951,""technical_debt_days"":9.9896,""lines_of_code"":53537,""line_coverage_pct"":85.7,""unit_tests"":2215}"
src_205B_timeseries,693,"{""project_key"":""indigo-iam_iam"",""date"":""2026-03-04"",""issues"":951,""technical_debt_days"":9.9896,""lines_of_code"":53537,""line_coverage_pct"":85.7,""unit_tests"":2215}"
src_205B_timeseries,694,"{""project_key"":""indigo-iam_iam"",""date"":""2026-03-05"",""issues"":951,""technical_debt_days"":9.9896,""lines_of_code"":53537,""line_coverage_pct"":85.7,""unit_tests"":2215}"
src_205B_timeseries,695,"{""project_key"":""indigo-iam_iam"",""date"":""2026-03-06"",""issues"":951,""technical_debt_days"":9.9896,""lines_of_code"":53537,""line_coverage_pct"":85.7,""unit_tests"":2215}"
src_205B_timeseries,696,"{""project_key"":""indigo-iam_iam"",""date"":""2026-03-07"",""issues"":951,""technical_debt_days"":9.9896,""lines_of_code"":53537,""line_coverage_pct"":85.7,""unit_tests"":2215}"
src_205B_timeseries,697,"{""project_key"":""indigo-iam_iam"",""date"":""2026-03-08"",""issues"":951,""technical_debt_days"":9.9896,""lines_of_code"":53537,""line_coverage_pct"":85.7,""unit_tests"":2215}"
src_205B_timeseries,698,"{""project_key"":""indigo-iam_iam"",""date"":""2026-03-09"",""issues"":951,""technical_debt_days"":9.9896,""lines_of_code"":53537,""line_coverage_pct"":85.7,""unit_tests"":2215}"
src_205B_timeseries,699,"{""project_key"":""indigo-iam_iam"",""date"":""2026-03-10"",""issues"":951,""technical_debt_days"":9.9896,""lines_of_code"":53537,""line_coverage_pct"":85.7,""unit_tests"":2215}"
src_205B_timeseries,700,"{""project_key"":""indigo-iam_iam"",""date"":""2026-03-11"",""issues"":951,""technical_debt_days"":9.9896,""lines_of_code"":53537,""line_coverage_pct"":85.7,""unit_tests"":2215}"
src_205B_timeseries,701,"{""project_key"":""indigo-iam_iam"",""date"":""2026-03-12"",""issues"":951,""technical_debt_days"":9.9896,""lines_of_code"":53537,""line_coverage_pct"":85.7,""unit_tests"":2215}"
src_205B_timeseries,702,"{""project_key"":""indigo-iam_iam"",""date"":""2026-03-13"",""issues"":951,""technical_debt_days"":9.9896,""lines_of_code"":53537,""line_coverage_pct"":85.7,""unit_tests"":2215}"
src_205B_timeseries,703,"{""project_key"":""indigo-iam_iam"",""date"":""2026-03-14"",""issues"":951,""technical_debt_days"":9.9896,""lines_of_code"":53537,""line_coverage_pct"":85.7,""unit_tests"":2215}"
src_205B_timeseries,704,"{""project_key"":""indigo-iam_iam"",""date"":""2026-03-15"",""issues"":951,""technical_debt_days"":9.9896,""lines_of_code"":53537,""line_coverage_pct"":85.7,""unit_tests"":2215}"
src_205B_timeseries,705,"{""project_key"":""indigo-iam_iam"",""date"":""2026-03-16"",""issues"":951,""technical_debt_days"":9.9896,""lines_of_code"":53537,""line_coverage_pct"":85.7,""unit_tests"":2215}"
src_205B_timeseries,706,"{""project_key"":""indigo-iam_iam"",""date"":""2026-03-17"",""issues"":951,""technical_debt_days"":9.9896,""lines_of_code"":53537,""line_coverage_pct"":85.7,""unit_tests"":2215}"
src_205B_timeseries,707,"{""project_key"":""indigo-iam_iam"",""date"":""2026-03-18"",""issues"":951,""technical_debt_days"":9.9896,""lines_of_code"":53537,""line_coverage_pct"":85.7,""unit_tests"":2215}"
src_205B_timeseries,708,"{""project_key"":""indigo-iam_iam"",""date"":""2026-03-19"",""issues"":951,""technical_debt_days"":9.9896,""lines_of_code"":53537,""line_coverage_pct"":85.7,""unit_tests"":2215}"
src_205B_timeseries,709,"{""project_key"":""indigo-iam_iam"",""date"":""2026-03-20"",""issues"":951,""technical_debt_days"":9.9896,""lines_of_code"":53537,""line_coverage_pct"":85.7,""unit_tests"":2215}"
src_205B_timeseries,710,"{""project_key"":""indigo-iam_iam"",""date"":""2026-03-21"",""issues"":951,""technical_debt_days"":9.9896,""lines_of_code"":53537,""line_coverage_pct"":85.7,""unit_tests"":2215}"
src_205B_timeseries,711,"{""project_key"":""indigo-iam_iam"",""date"":""2026-03-22"",""issues"":951,""technical_debt_days"":9.9896,""lines_of_code"":53537,""line_coverage_pct"":85.7,""unit_tests"":2215}"
src_205B_timeseries,712,"{""project_key"":""indigo-iam_iam"",""date"":""2026-03-23"",""issues"":951,""technical_debt_days"":9.9896,""lines_of_code"":53537,""line_coverage_pct"":85.7,""unit_tests"":2215}"
src_205B_timeseries,713,"{""project_key"":""indigo-iam_iam"",""date"":""2026-03-24"",""issues"":951,""technical_debt_days"":9.9896,""lines_of_code"":53537,""line_coverage_pct"":85.7,""unit_tests"":2215}"
src_205B_timeseries,714,"{""project_key"":""indigo-iam_iam"",""date"":""2026-03-25"",""issues"":850,""technical_debt_days"":9.3521,""lines_of_code"":55454,""line_coverage_pct"":86.1,""unit_tests"":2321}"
src_205B_timeseries,715,"{""project_key"":""indigo-iam_iam"",""date"":""2026-03-26"",""issues"":850,""technical_debt_days"":9.3521,""lines_of_code"":55454,""line_coverage_pct"":86.1,""unit_tests"":2321}"
src_205B_timeseries,716,"{""project_key"":""indigo-iam_iam"",""date"":""2026-03-27"",""issues"":850,""technical_debt_days"":9.3521,""lines_of_code"":55454,""line_coverage_pct"":86.1,""unit_tests"":2321}"
src_205B_timeseries,717,"{""project_key"":""indigo-iam_iam"",""date"":""2026-03-28"",""issues"":850,""technical_debt_days"":9.3521,""lines_of_code"":55454,""line_coverage_pct"":86.1,""unit_tests"":2321}"
src_205B_timeseries,718,"{""project_key"":""indigo-iam_iam"",""date"":""2026-03-29"",""issues"":850,""technical_debt_days"":9.3521,""lines_of_code"":55454,""line_coverage_pct"":86.1,""unit_tests"":2321}"
src_205B_timeseries,719,"{""project_key"":""indigo-iam_iam"",""date"":""2026-03-30"",""issues"":850,""technical_debt_days"":9.3521,""lines_of_code"":55454,""line_coverage_pct"":86.1,""unit_tests"":2321}"
src_205B_timeseries,720,"{""project_key"":""indigo-iam_iam"",""date"":""2026-03-31"",""issues"":850,""technical_debt_days"":9.3521,""lines_of_code"":55454,""line_coverage_pct"":86.1,""unit_tests"":2321}"
src_205B_timeseries,721,"{""project_key"":""mediawiki-core"",""date"":""2026-01-01"",""issues"":747,""technical_debt_days"":18.7188,""lines_of_code"":582378,""line_coverage_pct"":13.6,""unit_tests"":18632}"
src_205B_timeseries,722,"{""project_key"":""mediawiki-core"",""date"":""2026-01-02"",""issues"":747,""technical_debt_days"":18.7188,""lines_of_code"":582378,""line_coverage_pct"":13.6,""unit_tests"":18632}"
src_205B_timeseries,723,"{""project_key"":""mediawiki-core"",""date"":""2026-01-03"",""issues"":747,""technical_debt_days"":18.7188,""lines_of_code"":582378,""line_coverage_pct"":13.6,""unit_tests"":18632}"
src_205B_timeseries,724,"{""project_key"":""mediawiki-core"",""date"":""2026-01-04"",""issues"":747,""technical_debt_days"":18.7188,""lines_of_code"":582378,""line_coverage_pct"":13.6,""unit_tests"":18632}"
src_205B_timeseries,725,"{""project_key"":""mediawiki-core"",""date"":""2026-01-05"",""issues"":747,""technical_debt_days"":18.7188,""lines_of_code"":582378,""line_coverage_pct"":13.6,""unit_tests"":18632}"
src_205B_timeseries,726,"{""project_key"":""mediawiki-core"",""date"":""2026-01-06"",""issues"":747,""technical_debt_days"":18.7188,""lines_of_code"":582378,""line_coverage_pct"":13.6,""unit_tests"":18632}"
src_205B_timeseries,727,"{""project_key"":""mediawiki-core"",""date"":""2026-01-07"",""issues"":747,""technical_debt_days"":18.7188,""lines_of_code"":582378,""line_coverage_pct"":13.6,""unit_tests"":18632}"
src_205B_timeseries,728,"{""project_key"":""mediawiki-core"",""date"":""2026-01-08"",""issues"":747,""technical_debt_days"":18.7188,""lines_of_code"":582378,""line_coverage_pct"":13.6,""unit_tests"":18632}"
src_205B_timeseries,729,"{""project_key"":""mediawiki-core"",""date"":""2026-01-09"",""issues"":747,""technical_debt_days"":18.7188,""lines_of_code"":582378,""line_coverage_pct"":13.6,""unit_tests"":18632}"
src_205B_timeseries,730,"{""project_key"":""mediawiki-core"",""date"":""2026-01-10"",""issues"":747,""technical_debt_days"":18.7188,""lines_of_code"":582378,""line_coverage_pct"":13.6,""unit_tests"":18632}"
src_205B_timeseries,731,"{""project_key"":""mediawiki-core"",""date"":""2026-01-11"",""issues"":747,""technical_debt_days"":18.7188,""lines_of_code"":582378,""line_coverage_pct"":13.6,""unit_tests"":18632}"
src_205B_timeseries,732,"{""project_key"":""mediawiki-core"",""date"":""2026-01-12"",""issues"":747,""technical_debt_days"":18.7188,""lines_of_code"":582378,""line_coverage_pct"":13.6,""unit_tests"":18632}"
src_205B_timeseries,733,"{""project_key"":""mediawiki-core"",""date"":""2026-01-13"",""issues"":747,""technical_debt_days"":18.7188,""lines_of_code"":582378,""line_coverage_pct"":13.6,""unit_tests"":18632}"
src_205B_timeseries,734,"{""project_key"":""mediawiki-core"",""date"":""2026-01-14"",""issues"":747,""technical_debt_days"":18.7188,""lines_of_code"":582378,""line_coverage_pct"":13.6,""unit_tests"":18632}"
src_205B_timeseries,735,"{""project_key"":""mediawiki-core"",""date"":""2026-01-15"",""issues"":747,""technical_debt_days"":18.7188,""lines_of_code"":582378,""line_coverage_pct"":13.6,""unit_tests"":18632}"
src_205B_timeseries,736,"{""project_key"":""mediawiki-core"",""date"":""2026-01-16"",""issues"":747,""technical_debt_days"":18.7188,""lines_of_code"":582378,""line_coverage_pct"":13.6,""unit_tests"":18632}"
src_205B_timeseries,737,"{""project_key"":""mediawiki-core"",""date"":""2026-01-17"",""issues"":747,""technical_debt_days"":18.7188,""lines_of_code"":582378,""line_coverage_pct"":13.6,""unit_tests"":18632}"
src_205B_timeseries,738,"{""project_key"":""mediawiki-core"",""date"":""2026-01-18"",""issues"":747,""technical_debt_days"":18.7188,""lines_of_code"":582378,""line_coverage_pct"":13.6,""unit_tests"":18632}"
src_205B_timeseries,739,"{""project_key"":""mediawiki-core"",""date"":""2026-01-19"",""issues"":747,""technical_debt_days"":18.7188,""lines_of_code"":582378,""line_coverage_pct"":13.6,""unit_tests"":18632}"
src_205B_timeseries,740,"{""project_key"":""mediawiki-core"",""date"":""2026-01-20"",""issues"":747,""technical_debt_days"":18.7188,""lines_of_code"":582378,""line_coverage_pct"":13.6,""unit_tests"":18632}"
src_205B_timeseries,741,"{""project_key"":""mediawiki-core"",""date"":""2026-01-21"",""issues"":747,""technical_debt_days"":18.7188,""lines_of_code"":582378,""line_coverage_pct"":13.6,""unit_tests"":18632}"
src_205B_timeseries,742,"{""project_key"":""mediawiki-core"",""date"":""2026-01-22"",""issues"":747,""technical_debt_days"":18.7188,""lines_of_code"":582378,""line_coverage_pct"":13.6,""unit_tests"":18632}"
src_205B_timeseries,743,"{""project_key"":""mediawiki-core"",""date"":""2026-01-23"",""issues"":747,""technical_debt_days"":18.7188,""lines_of_code"":582378,""line_coverage_pct"":13.6,""unit_tests"":18632}"
src_205B_timeseries,744,"{""project_key"":""mediawiki-core"",""date"":""2026-01-24"",""issues"":747,""technical_debt_days"":18.7188,""lines_of_code"":582378,""line_coverage_pct"":13.6,""unit_tests"":18632}"
src_205B_timeseries,745,"{""project_key"":""mediawiki-core"",""date"":""2026-01-25"",""issues"":747,""technical_debt_days"":18.7188,""lines_of_code"":582378,""line_coverage_pct"":13.6,""unit_tests"":18632}"
src_205B_timeseries,746,"{""project_key"":""mediawiki-core"",""date"":""2026-01-26"",""issues"":747,""technical_debt_days"":18.7188,""lines_of_code"":582378,""line_coverage_pct"":13.6,""unit_tests"":18632}"
src_205B_timeseries,747,"{""project_key"":""mediawiki-core"",""date"":""2026-01-27"",""issues"":747,""technical_debt_days"":18.7188,""lines_of_code"":582378,""line_coverage_pct"":13.6,""unit_tests"":18632}"
src_205B_timeseries,748,"{""project_key"":""mediawiki-core"",""date"":""2026-01-28"",""issues"":747,""technical_debt_days"":18.7188,""lines_of_code"":582378,""line_coverage_pct"":13.6,""unit_tests"":18632}"
src_205B_timeseries,749,"{""project_key"":""mediawiki-core"",""date"":""2026-01-29"",""issues"":747,""technical_debt_days"":18.7188,""lines_of_code"":582378,""line_coverage_pct"":13.6,""unit_tests"":18632}"
src_205B_timeseries,750,"{""project_key"":""mediawiki-core"",""date"":""2026-01-30"",""issues"":747,""technical_debt_days"":18.7188,""lines_of_code"":582378,""line_coverage_pct"":13.6,""unit_tests"":18632}"
src_205B_timeseries,751,"{""project_key"":""mediawiki-core"",""date"":""2026-01-31"",""issues"":747,""technical_debt_days"":18.7188,""lines_of_code"":582378,""line_coverage_pct"":13.6,""unit_tests"":18632}"
src_205B_timeseries,752,"{""project_key"":""mediawiki-core"",""date"":""2026-02-01"",""issues"":747,""technical_debt_days"":18.7188,""lines_of_code"":582378,""line_coverage_pct"":13.6,""unit_tests"":18632}"
src_205B_timeseries,753,"{""project_key"":""mediawiki-core"",""date"":""2026-02-02"",""issues"":3529,""technical_debt_days"":192.5813,""lines_of_code"":507176,""line_coverage_pct"":13.6,""unit_tests"":18673}"
src_205B_timeseries,754,"{""project_key"":""mediawiki-core"",""date"":""2026-02-03"",""issues"":3529,""technical_debt_days"":192.5813,""lines_of_code"":507176,""line_coverage_pct"":13.6,""unit_tests"":18673}"
src_205B_timeseries,755,"{""project_key"":""mediawiki-core"",""date"":""2026-02-04"",""issues"":3529,""technical_debt_days"":192.5813,""lines_of_code"":507176,""line_coverage_pct"":13.6,""unit_tests"":18673}"
src_205B_timeseries,756,"{""project_key"":""mediawiki-core"",""date"":""2026-02-05"",""issues"":3529,""technical_debt_days"":192.5813,""lines_of_code"":507176,""line_coverage_pct"":13.6,""unit_tests"":18673}"
src_205B_timeseries,757,"{""project_key"":""mediawiki-core"",""date"":""2026-02-06"",""issues"":3529,""technical_debt_days"":192.5813,""lines_of_code"":507176,""line_coverage_pct"":13.6,""unit_tests"":18673}"
src_205B_timeseries,758,"{""project_key"":""mediawiki-core"",""date"":""2026-02-07"",""issues"":3529,""technical_debt_days"":192.5813,""lines_of_code"":507176,""line_coverage_pct"":13.6,""unit_tests"":18673}"
src_205B_timeseries,759,"{""project_key"":""mediawiki-core"",""date"":""2026-02-08"",""issues"":3529,""technical_debt_days"":192.5813,""lines_of_code"":507176,""line_coverage_pct"":13.6,""unit_tests"":18673}"
src_205B_timeseries,760,"{""project_key"":""mediawiki-core"",""date"":""2026-02-09"",""issues"":3529,""technical_debt_days"":192.5813,""lines_of_code"":507176,""line_coverage_pct"":13.6,""unit_tests"":18673}"
src_205B_timeseries,761,"{""project_key"":""mediawiki-core"",""date"":""2026-02-10"",""issues"":3529,""technical_debt_days"":192.5813,""lines_of_code"":507176,""line_coverage_pct"":13.6,""unit_tests"":18673}"
src_205B_timeseries,762,"{""project_key"":""mediawiki-core"",""date"":""2026-02-11"",""issues"":3529,""technical_debt_days"":192.5813,""lines_of_code"":507176,""line_coverage_pct"":13.6,""unit_tests"":18673}"
src_205B_timeseries,763,"{""project_key"":""mediawiki-core"",""date"":""2026-02-12"",""issues"":3529,""technical_debt_days"":192.5813,""lines_of_code"":507176,""line_coverage_pct"":13.6,""unit_tests"":18673}"
src_205B_timeseries,764,"{""project_key"":""mediawiki-core"",""date"":""2026-02-13"",""issues"":3529,""technical_debt_days"":192.5813,""lines_of_code"":507176,""line_coverage_pct"":13.6,""unit_tests"":18673}"
src_205B_timeseries,765,"{""project_key"":""mediawiki-core"",""date"":""2026-02-14"",""issues"":3529,""technical_debt_days"":192.5813,""lines_of_code"":507176,""line_coverage_pct"":13.6,""unit_tests"":18673}"
src_205B_timeseries,766,"{""project_key"":""mediawiki-core"",""date"":""2026-02-15"",""issues"":3529,""technical_debt_days"":192.5813,""lines_of_code"":507176,""line_coverage_pct"":13.6,""unit_tests"":18673}"
src_205B_timeseries,767,"{""project_key"":""mediawiki-core"",""date"":""2026-02-16"",""issues"":3529,""technical_debt_days"":192.5813,""lines_of_code"":507176,""line_coverage_pct"":13.6,""unit_tests"":18673}"
src_205B_timeseries,768,"{""project_key"":""mediawiki-core"",""date"":""2026-02-17"",""issues"":3529,""technical_debt_days"":192.5813,""lines_of_code"":507176,""line_coverage_pct"":13.6,""unit_tests"":18673}"
src_205B_timeseries,769,"{""project_key"":""mediawiki-core"",""date"":""2026-02-18"",""issues"":3529,""technical_debt_days"":192.5813,""lines_of_code"":507176,""line_coverage_pct"":13.6,""unit_tests"":18673}"
src_205B_timeseries,770,"{""project_key"":""mediawiki-core"",""date"":""2026-02-19"",""issues"":3529,""technical_debt_days"":192.5813,""lines_of_code"":507176,""line_coverage_pct"":13.6,""unit_tests"":18673}"
src_205B_timeseries,771,"{""project_key"":""mediawiki-core"",""date"":""2026-02-20"",""issues"":3529,""technical_debt_days"":192.5813,""lines_of_code"":507176,""line_coverage_pct"":13.6,""unit_tests"":18673}"
src_205B_timeseries,772,"{""project_key"":""mediawiki-core"",""date"":""2026-02-21"",""issues"":3529,""technical_debt_days"":192.5813,""lines_of_code"":507176,""line_coverage_pct"":13.6,""unit_tests"":18673}"
src_205B_timeseries,773,"{""project_key"":""mediawiki-core"",""date"":""2026-02-22"",""issues"":3529,""technical_debt_days"":192.5813,""lines_of_code"":507176,""line_coverage_pct"":13.6,""unit_tests"":18673}"
src_205B_timeseries,774,"{""project_key"":""mediawiki-core"",""date"":""2026-02-23"",""issues"":3529,""technical_debt_days"":192.5813,""lines_of_code"":507176,""line_coverage_pct"":13.6,""unit_tests"":18673}"
src_205B_timeseries,775,"{""project_key"":""mediawiki-core"",""date"":""2026-02-24"",""issues"":3529,""technical_debt_days"":192.5813,""lines_of_code"":507176,""line_coverage_pct"":13.6,""unit_tests"":18673}"
src_205B_timeseries,776,"{""project_key"":""mediawiki-core"",""date"":""2026-02-25"",""issues"":3529,""technical_debt_days"":192.5813,""lines_of_code"":507176,""line_coverage_pct"":13.6,""unit_tests"":18673}"
src_205B_timeseries,777,"{""project_key"":""mediawiki-core"",""date"":""2026-02-26"",""issues"":3529,""technical_debt_days"":192.5813,""lines_of_code"":507176,""line_coverage_pct"":13.6,""unit_tests"":18673}"
src_205B_timeseries,778,"{""project_key"":""mediawiki-core"",""date"":""2026-02-27"",""issues"":3529,""technical_debt_days"":192.5813,""lines_of_code"":507176,""line_coverage_pct"":13.6,""unit_tests"":18673}"
src_205B_timeseries,779,"{""project_key"":""mediawiki-core"",""date"":""2026-02-28"",""issues"":3529,""technical_debt_days"":192.5813,""lines_of_code"":507176,""line_coverage_pct"":13.6,""unit_tests"":18673}"
src_205B_timeseries,780,"{""project_key"":""mediawiki-core"",""date"":""2026-03-01"",""issues"":3593,""technical_debt_days"":193.7104,""lines_of_code"":508485,""line_coverage_pct"":13.7,""unit_tests"":17984}"
src_205B_timeseries,781,"{""project_key"":""mediawiki-core"",""date"":""2026-03-02"",""issues"":3593,""technical_debt_days"":193.7104,""lines_of_code"":508485,""line_coverage_pct"":13.7,""unit_tests"":17984}"
src_205B_timeseries,782,"{""project_key"":""mediawiki-core"",""date"":""2026-03-03"",""issues"":3593,""technical_debt_days"":193.7104,""lines_of_code"":508485,""line_coverage_pct"":13.7,""unit_tests"":17984}"
src_205B_timeseries,783,"{""project_key"":""mediawiki-core"",""date"":""2026-03-04"",""issues"":3593,""technical_debt_days"":193.7104,""lines_of_code"":508485,""line_coverage_pct"":13.7,""unit_tests"":17984}"
src_205B_timeseries,784,"{""project_key"":""mediawiki-core"",""date"":""2026-03-05"",""issues"":3593,""technical_debt_days"":193.7104,""lines_of_code"":508485,""line_coverage_pct"":13.7,""unit_tests"":17984}"
src_205B_timeseries,785,"{""project_key"":""mediawiki-core"",""date"":""2026-03-06"",""issues"":3593,""technical_debt_days"":193.7104,""lines_of_code"":508485,""line_coverage_pct"":13.7,""unit_tests"":17984}"
src_205B_timeseries,786,"{""project_key"":""mediawiki-core"",""date"":""2026-03-07"",""issues"":3593,""technical_debt_days"":193.7104,""lines_of_code"":508485,""line_coverage_pct"":13.7,""unit_tests"":17984}"
src_205B_timeseries,787,"{""project_key"":""mediawiki-core"",""date"":""2026-03-08"",""issues"":3593,""technical_debt_days"":193.7104,""lines_of_code"":508485,""line_coverage_pct"":13.7,""unit_tests"":17984}"
src_205B_timeseries,788,"{""project_key"":""mediawiki-core"",""date"":""2026-03-09"",""issues"":3593,""technical_debt_days"":193.7104,""lines_of_code"":508485,""line_coverage_pct"":13.7,""unit_tests"":17984}"
src_205B_timeseries,789,"{""project_key"":""mediawiki-core"",""date"":""2026-03-10"",""issues"":3593,""technical_debt_days"":193.7104,""lines_of_code"":508485,""line_coverage_pct"":13.7,""unit_tests"":17984}"
src_205B_timeseries,790,"{""project_key"":""mediawiki-core"",""date"":""2026-03-11"",""issues"":3593,""technical_debt_days"":193.7104,""lines_of_code"":508485,""line_coverage_pct"":13.7,""unit_tests"":17984}"
src_205B_timeseries,791,"{""project_key"":""mediawiki-core"",""date"":""2026-03-12"",""issues"":3593,""technical_debt_days"":193.7104,""lines_of_code"":508485,""line_coverage_pct"":13.7,""unit_tests"":17984}"
src_205B_timeseries,792,"{""project_key"":""mediawiki-core"",""date"":""2026-03-13"",""issues"":3593,""technical_debt_days"":193.7104,""lines_of_code"":508485,""line_coverage_pct"":13.7,""unit_tests"":17984}"
src_205B_timeseries,793,"{""project_key"":""mediawiki-core"",""date"":""2026-03-14"",""issues"":3593,""technical_debt_days"":193.7104,""lines_of_code"":508485,""line_coverage_pct"":13.7,""unit_tests"":17984}"
src_205B_timeseries,794,"{""project_key"":""mediawiki-core"",""date"":""2026-03-15"",""issues"":3593,""technical_debt_days"":193.7104,""lines_of_code"":508485,""line_coverage_pct"":13.7,""unit_tests"":17984}"
src_205B_timeseries,795,"{""project_key"":""mediawiki-core"",""date"":""2026-03-16"",""issues"":3593,""technical_debt_days"":193.7104,""lines_of_code"":508485,""line_coverage_pct"":13.7,""unit_tests"":17984}"
src_205B_timeseries,796,"{""project_key"":""mediawiki-core"",""date"":""2026-03-17"",""issues"":3593,""technical_debt_days"":193.7104,""lines_of_code"":508485,""line_coverage_pct"":13.7,""unit_tests"":17984}"
src_205B_timeseries,797,"{""project_key"":""mediawiki-core"",""date"":""2026-03-18"",""issues"":3593,""technical_debt_days"":193.7104,""lines_of_code"":508485,""line_coverage_pct"":13.7,""unit_tests"":17984}"
src_205B_timeseries,798,"{""project_key"":""mediawiki-core"",""date"":""2026-03-19"",""issues"":3593,""technical_debt_days"":193.7104,""lines_of_code"":508485,""line_coverage_pct"":13.7,""unit_tests"":17984}"
src_205B_timeseries,799,"{""project_key"":""mediawiki-core"",""date"":""2026-03-20"",""issues"":3593,""technical_debt_days"":193.7104,""lines_of_code"":508485,""line_coverage_pct"":13.7,""unit_tests"":17984}"
src_205B_timeseries,800,"{""project_key"":""mediawiki-core"",""date"":""2026-03-21"",""issues"":3593,""technical_debt_days"":193.7104,""lines_of_code"":508485,""line_coverage_pct"":13.7,""unit_tests"":17984}"
src_205B_timeseries,801,"{""project_key"":""mediawiki-core"",""date"":""2026-03-22"",""issues"":3593,""technical_debt_days"":193.7104,""lines_of_code"":508485,""line_coverage_pct"":13.7,""unit_tests"":17984}"
src_205B_timeseries,802,"{""project_key"":""mediawiki-core"",""date"":""2026-03-23"",""issues"":3593,""technical_debt_days"":193.7104,""lines_of_code"":508485,""line_coverage_pct"":13.7,""unit_tests"":17984}"
src_205B_timeseries,803,"{""project_key"":""mediawiki-core"",""date"":""2026-03-24"",""issues"":3593,""technical_debt_days"":193.7104,""lines_of_code"":508485,""line_coverage_pct"":13.7,""unit_tests"":17984}"
src_205B_timeseries,804,"{""project_key"":""mediawiki-core"",""date"":""2026-03-25"",""issues"":3593,""technical_debt_days"":193.7104,""lines_of_code"":508485,""line_coverage_pct"":13.7,""unit_tests"":17984}"
src_205B_timeseries,805,"{""project_key"":""mediawiki-core"",""date"":""2026-03-26"",""issues"":3593,""technical_debt_days"":193.7104,""lines_of_code"":508485,""line_coverage_pct"":13.7,""unit_tests"":17984}"
src_205B_timeseries,806,"{""project_key"":""mediawiki-core"",""date"":""2026-03-27"",""issues"":3593,""technical_debt_days"":193.7104,""lines_of_code"":508485,""line_coverage_pct"":13.7,""unit_tests"":17984}"
src_205B_timeseries,807,"{""project_key"":""mediawiki-core"",""date"":""2026-03-28"",""issues"":3593,""technical_debt_days"":193.7104,""lines_of_code"":508485,""line_coverage_pct"":13.7,""unit_tests"":17984}"
src_205B_timeseries,808,"{""project_key"":""mediawiki-core"",""date"":""2026-03-29"",""issues"":3593,""technical_debt_days"":193.7104,""lines_of_code"":508485,""line_coverage_pct"":13.7,""unit_tests"":17984}"
src_205B_timeseries,809,"{""project_key"":""mediawiki-core"",""date"":""2026-03-30"",""issues"":3878,""technical_debt_days"":211.0167,""lines_of_code"":509853,""line_coverage_pct"":13.7,""unit_tests"":18027}"
src_205B_timeseries,810,"{""project_key"":""mediawiki-core"",""date"":""2026-03-31"",""issues"":3878,""technical_debt_days"":211.0167,""lines_of_code"":509853,""line_coverage_pct"":13.7,""unit_tests"":18027}"
src_205B_timeseries,811,"{""project_key"":""org.opengrok:opengrok-top"",""date"":""2026-01-01"",""issues"":null,""technical_debt_days"":null,""lines_of_code"":null,""line_coverage_pct"":null,""unit_tests"":null}"
src_205B_timeseries,812,"{""project_key"":""org.opengrok:opengrok-top"",""date"":""2026-01-02"",""issues"":null,""technical_debt_days"":null,""lines_of_code"":null,""line_coverage_pct"":null,""unit_tests"":null}"
src_205B_timeseries,813,"{""project_key"":""org.opengrok:opengrok-top"",""date"":""2026-01-03"",""issues"":null,""technical_debt_days"":null,""lines_of_code"":null,""line_coverage_pct"":null,""unit_tests"":null}"
src_205B_timeseries,814,"{""project_key"":""org.opengrok:opengrok-top"",""date"":""2026-01-04"",""issues"":null,""technical_debt_days"":null,""lines_of_code"":null,""line_coverage_pct"":null,""unit_tests"":null}"
src_205B_timeseries,815,"{""project_key"":""org.opengrok:opengrok-top"",""date"":""2026-01-05"",""issues"":1049,""technical_debt_days"":17.7417,""lines_of_code"":64458,""line_coverage_pct"":71.4,""unit_tests"":1519}"
src_205B_timeseries,816,"{""project_key"":""org.opengrok:opengrok-top"",""date"":""2026-01-06"",""issues"":1049,""technical_debt_days"":17.7417,""lines_of_code"":64458,""line_coverage_pct"":71.4,""unit_tests"":1519}"
src_205B_timeseries,817,"{""project_key"":""org.opengrok:opengrok-top"",""date"":""2026-01-07"",""issues"":1049,""technical_debt_days"":17.7417,""lines_of_code"":64462,""line_coverage_pct"":71.4,""unit_tests"":1522}"
src_205B_timeseries,818,"{""project_key"":""org.opengrok:opengrok-top"",""date"":""2026-01-08"",""issues"":1049,""technical_debt_days"":17.7417,""lines_of_code"":64462,""line_coverage_pct"":71.4,""unit_tests"":1522}"
src_205B_timeseries,819,"{""project_key"":""org.opengrok:opengrok-top"",""date"":""2026-01-09"",""issues"":1049,""technical_debt_days"":17.7417,""lines_of_code"":64462,""line_coverage_pct"":71.4,""unit_tests"":1522}"
src_205B_timeseries,820,"{""project_key"":""org.opengrok:opengrok-top"",""date"":""2026-01-10"",""issues"":1049,""technical_debt_days"":17.7417,""lines_of_code"":64462,""line_coverage_pct"":71.4,""unit_tests"":1522}"
src_205B_timeseries,821,"{""project_key"":""org.opengrok:opengrok-top"",""date"":""2026-01-11"",""issues"":1049,""technical_debt_days"":17.7417,""lines_of_code"":64462,""line_coverage_pct"":71.4,""unit_tests"":1522}"
src_205B_timeseries,822,"{""project_key"":""org.opengrok:opengrok-top"",""date"":""2026-01-12"",""issues"":1049,""technical_debt_days"":17.7417,""lines_of_code"":64462,""line_coverage_pct"":71.4,""unit_tests"":1522}"
src_205B_timeseries,823,"{""project_key"":""org.opengrok:opengrok-top"",""date"":""2026-01-13"",""issues"":1049,""technical_debt_days"":17.7417,""lines_of_code"":64462,""line_coverage_pct"":71.4,""unit_tests"":1522}"
src_205B_timeseries,824,"{""project_key"":""org.opengrok:opengrok-top"",""date"":""2026-01-14"",""issues"":1049,""technical_debt_days"":17.7417,""lines_of_code"":64462,""line_coverage_pct"":71.4,""unit_tests"":1522}"
src_205B_timeseries,825,"{""project_key"":""org.opengrok:opengrok-top"",""date"":""2026-01-15"",""issues"":1049,""technical_debt_days"":17.7417,""lines_of_code"":64462,""line_coverage_pct"":71.4,""unit_tests"":1522}"
src_205B_timeseries,826,"{""project_key"":""org.opengrok:opengrok-top"",""date"":""2026-01-16"",""issues"":1049,""technical_debt_days"":17.7417,""lines_of_code"":64462,""line_coverage_pct"":71.4,""unit_tests"":1522}"
src_205B_timeseries,827,"{""project_key"":""org.opengrok:opengrok-top"",""date"":""2026-01-17"",""issues"":1049,""technical_debt_days"":17.7417,""lines_of_code"":64462,""line_coverage_pct"":71.4,""unit_tests"":1522}"
src_205B_timeseries,828,"{""project_key"":""org.opengrok:opengrok-top"",""date"":""2026-01-18"",""issues"":1049,""technical_debt_days"":17.7417,""lines_of_code"":64462,""line_coverage_pct"":71.4,""unit_tests"":1522}"
src_205B_timeseries,829,"{""project_key"":""org.opengrok:opengrok-top"",""date"":""2026-01-19"",""issues"":1049,""technical_debt_days"":17.7417,""lines_of_code"":64462,""line_coverage_pct"":71.4,""unit_tests"":1522}"
src_205B_timeseries,830,"{""project_key"":""org.opengrok:opengrok-top"",""date"":""2026-01-20"",""issues"":1055,""technical_debt_days"":17.8354,""lines_of_code"":64463,""line_coverage_pct"":71.5,""unit_tests"":1523}"
src_205B_timeseries,831,"{""project_key"":""org.opengrok:opengrok-top"",""date"":""2026-01-21"",""issues"":1055,""technical_debt_days"":17.8354,""lines_of_code"":64463,""line_coverage_pct"":71.5,""unit_tests"":1521}"
src_205B_timeseries,832,"{""project_key"":""org.opengrok:opengrok-top"",""date"":""2026-01-22"",""issues"":1055,""technical_debt_days"":17.8354,""lines_of_code"":64476,""line_coverage_pct"":71.4,""unit_tests"":1524}"
src_205B_timeseries,833,"{""project_key"":""org.opengrok:opengrok-top"",""date"":""2026-01-23"",""issues"":1055,""technical_debt_days"":17.8354,""lines_of_code"":64476,""line_coverage_pct"":71.1,""unit_tests"":1517}"
src_205B_timeseries,834,"{""project_key"":""org.opengrok:opengrok-top"",""date"":""2026-01-24"",""issues"":1055,""technical_debt_days"":17.8354,""lines_of_code"":64476,""line_coverage_pct"":71.1,""unit_tests"":1517}"
src_205B_timeseries,835,"{""project_key"":""org.opengrok:opengrok-top"",""date"":""2026-01-25"",""issues"":1055,""technical_debt_days"":17.8354,""lines_of_code"":64476,""line_coverage_pct"":71.1,""unit_tests"":1517}"
src_205B_timeseries,836,"{""project_key"":""org.opengrok:opengrok-top"",""date"":""2026-01-26"",""issues"":1055,""technical_debt_days"":17.8354,""lines_of_code"":64476,""line_coverage_pct"":71.1,""unit_tests"":1517}"
src_205B_timeseries,837,"{""project_key"":""org.opengrok:opengrok-top"",""date"":""2026-01-27"",""issues"":1055,""technical_debt_days"":17.8354,""lines_of_code"":64476,""line_coverage_pct"":71.1,""unit_tests"":1517}"
src_205B_timeseries,838,"{""project_key"":""org.opengrok:opengrok-top"",""date"":""2026-01-28"",""issues"":1055,""technical_debt_days"":17.8354,""lines_of_code"":64476,""line_coverage_pct"":71.1,""unit_tests"":1517}"
src_205B_timeseries,839,"{""project_key"":""org.opengrok:opengrok-top"",""date"":""2026-01-29"",""issues"":1055,""technical_debt_days"":17.8354,""lines_of_code"":64476,""line_coverage_pct"":71.1,""unit_tests"":1517}"
src_205B_timeseries,840,"{""project_key"":""org.opengrok:opengrok-top"",""date"":""2026-01-30"",""issues"":1055,""technical_debt_days"":17.8354,""lines_of_code"":64476,""line_coverage_pct"":71.1,""unit_tests"":1517}"
src_205B_timeseries,841,"{""project_key"":""org.opengrok:opengrok-top"",""date"":""2026-01-31"",""issues"":1055,""technical_debt_days"":17.8354,""lines_of_code"":64476,""line_coverage_pct"":71.1,""unit_tests"":1517}"
src_205B_timeseries,842,"{""project_key"":""org.opengrok:opengrok-top"",""date"":""2026-02-01"",""issues"":1055,""technical_debt_days"":17.8354,""lines_of_code"":64476,""line_coverage_pct"":71.1,""unit_tests"":1517}"
src_205B_timeseries,843,"{""project_key"":""org.opengrok:opengrok-top"",""date"":""2026-02-02"",""issues"":1055,""technical_debt_days"":17.8354,""lines_of_code"":64476,""line_coverage_pct"":71.1,""unit_tests"":1517}"
src_205B_timeseries,844,"{""project_key"":""org.opengrok:opengrok-top"",""date"":""2026-02-03"",""issues"":1055,""technical_debt_days"":17.8354,""lines_of_code"":64476,""line_coverage_pct"":71.1,""unit_tests"":1517}"
src_205B_timeseries,845,"{""project_key"":""org.opengrok:opengrok-top"",""date"":""2026-02-04"",""issues"":1055,""technical_debt_days"":17.8354,""lines_of_code"":64476,""line_coverage_pct"":71.1,""unit_tests"":1517}"
src_205B_timeseries,846,"{""project_key"":""org.opengrok:opengrok-top"",""date"":""2026-02-05"",""issues"":1057,""technical_debt_days"":17.8562,""lines_of_code"":64487,""line_coverage_pct"":71.4,""unit_tests"":1523}"
src_205B_timeseries,847,"{""project_key"":""org.opengrok:opengrok-top"",""date"":""2026-02-06"",""issues"":1057,""technical_debt_days"":17.8562,""lines_of_code"":64487,""line_coverage_pct"":71.4,""unit_tests"":1523}"
src_205B_timeseries,848,"{""project_key"":""org.opengrok:opengrok-top"",""date"":""2026-02-07"",""issues"":1057,""technical_debt_days"":17.8562,""lines_of_code"":64487,""line_coverage_pct"":71.4,""unit_tests"":1523}"
src_205B_timeseries,849,"{""project_key"":""org.opengrok:opengrok-top"",""date"":""2026-02-08"",""issues"":1057,""technical_debt_days"":17.8562,""lines_of_code"":64487,""line_coverage_pct"":71.4,""unit_tests"":1523}"
src_205B_timeseries,850,"{""project_key"":""org.opengrok:opengrok-top"",""date"":""2026-02-09"",""issues"":1057,""technical_debt_days"":17.8562,""lines_of_code"":64487,""line_coverage_pct"":71.4,""unit_tests"":1523}"
src_205B_timeseries,851,"{""project_key"":""org.opengrok:opengrok-top"",""date"":""2026-02-10"",""issues"":1057,""technical_debt_days"":17.8562,""lines_of_code"":64487,""line_coverage_pct"":71.4,""unit_tests"":1523}"
src_205B_timeseries,852,"{""project_key"":""org.opengrok:opengrok-top"",""date"":""2026-02-11"",""issues"":1057,""technical_debt_days"":17.8562,""lines_of_code"":64487,""line_coverage_pct"":71.4,""unit_tests"":1523}"
src_205B_timeseries,853,"{""project_key"":""org.opengrok:opengrok-top"",""date"":""2026-02-12"",""issues"":1057,""technical_debt_days"":17.8562,""lines_of_code"":64487,""line_coverage_pct"":71.4,""unit_tests"":1523}"
src_205B_timeseries,854,"{""project_key"":""org.opengrok:opengrok-top"",""date"":""2026-02-13"",""issues"":1057,""technical_debt_days"":17.8562,""lines_of_code"":64487,""line_coverage_pct"":71.4,""unit_tests"":1523}"
src_205B_timeseries,855,"{""project_key"":""org.opengrok:opengrok-top"",""date"":""2026-02-14"",""issues"":1057,""technical_debt_days"":17.8562,""lines_of_code"":64487,""line_coverage_pct"":71.4,""unit_tests"":1523}"
src_205B_timeseries,856,"{""project_key"":""org.opengrok:opengrok-top"",""date"":""2026-02-15"",""issues"":1057,""technical_debt_days"":17.8562,""lines_of_code"":64487,""line_coverage_pct"":71.4,""unit_tests"":1523}"
src_205B_timeseries,857,"{""project_key"":""org.opengrok:opengrok-top"",""date"":""2026-02-16"",""issues"":1057,""technical_debt_days"":17.8562,""lines_of_code"":64487,""line_coverage_pct"":71.4,""unit_tests"":1523}"
src_205B_timeseries,858,"{""project_key"":""org.opengrok:opengrok-top"",""date"":""2026-02-17"",""issues"":1057,""technical_debt_days"":17.8562,""lines_of_code"":64487,""line_coverage_pct"":71.4,""unit_tests"":1523}"
src_205B_timeseries,859,"{""project_key"":""org.opengrok:opengrok-top"",""date"":""2026-02-18"",""issues"":1057,""technical_debt_days"":17.8562,""lines_of_code"":64487,""line_coverage_pct"":71.4,""unit_tests"":1523}"
src_205B_timeseries,860,"{""project_key"":""org.opengrok:opengrok-top"",""date"":""2026-02-19"",""issues"":1057,""technical_debt_days"":17.8562,""lines_of_code"":64487,""line_coverage_pct"":71.4,""unit_tests"":1523}"
src_205B_timeseries,861,"{""project_key"":""org.opengrok:opengrok-top"",""date"":""2026-02-20"",""issues"":1057,""technical_debt_days"":17.8562,""lines_of_code"":64487,""line_coverage_pct"":71.4,""unit_tests"":1523}"
src_205B_timeseries,862,"{""project_key"":""org.opengrok:opengrok-top"",""date"":""2026-02-21"",""issues"":1057,""technical_debt_days"":17.8562,""lines_of_code"":64487,""line_coverage_pct"":71.4,""unit_tests"":1523}"
src_205B_timeseries,863,"{""project_key"":""org.opengrok:opengrok-top"",""date"":""2026-02-22"",""issues"":1057,""technical_debt_days"":17.8562,""lines_of_code"":64487,""line_coverage_pct"":71.4,""unit_tests"":1523}"
src_205B_timeseries,864,"{""project_key"":""org.opengrok:opengrok-top"",""date"":""2026-02-23"",""issues"":1057,""technical_debt_days"":17.8562,""lines_of_code"":64487,""line_coverage_pct"":71.4,""unit_tests"":1523}"
src_205B_timeseries,865,"{""project_key"":""org.opengrok:opengrok-top"",""date"":""2026-02-24"",""issues"":1057,""technical_debt_days"":17.8562,""lines_of_code"":64487,""line_coverage_pct"":71.4,""unit_tests"":1523}"
src_205B_timeseries,866,"{""project_key"":""org.opengrok:opengrok-top"",""date"":""2026-02-25"",""issues"":1057,""technical_debt_days"":17.8562,""lines_of_code"":64487,""line_coverage_pct"":71.4,""unit_tests"":1523}"
src_205B_timeseries,867,"{""project_key"":""org.opengrok:opengrok-top"",""date"":""2026-02-26"",""issues"":1057,""technical_debt_days"":17.8562,""lines_of_code"":64487,""line_coverage_pct"":71.4,""unit_tests"":1523}"
src_205B_timeseries,868,"{""project_key"":""org.opengrok:opengrok-top"",""date"":""2026-02-27"",""issues"":1057,""technical_debt_days"":17.8562,""lines_of_code"":64487,""line_coverage_pct"":71.4,""unit_tests"":1523}"
src_205B_timeseries,869,"{""project_key"":""org.opengrok:opengrok-top"",""date"":""2026-02-28"",""issues"":1057,""technical_debt_days"":17.8562,""lines_of_code"":64487,""line_coverage_pct"":71.4,""unit_tests"":1523}"
src_205B_timeseries,870,"{""project_key"":""org.opengrok:opengrok-top"",""date"":""2026-03-01"",""issues"":1054,""technical_debt_days"":17.8521,""lines_of_code"":64487,""line_coverage_pct"":71.1,""unit_tests"":1518}"
src_205B_timeseries,871,"{""project_key"":""org.opengrok:opengrok-top"",""date"":""2026-03-02"",""issues"":1054,""technical_debt_days"":17.8521,""lines_of_code"":64487,""line_coverage_pct"":71.1,""unit_tests"":1518}"
src_205B_timeseries,872,"{""project_key"":""org.opengrok:opengrok-top"",""date"":""2026-03-03"",""issues"":1054,""technical_debt_days"":17.8521,""lines_of_code"":64487,""line_coverage_pct"":71.1,""unit_tests"":1518}"
src_205B_timeseries,873,"{""project_key"":""org.opengrok:opengrok-top"",""date"":""2026-03-04"",""issues"":1054,""technical_debt_days"":17.8521,""lines_of_code"":64487,""line_coverage_pct"":71.1,""unit_tests"":1518}"
src_205B_timeseries,874,"{""project_key"":""org.opengrok:opengrok-top"",""date"":""2026-03-05"",""issues"":1054,""technical_debt_days"":17.8521,""lines_of_code"":64487,""line_coverage_pct"":71.1,""unit_tests"":1518}"
src_205B_timeseries,875,"{""project_key"":""org.opengrok:opengrok-top"",""date"":""2026-03-06"",""issues"":1054,""technical_debt_days"":17.8521,""lines_of_code"":64487,""line_coverage_pct"":71.1,""unit_tests"":1518}"
src_205B_timeseries,876,"{""project_key"":""org.opengrok:opengrok-top"",""date"":""2026-03-07"",""issues"":1054,""technical_debt_days"":17.8521,""lines_of_code"":64487,""line_coverage_pct"":71.1,""unit_tests"":1518}"
src_205B_timeseries,877,"{""project_key"":""org.opengrok:opengrok-top"",""date"":""2026-03-08"",""issues"":1054,""technical_debt_days"":17.8521,""lines_of_code"":64487,""line_coverage_pct"":71.1,""unit_tests"":1518}"
src_205B_timeseries,878,"{""project_key"":""org.opengrok:opengrok-top"",""date"":""2026-03-09"",""issues"":1054,""technical_debt_days"":17.8521,""lines_of_code"":64487,""line_coverage_pct"":71.1,""unit_tests"":1518}"
src_205B_timeseries,879,"{""project_key"":""org.opengrok:opengrok-top"",""date"":""2026-03-10"",""issues"":1054,""technical_debt_days"":17.8521,""lines_of_code"":64487,""line_coverage_pct"":71.1,""unit_tests"":1518}"
src_205B_timeseries,880,"{""project_key"":""org.opengrok:opengrok-top"",""date"":""2026-03-11"",""issues"":1054,""technical_debt_days"":17.8521,""lines_of_code"":64487,""line_coverage_pct"":71.1,""unit_tests"":1518}"
src_205B_timeseries,881,"{""project_key"":""org.opengrok:opengrok-top"",""date"":""2026-03-12"",""issues"":1054,""technical_debt_days"":17.8521,""lines_of_code"":64487,""line_coverage_pct"":71.1,""unit_tests"":1518}"
src_205B_timeseries,882,"{""project_key"":""org.opengrok:opengrok-top"",""date"":""2026-03-13"",""issues"":1054,""technical_debt_days"":17.8521,""lines_of_code"":64487,""line_coverage_pct"":71.1,""unit_tests"":1518}"
src_205B_timeseries,883,"{""project_key"":""org.opengrok:opengrok-top"",""date"":""2026-03-14"",""issues"":1054,""technical_debt_days"":17.8521,""lines_of_code"":64487,""line_coverage_pct"":71.1,""unit_tests"":1518}"
src_205B_timeseries,884,"{""project_key"":""org.opengrok:opengrok-top"",""date"":""2026-03-15"",""issues"":1054,""technical_debt_days"":17.8521,""lines_of_code"":64487,""line_coverage_pct"":71.1,""unit_tests"":1518}"
src_205B_timeseries,885,"{""project_key"":""org.opengrok:opengrok-top"",""date"":""2026-03-16"",""issues"":1054,""technical_debt_days"":17.8521,""lines_of_code"":64487,""line_coverage_pct"":71.1,""unit_tests"":1518}"
src_205B_timeseries,886,"{""project_key"":""org.opengrok:opengrok-top"",""date"":""2026-03-17"",""issues"":1054,""technical_debt_days"":17.8521,""lines_of_code"":64487,""line_coverage_pct"":71.1,""unit_tests"":1518}"
src_205B_timeseries,887,"{""project_key"":""org.opengrok:opengrok-top"",""date"":""2026-03-18"",""issues"":1054,""technical_debt_days"":17.8521,""lines_of_code"":64487,""line_coverage_pct"":71.1,""unit_tests"":1518}"
src_205B_timeseries,888,"{""project_key"":""org.opengrok:opengrok-top"",""date"":""2026-03-19"",""issues"":1054,""technical_debt_days"":17.8521,""lines_of_code"":64487,""line_coverage_pct"":71.1,""unit_tests"":1518}"
src_205B_timeseries,889,"{""project_key"":""org.opengrok:opengrok-top"",""date"":""2026-03-20"",""issues"":1054,""technical_debt_days"":17.8521,""lines_of_code"":64487,""line_coverage_pct"":71.1,""unit_tests"":1518}"
src_205B_timeseries,890,"{""project_key"":""org.opengrok:opengrok-top"",""date"":""2026-03-21"",""issues"":1054,""technical_debt_days"":17.8521,""lines_of_code"":64487,""line_coverage_pct"":71.1,""unit_tests"":1518}"
src_205B_timeseries,891,"{""project_key"":""org.opengrok:opengrok-top"",""date"":""2026-03-22"",""issues"":1054,""technical_debt_days"":17.8521,""lines_of_code"":64487,""line_coverage_pct"":71.1,""unit_tests"":1518}"
src_205B_timeseries,892,"{""project_key"":""org.opengrok:opengrok-top"",""date"":""2026-03-23"",""issues"":1054,""technical_debt_days"":17.8521,""lines_of_code"":64487,""line_coverage_pct"":71.1,""unit_tests"":1518}"
src_205B_timeseries,893,"{""project_key"":""org.opengrok:opengrok-top"",""date"":""2026-03-24"",""issues"":1054,""technical_debt_days"":17.8521,""lines_of_code"":64487,""line_coverage_pct"":71.1,""unit_tests"":1518}"
src_205B_timeseries,894,"{""project_key"":""org.opengrok:opengrok-top"",""date"":""2026-03-25"",""issues"":1054,""technical_debt_days"":17.8521,""lines_of_code"":64487,""line_coverage_pct"":71.1,""unit_tests"":1518}"
src_205B_timeseries,895,"{""project_key"":""org.opengrok:opengrok-top"",""date"":""2026-03-26"",""issues"":1054,""technical_debt_days"":17.8521,""lines_of_code"":64487,""line_coverage_pct"":71.1,""unit_tests"":1518}"
src_205B_timeseries,896,"{""project_key"":""org.opengrok:opengrok-top"",""date"":""2026-03-27"",""issues"":1054,""technical_debt_days"":17.8521,""lines_of_code"":64487,""line_coverage_pct"":71.1,""unit_tests"":1518}"
src_205B_timeseries,897,"{""project_key"":""org.opengrok:opengrok-top"",""date"":""2026-03-28"",""issues"":1054,""technical_debt_days"":17.8521,""lines_of_code"":64487,""line_coverage_pct"":71.1,""unit_tests"":1518}"
src_205B_timeseries,898,"{""project_key"":""org.opengrok:opengrok-top"",""date"":""2026-03-29"",""issues"":1054,""technical_debt_days"":17.8521,""lines_of_code"":64444,""line_coverage_pct"":71.1,""unit_tests"":1519}"
src_205B_timeseries,899,"{""project_key"":""org.opengrok:opengrok-top"",""date"":""2026-03-30"",""issues"":1054,""technical_debt_days"":17.8521,""lines_of_code"":64444,""line_coverage_pct"":71.1,""unit_tests"":1519}"
src_205B_timeseries,900,"{""project_key"":""org.opengrok:opengrok-top"",""date"":""2026-03-31"",""issues"":1054,""technical_debt_days"":17.8521,""lines_of_code"":64444,""line_coverage_pct"":71.1,""unit_tests"":1519}"
src_205B_timeseries,901,"{""project_key"":""mpieniak01_Venom"",""date"":""2026-01-01"",""issues"":null,""technical_debt_days"":null,""lines_of_code"":null,""line_coverage_pct"":null,""unit_tests"":null}"
src_205B_timeseries,902,"{""project_key"":""mpieniak01_Venom"",""date"":""2026-01-02"",""issues"":null,""technical_debt_days"":null,""lines_of_code"":null,""line_coverage_pct"":null,""unit_tests"":null}"
src_205B_timeseries,903,"{""project_key"":""mpieniak01_Venom"",""date"":""2026-01-03"",""issues"":null,""technical_debt_days"":null,""lines_of_code"":null,""line_coverage_pct"":null,""unit_tests"":null}"
src_205B_timeseries,904,"{""project_key"":""mpieniak01_Venom"",""date"":""2026-01-04"",""issues"":null,""technical_debt_days"":null,""lines_of_code"":null,""line_coverage_pct"":null,""unit_tests"":null}"
src_205B_timeseries,905,"{""project_key"":""mpieniak01_Venom"",""date"":""2026-01-05"",""issues"":null,""technical_debt_days"":null,""lines_of_code"":null,""line_coverage_pct"":null,""unit_tests"":null}"
src_205B_timeseries,906,"{""project_key"":""mpieniak01_Venom"",""date"":""2026-01-06"",""issues"":null,""technical_debt_days"":null,""lines_of_code"":null,""line_coverage_pct"":null,""unit_tests"":null}"
src_205B_timeseries,907,"{""project_key"":""mpieniak01_Venom"",""date"":""2026-01-07"",""issues"":null,""technical_debt_days"":null,""lines_of_code"":null,""line_coverage_pct"":null,""unit_tests"":null}"
src_205B_timeseries,908,"{""project_key"":""mpieniak01_Venom"",""date"":""2026-01-08"",""issues"":null,""technical_debt_days"":null,""lines_of_code"":null,""line_coverage_pct"":null,""unit_tests"":null}"
src_205B_timeseries,909,"{""project_key"":""mpieniak01_Venom"",""date"":""2026-01-09"",""issues"":null,""technical_debt_days"":null,""lines_of_code"":null,""line_coverage_pct"":null,""unit_tests"":null}"
src_205B_timeseries,910,"{""project_key"":""mpieniak01_Venom"",""date"":""2026-01-10"",""issues"":null,""technical_debt_days"":null,""lines_of_code"":null,""line_coverage_pct"":null,""unit_tests"":null}"
src_205B_timeseries,911,"{""project_key"":""mpieniak01_Venom"",""date"":""2026-01-11"",""issues"":null,""technical_debt_days"":null,""lines_of_code"":null,""line_coverage_pct"":null,""unit_tests"":null}"
src_205B_timeseries,912,"{""project_key"":""mpieniak01_Venom"",""date"":""2026-01-12"",""issues"":null,""technical_debt_days"":null,""lines_of_code"":null,""line_coverage_pct"":null,""unit_tests"":null}"
src_205B_timeseries,913,"{""project_key"":""mpieniak01_Venom"",""date"":""2026-01-13"",""issues"":null,""technical_debt_days"":null,""lines_of_code"":null,""line_coverage_pct"":null,""unit_tests"":null}"
src_205B_timeseries,914,"{""project_key"":""mpieniak01_Venom"",""date"":""2026-01-14"",""issues"":null,""technical_debt_days"":null,""lines_of_code"":null,""line_coverage_pct"":null,""unit_tests"":null}"
src_205B_timeseries,915,"{""project_key"":""mpieniak01_Venom"",""date"":""2026-01-15"",""issues"":null,""technical_debt_days"":null,""lines_of_code"":null,""line_coverage_pct"":null,""unit_tests"":null}"
src_205B_timeseries,916,"{""project_key"":""mpieniak01_Venom"",""date"":""2026-01-16"",""issues"":null,""technical_debt_days"":null,""lines_of_code"":null,""line_coverage_pct"":null,""unit_tests"":null}"
src_205B_timeseries,917,"{""project_key"":""mpieniak01_Venom"",""date"":""2026-01-17"",""issues"":null,""technical_debt_days"":null,""lines_of_code"":null,""line_coverage_pct"":null,""unit_tests"":null}"
src_205B_timeseries,918,"{""project_key"":""mpieniak01_Venom"",""date"":""2026-01-18"",""issues"":null,""technical_debt_days"":null,""lines_of_code"":null,""line_coverage_pct"":null,""unit_tests"":null}"
src_205B_timeseries,919,"{""project_key"":""mpieniak01_Venom"",""date"":""2026-01-19"",""issues"":null,""technical_debt_days"":null,""lines_of_code"":null,""line_coverage_pct"":null,""unit_tests"":null}"
src_205B_timeseries,920,"{""project_key"":""mpieniak01_Venom"",""date"":""2026-01-20"",""issues"":null,""technical_debt_days"":null,""lines_of_code"":null,""line_coverage_pct"":null,""unit_tests"":null}"
src_205B_timeseries,921,"{""project_key"":""mpieniak01_Venom"",""date"":""2026-01-21"",""issues"":null,""technical_debt_days"":null,""lines_of_code"":null,""line_coverage_pct"":null,""unit_tests"":null}"
src_205B_timeseries,922,"{""project_key"":""mpieniak01_Venom"",""date"":""2026-01-22"",""issues"":null,""technical_debt_days"":null,""lines_of_code"":null,""line_coverage_pct"":null,""unit_tests"":null}"
src_205B_timeseries,923,"{""project_key"":""mpieniak01_Venom"",""date"":""2026-01-23"",""issues"":null,""technical_debt_days"":null,""lines_of_code"":null,""line_coverage_pct"":null,""unit_tests"":null}"
src_205B_timeseries,924,"{""project_key"":""mpieniak01_Venom"",""date"":""2026-01-24"",""issues"":null,""technical_debt_days"":null,""lines_of_code"":null,""line_coverage_pct"":null,""unit_tests"":null}"
src_205B_timeseries,925,"{""project_key"":""mpieniak01_Venom"",""date"":""2026-01-25"",""issues"":null,""technical_debt_days"":null,""lines_of_code"":null,""line_coverage_pct"":null,""unit_tests"":null}"
src_205B_timeseries,926,"{""project_key"":""mpieniak01_Venom"",""date"":""2026-01-26"",""issues"":null,""technical_debt_days"":null,""lines_of_code"":null,""line_coverage_pct"":null,""unit_tests"":null}"
src_205B_timeseries,927,"{""project_key"":""mpieniak01_Venom"",""date"":""2026-01-27"",""issues"":null,""technical_debt_days"":null,""lines_of_code"":null,""line_coverage_pct"":null,""unit_tests"":null}"
src_205B_timeseries,928,"{""project_key"":""mpieniak01_Venom"",""date"":""2026-01-28"",""issues"":null,""technical_debt_days"":null,""lines_of_code"":null,""line_coverage_pct"":null,""unit_tests"":null}"
src_205B_timeseries,929,"{""project_key"":""mpieniak01_Venom"",""date"":""2026-01-29"",""issues"":null,""technical_debt_days"":null,""lines_of_code"":null,""line_coverage_pct"":null,""unit_tests"":null}"
src_205B_timeseries,930,"{""project_key"":""mpieniak01_Venom"",""date"":""2026-01-30"",""issues"":null,""technical_debt_days"":null,""lines_of_code"":null,""line_coverage_pct"":null,""unit_tests"":null}"
src_205B_timeseries,931,"{""project_key"":""mpieniak01_Venom"",""date"":""2026-01-31"",""issues"":null,""technical_debt_days"":null,""lines_of_code"":null,""line_coverage_pct"":null,""unit_tests"":null}"
src_205B_timeseries,932,"{""project_key"":""mpieniak01_Venom"",""date"":""2026-02-01"",""issues"":null,""technical_debt_days"":null,""lines_of_code"":null,""line_coverage_pct"":null,""unit_tests"":null}"
src_205B_timeseries,933,"{""project_key"":""mpieniak01_Venom"",""date"":""2026-02-02"",""issues"":null,""technical_debt_days"":null,""lines_of_code"":null,""line_coverage_pct"":null,""unit_tests"":null}"
src_205B_timeseries,934,"{""project_key"":""mpieniak01_Venom"",""date"":""2026-02-03"",""issues"":null,""technical_debt_days"":null,""lines_of_code"":null,""line_coverage_pct"":null,""unit_tests"":null}"
src_205B_timeseries,935,"{""project_key"":""mpieniak01_Venom"",""date"":""2026-02-04"",""issues"":null,""technical_debt_days"":null,""lines_of_code"":null,""line_coverage_pct"":null,""unit_tests"":null}"
src_205B_timeseries,936,"{""project_key"":""mpieniak01_Venom"",""date"":""2026-02-05"",""issues"":null,""technical_debt_days"":null,""lines_of_code"":null,""line_coverage_pct"":null,""unit_tests"":null}"
src_205B_timeseries,937,"{""project_key"":""mpieniak01_Venom"",""date"":""2026-02-06"",""issues"":1650,""technical_debt_days"":18.9708,""lines_of_code"":104950,""line_coverage_pct"":null,""unit_tests"":null}"
src_205B_timeseries,938,"{""project_key"":""mpieniak01_Venom"",""date"":""2026-02-07"",""issues"":1650,""technical_debt_days"":18.9708,""lines_of_code"":104950,""line_coverage_pct"":null,""unit_tests"":null}"
src_205B_timeseries,939,"{""project_key"":""mpieniak01_Venom"",""date"":""2026-02-08"",""issues"":1650,""technical_debt_days"":18.9708,""lines_of_code"":104950,""line_coverage_pct"":null,""unit_tests"":null}"
src_205B_timeseries,940,"{""project_key"":""mpieniak01_Venom"",""date"":""2026-02-09"",""issues"":1650,""technical_debt_days"":18.9708,""lines_of_code"":104950,""line_coverage_pct"":null,""unit_tests"":null}"
src_205B_timeseries,941,"{""project_key"":""mpieniak01_Venom"",""date"":""2026-02-10"",""issues"":267,""technical_debt_days"":2.6104,""lines_of_code"":75403,""line_coverage_pct"":68.7,""unit_tests"":1391}"
src_205B_timeseries,942,"{""project_key"":""mpieniak01_Venom"",""date"":""2026-02-11"",""issues"":267,""technical_debt_days"":2.6104,""lines_of_code"":75403,""line_coverage_pct"":68.7,""unit_tests"":1391}"
src_205B_timeseries,943,"{""project_key"":""mpieniak01_Venom"",""date"":""2026-02-12"",""issues"":267,""technical_debt_days"":2.6104,""lines_of_code"":75403,""line_coverage_pct"":68.7,""unit_tests"":1391}"
src_205B_timeseries,944,"{""project_key"":""mpieniak01_Venom"",""date"":""2026-02-13"",""issues"":79,""technical_debt_days"":0.6604,""lines_of_code"":80637,""line_coverage_pct"":74.3,""unit_tests"":1947}"
src_205B_timeseries,945,"{""project_key"":""mpieniak01_Venom"",""date"":""2026-02-14"",""issues"":162,""technical_debt_days"":1.8313,""lines_of_code"":90105,""line_coverage_pct"":59.0,""unit_tests"":1205}"
src_205B_timeseries,946,"{""project_key"":""mpieniak01_Venom"",""date"":""2026-02-15"",""issues"":162,""technical_debt_days"":1.8313,""lines_of_code"":90105,""line_coverage_pct"":59.0,""unit_tests"":1205}"
src_205B_timeseries,947,"{""project_key"":""mpieniak01_Venom"",""date"":""2026-02-16"",""issues"":162,""technical_debt_days"":1.8313,""lines_of_code"":90105,""line_coverage_pct"":59.0,""unit_tests"":1205}"
src_205B_timeseries,948,"{""project_key"":""mpieniak01_Venom"",""date"":""2026-02-17"",""issues"":162,""technical_debt_days"":1.8313,""lines_of_code"":90105,""line_coverage_pct"":59.0,""unit_tests"":1205}"
src_205B_timeseries,949,"{""project_key"":""mpieniak01_Venom"",""date"":""2026-02-18"",""issues"":162,""technical_debt_days"":1.8313,""lines_of_code"":90105,""line_coverage_pct"":59.0,""unit_tests"":1205}"
src_205B_timeseries,950,"{""project_key"":""mpieniak01_Venom"",""date"":""2026-02-19"",""issues"":162,""technical_debt_days"":1.8313,""lines_of_code"":90105,""line_coverage_pct"":59.0,""unit_tests"":1205}"
src_205B_timeseries,951,"{""project_key"":""mpieniak01_Venom"",""date"":""2026-02-20"",""issues"":162,""technical_debt_days"":1.8313,""lines_of_code"":90105,""line_coverage_pct"":59.0,""unit_tests"":1205}"
src_205B_timeseries,952,"{""project_key"":""mpieniak01_Venom"",""date"":""2026-02-21"",""issues"":162,""technical_debt_days"":1.8313,""lines_of_code"":90105,""line_coverage_pct"":59.0,""unit_tests"":1205}"
src_205B_timeseries,953,"{""project_key"":""mpieniak01_Venom"",""date"":""2026-02-22"",""issues"":79,""technical_debt_days"":0.8208,""lines_of_code"":101943,""line_coverage_pct"":54.9,""unit_tests"":1247}"
src_205B_timeseries,954,"{""project_key"":""mpieniak01_Venom"",""date"":""2026-02-23"",""issues"":79,""technical_debt_days"":0.8208,""lines_of_code"":101943,""line_coverage_pct"":54.9,""unit_tests"":1247}"
src_205B_timeseries,955,"{""project_key"":""mpieniak01_Venom"",""date"":""2026-02-24"",""issues"":79,""technical_debt_days"":0.8208,""lines_of_code"":101943,""line_coverage_pct"":54.9,""unit_tests"":1247}"
src_205B_timeseries,956,"{""project_key"":""mpieniak01_Venom"",""date"":""2026-02-25"",""issues"":79,""technical_debt_days"":0.8208,""lines_of_code"":101943,""line_coverage_pct"":54.9,""unit_tests"":1247}"
src_205B_timeseries,957,"{""project_key"":""mpieniak01_Venom"",""date"":""2026-02-26"",""issues"":79,""technical_debt_days"":0.8208,""lines_of_code"":101943,""line_coverage_pct"":54.9,""unit_tests"":1247}"
src_205B_timeseries,958,"{""project_key"":""mpieniak01_Venom"",""date"":""2026-02-27"",""issues"":79,""technical_debt_days"":0.8208,""lines_of_code"":101943,""line_coverage_pct"":54.9,""unit_tests"":1247}"
src_205B_timeseries,959,"{""project_key"":""mpieniak01_Venom"",""date"":""2026-02-28"",""issues"":79,""technical_debt_days"":0.8208,""lines_of_code"":101943,""line_coverage_pct"":54.9,""unit_tests"":1247}"
src_205B_timeseries,960,"{""project_key"":""mpieniak01_Venom"",""date"":""2026-03-01"",""issues"":1,""technical_debt_days"":0.0417,""lines_of_code"":107223,""line_coverage_pct"":78.6,""unit_tests"":8}"
src_205B_timeseries,961,"{""project_key"":""mpieniak01_Venom"",""date"":""2026-03-02"",""issues"":1,""technical_debt_days"":0.0417,""lines_of_code"":107223,""line_coverage_pct"":78.6,""unit_tests"":8}"
src_205B_timeseries,962,"{""project_key"":""mpieniak01_Venom"",""date"":""2026-03-03"",""issues"":1,""technical_debt_days"":0.0417,""lines_of_code"":107223,""line_coverage_pct"":78.6,""unit_tests"":8}"
src_205B_timeseries,963,"{""project_key"":""mpieniak01_Venom"",""date"":""2026-03-04"",""issues"":1,""technical_debt_days"":0.0417,""lines_of_code"":107223,""line_coverage_pct"":78.6,""unit_tests"":8}"
src_205B_timeseries,964,"{""project_key"":""mpieniak01_Venom"",""date"":""2026-03-05"",""issues"":1,""technical_debt_days"":0.0417,""lines_of_code"":107223,""line_coverage_pct"":78.6,""unit_tests"":8}"
src_205B_timeseries,965,"{""project_key"":""mpieniak01_Venom"",""date"":""2026-03-06"",""issues"":1,""technical_debt_days"":0.0417,""lines_of_code"":107223,""line_coverage_pct"":78.6,""unit_tests"":8}"
src_205B_timeseries,966,"{""project_key"":""mpieniak01_Venom"",""date"":""2026-03-07"",""issues"":1,""technical_debt_days"":0.0417,""lines_of_code"":107223,""line_coverage_pct"":78.6,""unit_tests"":8}"
src_205B_timeseries,967,"{""project_key"":""mpieniak01_Venom"",""date"":""2026-03-08"",""issues"":1,""technical_debt_days"":0.0417,""lines_of_code"":107223,""line_coverage_pct"":78.6,""unit_tests"":8}"
src_205B_timeseries,968,"{""project_key"":""mpieniak01_Venom"",""date"":""2026-03-09"",""issues"":5,""technical_debt_days"":0.2188,""lines_of_code"":125999,""line_coverage_pct"":78.4,""unit_tests"":2806}"
src_205B_timeseries,969,"{""project_key"":""mpieniak01_Venom"",""date"":""2026-03-10"",""issues"":5,""technical_debt_days"":0.2188,""lines_of_code"":125999,""line_coverage_pct"":78.4,""unit_tests"":2806}"
src_205B_timeseries,970,"{""project_key"":""mpieniak01_Venom"",""date"":""2026-03-11"",""issues"":5,""technical_debt_days"":0.2188,""lines_of_code"":125999,""line_coverage_pct"":78.4,""unit_tests"":2806}"
src_205B_timeseries,971,"{""project_key"":""mpieniak01_Venom"",""date"":""2026-03-12"",""issues"":5,""technical_debt_days"":0.2188,""lines_of_code"":125999,""line_coverage_pct"":78.4,""unit_tests"":2806}"
src_205B_timeseries,972,"{""project_key"":""mpieniak01_Venom"",""date"":""2026-03-13"",""issues"":5,""technical_debt_days"":0.2188,""lines_of_code"":125999,""line_coverage_pct"":78.4,""unit_tests"":2806}"
src_205B_timeseries,973,"{""project_key"":""mpieniak01_Venom"",""date"":""2026-03-14"",""issues"":5,""technical_debt_days"":0.2188,""lines_of_code"":125999,""line_coverage_pct"":78.4,""unit_tests"":2806}"
src_205B_timeseries,974,"{""project_key"":""mpieniak01_Venom"",""date"":""2026-03-15"",""issues"":0,""technical_debt_days"":0.0,""lines_of_code"":131676,""line_coverage_pct"":92.1,""unit_tests"":5289}"
src_205B_timeseries,975,"{""project_key"":""mpieniak01_Venom"",""date"":""2026-03-16"",""issues"":0,""technical_debt_days"":0.0,""lines_of_code"":131999,""line_coverage_pct"":92.1,""unit_tests"":5304}"
src_205B_timeseries,976,"{""project_key"":""mpieniak01_Venom"",""date"":""2026-03-17"",""issues"":0,""technical_debt_days"":0.0,""lines_of_code"":132346,""line_coverage_pct"":92.1,""unit_tests"":5319}"
src_205B_timeseries,977,"{""project_key"":""mpieniak01_Venom"",""date"":""2026-03-18"",""issues"":0,""technical_debt_days"":0.0,""lines_of_code"":133226,""line_coverage_pct"":92.1,""unit_tests"":5340}"
src_205B_timeseries,978,"{""project_key"":""mpieniak01_Venom"",""date"":""2026-03-19"",""issues"":0,""technical_debt_days"":0.0,""lines_of_code"":133226,""line_coverage_pct"":92.1,""unit_tests"":5340}"
src_205B_timeseries,979,"{""project_key"":""mpieniak01_Venom"",""date"":""2026-03-20"",""issues"":0,""technical_debt_days"":0.0,""lines_of_code"":133226,""line_coverage_pct"":92.1,""unit_tests"":5340}"
src_205B_timeseries,980,"{""project_key"":""mpieniak01_Venom"",""date"":""2026-03-21"",""issues"":0,""technical_debt_days"":0.0,""lines_of_code"":133226,""line_coverage_pct"":92.1,""unit_tests"":5340}"
src_205B_timeseries,981,"{""project_key"":""mpieniak01_Venom"",""date"":""2026-03-22"",""issues"":0,""technical_debt_days"":0.0,""lines_of_code"":138011,""line_coverage_pct"":92.2,""unit_tests"":5366}"
src_205B_timeseries,982,"{""project_key"":""mpieniak01_Venom"",""date"":""2026-03-23"",""issues"":0,""technical_debt_days"":0.0,""lines_of_code"":138011,""line_coverage_pct"":92.2,""unit_tests"":5366}"
src_205B_timeseries,983,"{""project_key"":""mpieniak01_Venom"",""date"":""2026-03-24"",""issues"":0,""technical_debt_days"":0.0,""lines_of_code"":138011,""line_coverage_pct"":92.2,""unit_tests"":5366}"
src_205B_timeseries,984,"{""project_key"":""mpieniak01_Venom"",""date"":""2026-03-25"",""issues"":0,""technical_debt_days"":0.0,""lines_of_code"":138011,""line_coverage_pct"":92.2,""unit_tests"":5366}"
src_205B_timeseries,985,"{""project_key"":""mpieniak01_Venom"",""date"":""2026-03-26"",""issues"":0,""technical_debt_days"":0.0,""lines_of_code"":138011,""line_coverage_pct"":92.2,""unit_tests"":5366}"
src_205B_timeseries,986,"{""project_key"":""mpieniak01_Venom"",""date"":""2026-03-27"",""issues"":0,""technical_debt_days"":0.0,""lines_of_code"":138011,""line_coverage_pct"":92.2,""unit_tests"":5366}"
src_205B_timeseries,987,"{""project_key"":""mpieniak01_Venom"",""date"":""2026-03-28"",""issues"":0,""technical_debt_days"":0.0,""lines_of_code"":138011,""line_coverage_pct"":92.2,""unit_tests"":5366}"
src_205B_timeseries,988,"{""project_key"":""mpieniak01_Venom"",""date"":""2026-03-29"",""issues"":0,""technical_debt_days"":0.0,""lines_of_code"":138011,""line_coverage_pct"":92.2,""unit_tests"":5366}"
src_205B_timeseries,989,"{""project_key"":""mpieniak01_Venom"",""date"":""2026-03-30"",""issues"":0,""technical_debt_days"":0.0,""lines_of_code"":138011,""line_coverage_pct"":92.2,""unit_tests"":5366}"
src_205B_timeseries,990,"{""project_key"":""mpieniak01_Venom"",""date"":""2026-03-31"",""issues"":0,""technical_debt_days"":0.0,""lines_of_code"":138011,""line_coverage_pct"":92.2,""unit_tests"":5366}"
src_205C_timeseries,1,"{""project_key"":""FreedomIntelligence/OpenClaw-Medical-Skills"",""date"":""2026-01-01"",""commits"":0,""authors"":0,""additions"":0,""deletions"":0,""churn"":0,""truncated"":false}"
src_205C_timeseries,2,"{""project_key"":""FreedomIntelligence/OpenClaw-Medical-Skills"",""date"":""2026-01-02"",""commits"":0,""authors"":0,""additions"":0,""deletions"":0,""churn"":0,""truncated"":false}"
src_205C_timeseries,3,"{""project_key"":""FreedomIntelligence/OpenClaw-Medical-Skills"",""date"":""2026-01-03"",""commits"":0,""authors"":0,""additions"":0,""deletions"":0,""churn"":0,""truncated"":false}"
src_205C_timeseries,4,"{""project_key"":""FreedomIntelligence/OpenClaw-Medical-Skills"",""date"":""2026-01-04"",""commits"":0,""authors"":0,""additions"":0,""deletions"":0,""churn"":0,""truncated"":false}"
src_205C_timeseries,5,"{""project_key"":""FreedomIntelligence/OpenClaw-Medical-Skills"",""date"":""2026-01-05"",""commits"":0,""authors"":0,""additions"":0,""deletions"":0,""churn"":0,""truncated"":false}"
src_205C_timeseries,6,"{""project_key"":""FreedomIntelligence/OpenClaw-Medical-Skills"",""date"":""2026-01-06"",""commits"":0,""authors"":0,""additions"":0,""deletions"":0,""churn"":0,""truncated"":false}"
src_205C_timeseries,7,"{""project_key"":""FreedomIntelligence/OpenClaw-Medical-Skills"",""date"":""2026-01-07"",""commits"":0,""authors"":0,""additions"":0,""deletions"":0,""churn"":0,""truncated"":false}"
src_205C_timeseries,8,"{""project_key"":""FreedomIntelligence/OpenClaw-Medical-Skills"",""date"":""2026-01-08"",""commits"":0,""authors"":0,""additions"":0,""deletions"":0,""churn"":0,""truncated"":false}"
src_205C_timeseries,9,"{""project_key"":""FreedomIntelligence/OpenClaw-Medical-Skills"",""date"":""2026-01-09"",""commits"":0,""authors"":0,""additions"":0,""deletions"":0,""churn"":0,""truncated"":false}"
src_205C_timeseries,10,"{""project_key"":""FreedomIntelligence/OpenClaw-Medical-Skills"",""date"":""2026-01-10"",""commits"":0,""authors"":0,""additions"":0,""deletions"":0,""churn"":0,""truncated"":false}"
src_205C_timeseries,11,"{""project_key"":""FreedomIntelligence/OpenClaw-Medical-Skills"",""date"":""2026-01-11"",""commits"":0,""authors"":0,""additions"":0,""deletions"":0,""churn"":0,""truncated"":false}"
src_205C_timeseries,12,"{""project_key"":""FreedomIntelligence/OpenClaw-Medical-Skills"",""date"":""2026-01-12"",""commits"":0,""authors"":0,""additions"":0,""deletions"":0,""churn"":0,""truncated"":false}"
src_205C_timeseries,13,"{""project_key"":""FreedomIntelligence/OpenClaw-Medical-Skills"",""date"":""2026-01-13"",""commits"":0,""authors"":0,""additions"":0,""deletions"":0,""churn"":0,""truncated"":false}"
src_205C_timeseries,14,"{""project_key"":""FreedomIntelligence/OpenClaw-Medical-Skills"",""date"":""2026-01-14"",""commits"":0,""authors"":0,""additions"":0,""deletions"":0,""churn"":0,""truncated"":false}"
src_205C_timeseries,15,"{""project_key"":""FreedomIntelligence/OpenClaw-Medical-Skills"",""date"":""2026-01-15"",""commits"":0,""authors"":0,""additions"":0,""deletions"":0,""churn"":0,""truncated"":false}"
src_205C_timeseries,16,"{""project_key"":""FreedomIntelligence/OpenClaw-Medical-Skills"",""date"":""2026-01-16"",""commits"":0,""authors"":0,""additions"":0,""deletions"":0,""churn"":0,""truncated"":false}"
src_205C_timeseries,17,"{""project_key"":""FreedomIntelligence/OpenClaw-Medical-Skills"",""date"":""2026-01-17"",""commits"":0,""authors"":0,""additions"":0,""deletions"":0,""churn"":0,""truncated"":false}"
src_205C_timeseries,18,"{""project_key"":""FreedomIntelligence/OpenClaw-Medical-Skills"",""date"":""2026-01-18"",""commits"":0,""authors"":0,""additions"":0,""deletions"":0,""churn"":0,""truncated"":false}"
src_205C_timeseries,19,"{""project_key"":""FreedomIntelligence/OpenClaw-Medical-Skills"",""date"":""2026-01-19"",""commits"":0,""authors"":0,""additions"":0,""deletions"":0,""churn"":0,""truncated"":false}"
src_205C_timeseries,20,"{""project_key"":""FreedomIntelligence/OpenClaw-Medical-Skills"",""date"":""2026-01-20"",""commits"":0,""authors"":0,""additions"":0,""deletions"":0,""churn"":0,""truncated"":false}"
src_205C_timeseries,21,"{""project_key"":""FreedomIntelligence/OpenClaw-Medical-Skills"",""date"":""2026-01-21"",""commits"":0,""authors"":0,""additions"":0,""deletions"":0,""churn"":0,""truncated"":false}"
src_205C_timeseries,22,"{""project_key"":""FreedomIntelligence/OpenClaw-Medical-Skills"",""date"":""2026-01-22"",""commits"":0,""authors"":0,""additions"":0,""deletions"":0,""churn"":0,""truncated"":false}"
src_205C_timeseries,23,"{""project_key"":""FreedomIntelligence/OpenClaw-Medical-Skills"",""date"":""2026-01-23"",""commits"":0,""authors"":0,""additions"":0,""deletions"":0,""churn"":0,""truncated"":false}"
src_205C_timeseries,24,"{""project_key"":""FreedomIntelligence/OpenClaw-Medical-Skills"",""date"":""2026-01-24"",""commits"":0,""authors"":0,""additions"":0,""deletions"":0,""churn"":0,""truncated"":false}"
src_205C_timeseries,25,"{""project_key"":""FreedomIntelligence/OpenClaw-Medical-Skills"",""date"":""2026-01-25"",""commits"":0,""authors"":0,""additions"":0,""deletions"":0,""churn"":0,""truncated"":false}"
src_205C_timeseries,26,"{""project_key"":""FreedomIntelligence/OpenClaw-Medical-Skills"",""date"":""2026-01-26"",""commits"":0,""authors"":0,""additions"":0,""deletions"":0,""churn"":0,""truncated"":false}"
src_205C_timeseries,27,"{""project_key"":""FreedomIntelligence/OpenClaw-Medical-Skills"",""date"":""2026-01-27"",""commits"":0,""authors"":0,""additions"":0,""deletions"":0,""churn"":0,""truncated"":false}"
src_205C_timeseries,28,"{""project_key"":""FreedomIntelligence/OpenClaw-Medical-Skills"",""date"":""2026-01-28"",""commits"":0,""authors"":0,""additions"":0,""deletions"":0,""churn"":0,""truncated"":false}"
src_205C_timeseries,29,"{""project_key"":""FreedomIntelligence/OpenClaw-Medical-Skills"",""date"":""2026-01-29"",""commits"":0,""authors"":0,""additions"":0,""deletions"":0,""churn"":0,""truncated"":false}"
src_205C_timeseries,30,"{""project_key"":""FreedomIntelligence/OpenClaw-Medical-Skills"",""date"":""2026-01-30"",""commits"":0,""authors"":0,""additions"":0,""deletions"":0,""churn"":0,""truncated"":false}"
src_205C_timeseries,31,"{""project_key"":""FreedomIntelligence/OpenClaw-Medical-Skills"",""date"":""2026-01-31"",""commits"":0,""authors"":0,""additions"":0,""deletions"":0,""churn"":0,""truncated"":false}"
src_205C_timeseries,32,"{""project_key"":""FreedomIntelligence/OpenClaw-Medical-Skills"",""date"":""2026-02-01"",""commits"":0,""authors"":0,""additions"":0,""deletions"":0,""churn"":0,""truncated"":false}"
src_205C_timeseries,33,"{""project_key"":""FreedomIntelligence/OpenClaw-Medical-Skills"",""date"":""2026-02-02"",""commits"":0,""authors"":0,""additions"":0,""deletions"":0,""churn"":0,""truncated"":false}"
src_205C_timeseries,34,"{""project_key"":""FreedomIntelligence/OpenClaw-Medical-Skills"",""date"":""2026-02-03"",""commits"":0,""authors"":0,""additions"":0,""deletions"":0,""churn"":0,""truncated"":false}"
src_205C_timeseries,35,"{""project_key"":""FreedomIntelligence/OpenClaw-Medical-Skills"",""date"":""2026-02-04"",""commits"":0,""authors"":0,""additions"":0,""deletions"":0,""churn"":0,""truncated"":false}"
src_205C_timeseries,36,"{""project_key"":""FreedomIntelligence/OpenClaw-Medical-Skills"",""date"":""2026-02-05"",""commits"":0,""authors"":0,""additions"":0,""deletions"":0,""churn"":0,""truncated"":false}"
src_205C_timeseries,37,"{""project_key"":""FreedomIntelligence/OpenClaw-Medical-Skills"",""date"":""2026-02-06"",""commits"":0,""authors"":0,""additions"":0,""deletions"":0,""churn"":0,""truncated"":false}"
src_205C_timeseries,38,"{""project_key"":""FreedomIntelligence/OpenClaw-Medical-Skills"",""date"":""2026-02-07"",""commits"":0,""authors"":0,""additions"":0,""deletions"":0,""churn"":0,""truncated"":false}"
src_205C_timeseries,39,"{""project_key"":""FreedomIntelligence/OpenClaw-Medical-Skills"",""date"":""2026-02-08"",""commits"":0,""authors"":0,""additions"":0,""deletions"":0,""churn"":0,""truncated"":false}"
src_205C_timeseries,40,"{""project_key"":""FreedomIntelligence/OpenClaw-Medical-Skills"",""date"":""2026-02-09"",""commits"":0,""authors"":0,""additions"":0,""deletions"":0,""churn"":0,""truncated"":false}"
src_205C_timeseries,41,"{""project_key"":""FreedomIntelligence/OpenClaw-Medical-Skills"",""date"":""2026-02-10"",""commits"":0,""authors"":0,""additions"":0,""deletions"":0,""churn"":0,""truncated"":false}"
src_205C_timeseries,42,"{""project_key"":""FreedomIntelligence/OpenClaw-Medical-Skills"",""date"":""2026-02-11"",""commits"":0,""authors"":0,""additions"":0,""deletions"":0,""churn"":0,""truncated"":false}"
src_205C_timeseries,43,"{""project_key"":""FreedomIntelligence/OpenClaw-Medical-Skills"",""date"":""2026-02-12"",""commits"":0,""authors"":0,""additions"":0,""deletions"":0,""churn"":0,""truncated"":false}"
src_205C_timeseries,44,"{""project_key"":""FreedomIntelligence/OpenClaw-Medical-Skills"",""date"":""2026-02-13"",""commits"":0,""authors"":0,""additions"":0,""deletions"":0,""churn"":0,""truncated"":false}"
src_205C_timeseries,45,"{""project_key"":""FreedomIntelligence/OpenClaw-Medical-Skills"",""date"":""2026-02-14"",""commits"":0,""authors"":0,""additions"":0,""deletions"":0,""churn"":0,""truncated"":false}"
src_205C_timeseries,46,"{""project_key"":""FreedomIntelligence/OpenClaw-Medical-Skills"",""date"":""2026-02-15"",""commits"":0,""authors"":0,""additions"":0,""deletions"":0,""churn"":0,""truncated"":false}"
src_205C_timeseries,47,"{""project_key"":""FreedomIntelligence/OpenClaw-Medical-Skills"",""date"":""2026-02-16"",""commits"":0,""authors"":0,""additions"":0,""deletions"":0,""churn"":0,""truncated"":false}"
src_205C_timeseries,48,"{""project_key"":""FreedomIntelligence/OpenClaw-Medical-Skills"",""date"":""2026-02-17"",""commits"":0,""authors"":0,""additions"":0,""deletions"":0,""churn"":0,""truncated"":false}"
src_205C_timeseries,49,"{""project_key"":""FreedomIntelligence/OpenClaw-Medical-Skills"",""date"":""2026-02-18"",""commits"":0,""authors"":0,""additions"":0,""deletions"":0,""churn"":0,""truncated"":false}"
src_205C_timeseries,50,"{""project_key"":""FreedomIntelligence/OpenClaw-Medical-Skills"",""date"":""2026-02-19"",""commits"":0,""authors"":0,""additions"":0,""deletions"":0,""churn"":0,""truncated"":false}"
src_205C_timeseries,51,"{""project_key"":""FreedomIntelligence/OpenClaw-Medical-Skills"",""date"":""2026-02-20"",""commits"":0,""authors"":0,""additions"":0,""deletions"":0,""churn"":0,""truncated"":false}"
src_205C_timeseries,52,"{""project_key"":""FreedomIntelligence/OpenClaw-Medical-Skills"",""date"":""2026-02-21"",""commits"":0,""authors"":0,""additions"":0,""deletions"":0,""churn"":0,""truncated"":false}"
src_205C_timeseries,53,"{""project_key"":""FreedomIntelligence/OpenClaw-Medical-Skills"",""date"":""2026-02-22"",""commits"":0,""authors"":0,""additions"":0,""deletions"":0,""churn"":0,""truncated"":false}"
src_205C_timeseries,54,"{""project_key"":""FreedomIntelligence/OpenClaw-Medical-Skills"",""date"":""2026-02-23"",""commits"":0,""authors"":0,""additions"":0,""deletions"":0,""churn"":0,""truncated"":false}"
src_205C_timeseries,55,"{""project_key"":""FreedomIntelligence/OpenClaw-Medical-Skills"",""date"":""2026-02-24"",""commits"":0,""authors"":0,""additions"":0,""deletions"":0,""churn"":0,""truncated"":false}"
src_205C_timeseries,56,"{""project_key"":""FreedomIntelligence/OpenClaw-Medical-Skills"",""date"":""2026-02-25"",""commits"":0,""authors"":0,""additions"":0,""deletions"":0,""churn"":0,""truncated"":false}"
src_205C_timeseries,57,"{""project_key"":""FreedomIntelligence/OpenClaw-Medical-Skills"",""date"":""2026-02-26"",""commits"":0,""authors"":0,""additions"":0,""deletions"":0,""churn"":0,""truncated"":false}"
src_205C_timeseries,58,"{""project_key"":""FreedomIntelligence/OpenClaw-Medical-Skills"",""date"":""2026-02-27"",""commits"":0,""authors"":0,""additions"":0,""deletions"":0,""churn"":0,""truncated"":false}"
src_205C_timeseries,59,"{""project_key"":""FreedomIntelligence/OpenClaw-Medical-Skills"",""date"":""2026-02-28"",""commits"":0,""authors"":0,""additions"":0,""deletions"":0,""churn"":0,""truncated"":false}"
src_205C_timeseries,60,"{""project_key"":""FreedomIntelligence/OpenClaw-Medical-Skills"",""date"":""2026-03-01"",""commits"":0,""authors"":0,""additions"":0,""deletions"":0,""churn"":0,""truncated"":false}"
src_205C_timeseries,61,"{""project_key"":""FreedomIntelligence/OpenClaw-Medical-Skills"",""date"":""2026-03-02"",""commits"":0,""authors"":0,""additions"":0,""deletions"":0,""churn"":0,""truncated"":false}"
src_205C_timeseries,62,"{""project_key"":""FreedomIntelligence/OpenClaw-Medical-Skills"",""date"":""2026-03-03"",""commits"":0,""authors"":0,""additions"":0,""deletions"":0,""churn"":0,""truncated"":false}"
src_205C_timeseries,63,"{""project_key"":""FreedomIntelligence/OpenClaw-Medical-Skills"",""date"":""2026-03-04"",""commits"":0,""authors"":0,""additions"":0,""deletions"":0,""churn"":0,""truncated"":false}"
src_205C_timeseries,64,"{""project_key"":""FreedomIntelligence/OpenClaw-Medical-Skills"",""date"":""2026-03-05"",""commits"":0,""authors"":0,""additions"":0,""deletions"":0,""churn"":0,""truncated"":false}"
src_205C_timeseries,65,"{""project_key"":""FreedomIntelligence/OpenClaw-Medical-Skills"",""date"":""2026-03-06"",""commits"":0,""authors"":0,""additions"":0,""deletions"":0,""churn"":0,""truncated"":false}"
src_205C_timeseries,66,"{""project_key"":""FreedomIntelligence/OpenClaw-Medical-Skills"",""date"":""2026-03-07"",""commits"":0,""authors"":0,""additions"":0,""deletions"":0,""churn"":0,""truncated"":false}"
src_205C_timeseries,67,"{""project_key"":""FreedomIntelligence/OpenClaw-Medical-Skills"",""date"":""2026-03-08"",""commits"":10,""authors"":1,""additions"":2115525,""deletions"":1961,""churn"":2117486,""truncated"":false}"
src_205C_timeseries,68,"{""project_key"":""FreedomIntelligence/OpenClaw-Medical-Skills"",""date"":""2026-03-09"",""commits"":3,""authors"":2,""additions"":42,""deletions"":0,""churn"":42,""truncated"":false}"
src_205C_timeseries,69,"{""project_key"":""FreedomIntelligence/OpenClaw-Medical-Skills"",""date"":""2026-03-10"",""commits"":18,""authors"":2,""additions"":14438,""deletions"":31932,""churn"":46370,""truncated"":false}"
src_205C_timeseries,70,"{""project_key"":""FreedomIntelligence/OpenClaw-Medical-Skills"",""date"":""2026-03-11"",""commits"":5,""authors"":4,""additions"":119,""deletions"":37,""churn"":156,""truncated"":false}"
src_205C_timeseries,71,"{""project_key"":""FreedomIntelligence/OpenClaw-Medical-Skills"",""date"":""2026-03-12"",""commits"":0,""authors"":0,""additions"":0,""deletions"":0,""churn"":0,""truncated"":false}"
src_205C_timeseries,72,"{""project_key"":""FreedomIntelligence/OpenClaw-Medical-Skills"",""date"":""2026-03-13"",""commits"":0,""authors"":0,""additions"":0,""deletions"":0,""churn"":0,""truncated"":false}"
src_205C_timeseries,73,"{""project_key"":""FreedomIntelligence/OpenClaw-Medical-Skills"",""date"":""2026-03-14"",""commits"":2,""authors"":1,""additions"":51,""deletions"":27,""churn"":78,""truncated"":false}"
src_205C_timeseries,74,"{""project_key"":""FreedomIntelligence/OpenClaw-Medical-Skills"",""date"":""2026-03-15"",""commits"":1,""authors"":1,""additions"":45,""deletions"":21,""churn"":66,""truncated"":false}"
src_205C_timeseries,75,"{""project_key"":""FreedomIntelligence/OpenClaw-Medical-Skills"",""date"":""2026-03-16"",""commits"":0,""authors"":0,""additions"":0,""deletions"":0,""churn"":0,""truncated"":false}"
src_205C_timeseries,76,"{""project_key"":""FreedomIntelligence/OpenClaw-Medical-Skills"",""date"":""2026-03-17"",""commits"":0,""authors"":0,""additions"":0,""deletions"":0,""churn"":0,""truncated"":false}"
src_205C_timeseries,77,"{""project_key"":""FreedomIntelligence/OpenClaw-Medical-Skills"",""date"":""2026-03-18"",""commits"":0,""authors"":0,""additions"":0,""deletions"":0,""churn"":0,""truncated"":false}"
src_205C_timeseries,78,"{""project_key"":""FreedomIntelligence/OpenClaw-Medical-Skills"",""date"":""2026-03-19"",""commits"":0,""authors"":0,""additions"":0,""deletions"":0,""churn"":0,""truncated"":false}"
src_205C_timeseries,79,"{""project_key"":""FreedomIntelligence/OpenClaw-Medical-Skills"",""date"":""2026-03-20"",""commits"":1,""authors"":1,""additions"":3,""deletions"":3,""churn"":6,""truncated"":false}"
src_205C_timeseries,80,"{""project_key"":""FreedomIntelligence/OpenClaw-Medical-Skills"",""date"":""2026-03-21"",""commits"":1,""authors"":1,""additions"":3,""deletions"":3,""churn"":6,""truncated"":false}"
src_205C_timeseries,81,"{""project_key"":""FreedomIntelligence/OpenClaw-Medical-Skills"",""date"":""2026-03-22"",""commits"":0,""authors"":0,""additions"":0,""deletions"":0,""churn"":0,""truncated"":false}"
src_205C_timeseries,82,"{""project_key"":""FreedomIntelligence/OpenClaw-Medical-Skills"",""date"":""2026-03-23"",""commits"":0,""authors"":0,""additions"":0,""deletions"":0,""churn"":0,""truncated"":false}"
src_205C_timeseries,83,"{""project_key"":""FreedomIntelligence/OpenClaw-Medical-Skills"",""date"":""2026-03-24"",""commits"":0,""authors"":0,""additions"":0,""deletions"":0,""churn"":0,""truncated"":false}"
src_205C_timeseries,84,"{""project_key"":""FreedomIntelligence/OpenClaw-Medical-Skills"",""date"":""2026-03-25"",""commits"":2,""authors"":1,""additions"":919,""deletions"":1437,""churn"":2356,""truncated"":false}"
src_205C_timeseries,85,"{""project_key"":""FreedomIntelligence/OpenClaw-Medical-Skills"",""date"":""2026-03-26"",""commits"":2,""authors"":2,""additions"":917,""deletions"":1442,""churn"":2359,""truncated"":false}"
src_205C_timeseries,86,"{""project_key"":""FreedomIntelligence/OpenClaw-Medical-Skills"",""date"":""2026-03-27"",""commits"":1,""authors"":1,""additions"":0,""deletions"":7,""churn"":7,""truncated"":false}"
src_205C_timeseries,87,"{""project_key"":""FreedomIntelligence/OpenClaw-Medical-Skills"",""date"":""2026-03-28"",""commits"":0,""authors"":0,""additions"":0,""deletions"":0,""churn"":0,""truncated"":false}"
src_205C_timeseries,88,"{""project_key"":""FreedomIntelligence/OpenClaw-Medical-Skills"",""date"":""2026-03-29"",""commits"":0,""authors"":0,""additions"":0,""deletions"":0,""churn"":0,""truncated"":false}"
src_205C_timeseries,89,"{""project_key"":""FreedomIntelligence/OpenClaw-Medical-Skills"",""date"":""2026-03-30"",""commits"":0,""authors"":0,""additions"":0,""deletions"":0,""churn"":0,""truncated"":false}"
src_205C_timeseries,90,"{""project_key"":""FreedomIntelligence/OpenClaw-Medical-Skills"",""date"":""2026-03-31"",""commits"":0,""authors"":0,""additions"":0,""deletions"":0,""churn"":0,""truncated"":false}"
src_205C_timeseries,91,"{""project_key"":""JefferyHcool/BiliNote"",""date"":""2026-01-01"",""commits"":0,""authors"":0,""additions"":0,""deletions"":0,""churn"":0,""truncated"":false}"
src_205C_timeseries,92,"{""project_key"":""JefferyHcool/BiliNote"",""date"":""2026-01-02"",""commits"":0,""authors"":0,""additions"":0,""deletions"":0,""churn"":0,""truncated"":false}"
src_205C_timeseries,93,"{""project_key"":""JefferyHcool/BiliNote"",""date"":""2026-01-03"",""commits"":1,""authors"":1,""additions"":12,""deletions"":2,""churn"":14,""truncated"":false}"
src_205C_timeseries,94,"{""project_key"":""JefferyHcool/BiliNote"",""date"":""2026-01-04"",""commits"":0,""authors"":0,""additions"":0,""deletions"":0,""churn"":0,""truncated"":false}"
src_205C_timeseries,95,"{""project_key"":""JefferyHcool/BiliNote"",""date"":""2026-01-05"",""commits"":0,""authors"":0,""additions"":0,""deletions"":0,""churn"":0,""truncated"":false}"
src_205C_timeseries,96,"{""project_key"":""JefferyHcool/BiliNote"",""date"":""2026-01-06"",""commits"":0,""authors"":0,""additions"":0,""deletions"":0,""churn"":0,""truncated"":false}"
src_205C_timeseries,97,"{""project_key"":""JefferyHcool/BiliNote"",""date"":""2026-01-07"",""commits"":0,""authors"":0,""additions"":0,""deletions"":0,""churn"":0,""truncated"":false}"
src_205C_timeseries,98,"{""project_key"":""JefferyHcool/BiliNote"",""date"":""2026-01-08"",""commits"":0,""authors"":0,""additions"":0,""deletions"":0,""churn"":0,""truncated"":false}"
src_205C_timeseries,99,"{""project_key"":""JefferyHcool/BiliNote"",""date"":""2026-01-09"",""commits"":0,""authors"":0,""additions"":0,""deletions"":0,""churn"":0,""truncated"":false}"
src_205C_timeseries,100,"{""project_key"":""JefferyHcool/BiliNote"",""date"":""2026-01-10"",""commits"":0,""authors"":0,""additions"":0,""deletions"":0,""churn"":0,""truncated"":false}"
src_205C_timeseries,101,"{""project_key"":""JefferyHcool/BiliNote"",""date"":""2026-01-11"",""commits"":0,""authors"":0,""additions"":0,""deletions"":0,""churn"":0,""truncated"":false}"
src_205C_timeseries,102,"{""project_key"":""JefferyHcool/BiliNote"",""date"":""2026-01-12"",""commits"":0,""authors"":0,""additions"":0,""deletions"":0,""churn"":0,""truncated"":false}"
src_205C_timeseries,103,"{""project_key"":""JefferyHcool/BiliNote"",""date"":""2026-01-13"",""commits"":0,""authors"":0,""additions"":0,""deletions"":0,""churn"":0,""truncated"":false}"
src_205C_timeseries,104,"{""project_key"":""JefferyHcool/BiliNote"",""date"":""2026-01-14"",""commits"":0,""authors"":0,""additions"":0,""deletions"":0,""churn"":0,""truncated"":false}"
src_205C_timeseries,105,"{""project_key"":""JefferyHcool/BiliNote"",""date"":""2026-01-15"",""commits"":0,""authors"":0,""additions"":0,""deletions"":0,""churn"":0,""truncated"":false}"
src_205C_timeseries,106,"{""project_key"":""JefferyHcool/BiliNote"",""date"":""2026-01-16"",""commits"":0,""authors"":0,""additions"":0,""deletions"":0,""churn"":0,""truncated"":false}"
src_205C_timeseries,107,"{""project_key"":""JefferyHcool/BiliNote"",""date"":""2026-01-17"",""commits"":0,""authors"":0,""additions"":0,""deletions"":0,""churn"":0,""truncated"":false}"
src_205C_timeseries,108,"{""project_key"":""JefferyHcool/BiliNote"",""date"":""2026-01-18"",""commits"":0,""authors"":0,""additions"":0,""deletions"":0,""churn"":0,""truncated"":false}"
src_205C_timeseries,109,"{""project_key"":""JefferyHcool/BiliNote"",""date"":""2026-01-19"",""commits"":0,""authors"":0,""additions"":0,""deletions"":0,""churn"":0,""truncated"":false}"
src_205C_timeseries,110,"{""project_key"":""JefferyHcool/BiliNote"",""date"":""2026-01-20"",""commits"":0,""authors"":0,""additions"":0,""deletions"":0,""churn"":0,""truncated"":false}"
src_205C_timeseries,111,"{""project_key"":""JefferyHcool/BiliNote"",""date"":""2026-01-21"",""commits"":0,""authors"":0,""additions"":0,""deletions"":0,""churn"":0,""truncated"":false}"
src_205C_timeseries,112,"{""project_key"":""JefferyHcool/BiliNote"",""date"":""2026-01-22"",""commits"":0,""authors"":0,""additions"":0,""deletions"":0,""churn"":0,""truncated"":false}"
src_205C_timeseries,113,"{""project_key"":""JefferyHcool/BiliNote"",""date"":""2026-01-23"",""commits"":0,""authors"":0,""additions"":0,""deletions"":0,""churn"":0,""truncated"":false}"
src_205C_timeseries,114,"{""project_key"":""JefferyHcool/BiliNote"",""date"":""2026-01-24"",""commits"":1,""authors"":1,""additions"":618,""deletions"":10,""churn"":628,""truncated"":false}"
src_205C_timeseries,115,"{""project_key"":""JefferyHcool/BiliNote"",""date"":""2026-01-25"",""commits"":0,""authors"":0,""additions"":0,""deletions"":0,""churn"":0,""truncated"":false}"
src_205C_timeseries,116,"{""project_key"":""JefferyHcool/BiliNote"",""date"":""2026-01-26"",""commits"":0,""authors"":0,""additions"":0,""deletions"":0,""churn"":0,""truncated"":false}"
src_205C_timeseries,117,"{""project_key"":""JefferyHcool/BiliNote"",""date"":""2026-01-27"",""commits"":0,""authors"":0,""additions"":0,""deletions"":0,""churn"":0,""truncated"":false}"
src_205C_timeseries,118,"{""project_key"":""JefferyHcool/BiliNote"",""date"":""2026-01-28"",""commits"":0,""authors"":0,""additions"":0,""deletions"":0,""churn"":0,""truncated"":false}"
src_205C_timeseries,119,"{""project_key"":""JefferyHcool/BiliNote"",""date"":""2026-01-29"",""commits"":0,""authors"":0,""additions"":0,""deletions"":0,""churn"":0,""truncated"":false}"
src_205C_timeseries,120,"{""project_key"":""JefferyHcool/BiliNote"",""date"":""2026-01-30"",""commits"":0,""authors"":0,""additions"":0,""deletions"":0,""churn"":0,""truncated"":false}"
src_205C_timeseries,121,"{""project_key"":""JefferyHcool/BiliNote"",""date"":""2026-01-31"",""commits"":0,""authors"":0,""additions"":0,""deletions"":0,""churn"":0,""truncated"":false}"
src_205C_timeseries,122,"{""project_key"":""JefferyHcool/BiliNote"",""date"":""2026-02-01"",""commits"":0,""authors"":0,""additions"":0,""deletions"":0,""churn"":0,""truncated"":false}"
src_205C_timeseries,123,"{""project_key"":""JefferyHcool/BiliNote"",""date"":""2026-02-02"",""commits"":0,""authors"":0,""additions"":0,""deletions"":0,""churn"":0,""truncated"":false}"
src_205C_timeseries,124,"{""project_key"":""JefferyHcool/BiliNote"",""date"":""2026-02-03"",""commits"":0,""authors"":0,""additions"":0,""deletions"":0,""churn"":0,""truncated"":false}"
src_205C_timeseries,125,"{""project_key"":""JefferyHcool/BiliNote"",""date"":""2026-02-04"",""commits"":0,""authors"":0,""additions"":0,""deletions"":0,""churn"":0,""truncated"":false}"
src_205C_timeseries,126,"{""project_key"":""JefferyHcool/BiliNote"",""date"":""2026-02-05"",""commits"":6,""authors"":3,""additions"":803,""deletions"":18,""churn"":821,""truncated"":false}"
src_205C_timeseries,127,"{""project_key"":""JefferyHcool/BiliNote"",""date"":""2026-02-06"",""commits"":1,""authors"":1,""additions"":309,""deletions"":9,""churn"":318,""truncated"":false}"
src_205C_timeseries,128,"{""project_key"":""JefferyHcool/BiliNote"",""date"":""2026-02-07"",""commits"":0,""authors"":0,""additions"":0,""deletions"":0,""churn"":0,""truncated"":false}"
src_205C_timeseries,129,"{""project_key"":""JefferyHcool/BiliNote"",""date"":""2026-02-08"",""commits"":0,""authors"":0,""additions"":0,""deletions"":0,""churn"":0,""truncated"":false}"
src_205C_timeseries,130,"{""project_key"":""JefferyHcool/BiliNote"",""date"":""2026-02-09"",""commits"":0,""authors"":0,""additions"":0,""deletions"":0,""churn"":0,""truncated"":false}"
src_205C_timeseries,131,"{""project_key"":""JefferyHcool/BiliNote"",""date"":""2026-02-10"",""commits"":0,""authors"":0,""additions"":0,""deletions"":0,""churn"":0,""truncated"":false}"
src_205C_timeseries,132,"{""project_key"":""JefferyHcool/BiliNote"",""date"":""2026-02-11"",""commits"":0,""authors"":0,""additions"":0,""deletions"":0,""churn"":0,""truncated"":false}"
src_205C_timeseries,133,"{""project_key"":""JefferyHcool/BiliNote"",""date"":""2026-02-12"",""commits"":1,""authors"":1,""additions"":279293,""deletions"":64,""churn"":279357,""truncated"":false}"
src_205C_timeseries,134,"{""project_key"":""JefferyHcool/BiliNote"",""date"":""2026-02-13"",""commits"":0,""authors"":0,""additions"":0,""deletions"":0,""churn"":0,""truncated"":false}"
src_205C_timeseries,135,"{""project_key"":""JefferyHcool/BiliNote"",""date"":""2026-02-14"",""commits"":0,""authors"":0,""additions"":0,""deletions"":0,""churn"":0,""truncated"":false}"
src_205C_timeseries,136,"{""project_key"":""JefferyHcool/BiliNote"",""date"":""2026-02-15"",""commits"":0,""authors"":0,""additions"":0,""deletions"":0,""churn"":0,""truncated"":false}"
src_205C_timeseries,137,"{""project_key"":""JefferyHcool/BiliNote"",""date"":""2026-02-16"",""commits"":0,""authors"":0,""additions"":0,""deletions"":0,""churn"":0,""truncated"":false}"
src_205C_timeseries,138,"{""project_key"":""JefferyHcool/BiliNote"",""date"":""2026-02-17"",""commits"":0,""authors"":0,""additions"":0,""deletions"":0,""churn"":0,""truncated"":false}"
src_205C_timeseries,139,"{""project_key"":""JefferyHcool/BiliNote"",""date"":""2026-02-18"",""commits"":0,""authors"":0,""additions"":0,""deletions"":0,""churn"":0,""truncated"":false}"
src_205C_timeseries,140,"{""project_key"":""JefferyHcool/BiliNote"",""date"":""2026-02-19"",""commits"":0,""authors"":0,""additions"":0,""deletions"":0,""churn"":0,""truncated"":false}"
src_205C_timeseries,141,"{""project_key"":""JefferyHcool/BiliNote"",""date"":""2026-02-20"",""commits"":0,""authors"":0,""additions"":0,""deletions"":0,""churn"":0,""truncated"":false}"
src_205C_timeseries,142,"{""project_key"":""JefferyHcool/BiliNote"",""date"":""2026-02-21"",""commits"":0,""authors"":0,""additions"":0,""deletions"":0,""churn"":0,""truncated"":false}"
src_205C_timeseries,143,"{""project_key"":""JefferyHcool/BiliNote"",""date"":""2026-02-22"",""commits"":0,""authors"":0,""additions"":0,""deletions"":0,""churn"":0,""truncated"":false}"
src_205C_timeseries,144,"{""project_key"":""JefferyHcool/BiliNote"",""date"":""2026-02-23"",""commits"":0,""authors"":0,""additions"":0,""deletions"":0,""churn"":0,""truncated"":false}"
src_205C_timeseries,145,"{""project_key"":""JefferyHcool/BiliNote"",""date"":""2026-02-24"",""commits"":0,""authors"":0,""additions"":0,""deletions"":0,""churn"":0,""truncated"":false}"
src_205C_timeseries,146,"{""project_key"":""JefferyHcool/BiliNote"",""date"":""2026-02-25"",""commits"":1,""authors"":1,""additions"":22,""deletions"":16,""churn"":38,""truncated"":false}"
src_205C_timeseries,147,"{""project_key"":""JefferyHcool/BiliNote"",""date"":""2026-02-26"",""commits"":0,""authors"":0,""additions"":0,""deletions"":0,""churn"":0,""truncated"":false}"
src_205C_timeseries,148,"{""project_key"":""JefferyHcool/BiliNote"",""date"":""2026-02-27"",""commits"":0,""authors"":0,""additions"":0,""deletions"":0,""churn"":0,""truncated"":false}"
src_205C_timeseries,149,"{""project_key"":""JefferyHcool/BiliNote"",""date"":""2026-02-28"",""commits"":0,""authors"":0,""additions"":0,""deletions"":0,""churn"":0,""truncated"":false}"
src_205C_timeseries,150,"{""project_key"":""JefferyHcool/BiliNote"",""date"":""2026-03-01"",""commits"":0,""authors"":0,""additions"":0,""deletions"":0,""churn"":0,""truncated"":false}"
src_205C_timeseries,151,"{""project_key"":""JefferyHcool/BiliNote"",""date"":""2026-03-02"",""commits"":0,""authors"":0,""additions"":0,""deletions"":0,""churn"":0,""truncated"":false}"
src_205C_timeseries,152,"{""project_key"":""JefferyHcool/BiliNote"",""date"":""2026-03-03"",""commits"":0,""authors"":0,""additions"":0,""deletions"":0,""churn"":0,""truncated"":false}"
src_205C_timeseries,153,"{""project_key"":""JefferyHcool/BiliNote"",""date"":""2026-03-04"",""commits"":0,""authors"":0,""additions"":0,""deletions"":0,""churn"":0,""truncated"":false}"
src_205C_timeseries,154,"{""project_key"":""JefferyHcool/BiliNote"",""date"":""2026-03-05"",""commits"":0,""authors"":0,""additions"":0,""deletions"":0,""churn"":0,""truncated"":false}"
src_205C_timeseries,155,"{""project_key"":""JefferyHcool/BiliNote"",""date"":""2026-03-06"",""commits"":0,""authors"":0,""additions"":0,""deletions"":0,""churn"":0,""truncated"":false}"
src_205C_timeseries,156,"{""project_key"":""JefferyHcool/BiliNote"",""date"":""2026-03-07"",""commits"":0,""authors"":0,""additions"":0,""deletions"":0,""churn"":0,""truncated"":false}"
src_205C_timeseries,157,"{""project_key"":""JefferyHcool/BiliNote"",""date"":""2026-03-08"",""commits"":0,""authors"":0,""additions"":0,""deletions"":0,""churn"":0,""truncated"":false}"
src_205C_timeseries,158,"{""project_key"":""JefferyHcool/BiliNote"",""date"":""2026-03-09"",""commits"":0,""authors"":0,""additions"":0,""deletions"":0,""churn"":0,""truncated"":false}"
src_205C_timeseries,159,"{""project_key"":""JefferyHcool/BiliNote"",""date"":""2026-03-10"",""commits"":0,""authors"":0,""additions"":0,""deletions"":0,""churn"":0,""truncated"":false}"
src_205C_timeseries,160,"{""project_key"":""JefferyHcool/BiliNote"",""date"":""2026-03-11"",""commits"":0,""authors"":0,""additions"":0,""deletions"":0,""churn"":0,""truncated"":false}"
src_205C_timeseries,161,"{""project_key"":""JefferyHcool/BiliNote"",""date"":""2026-03-12"",""commits"":0,""authors"":0,""additions"":0,""deletions"":0,""churn"":0,""truncated"":false}"
src_205C_timeseries,162,"{""project_key"":""JefferyHcool/BiliNote"",""date"":""2026-03-13"",""commits"":0,""authors"":0,""additions"":0,""deletions"":0,""churn"":0,""truncated"":false}"
src_205C_timeseries,163,"{""project_key"":""JefferyHcool/BiliNote"",""date"":""2026-03-14"",""commits"":0,""authors"":0,""additions"":0,""deletions"":0,""churn"":0,""truncated"":false}"
src_205C_timeseries,164,"{""project_key"":""JefferyHcool/BiliNote"",""date"":""2026-03-15"",""commits"":0,""authors"":0,""additions"":0,""deletions"":0,""churn"":0,""truncated"":false}"
src_205C_timeseries,165,"{""project_key"":""JefferyHcool/BiliNote"",""date"":""2026-03-16"",""commits"":0,""authors"":0,""additions"":0,""deletions"":0,""churn"":0,""truncated"":false}"
src_205C_timeseries,166,"{""project_key"":""JefferyHcool/BiliNote"",""date"":""2026-03-17"",""commits"":0,""authors"":0,""additions"":0,""deletions"":0,""churn"":0,""truncated"":false}"
src_205C_timeseries,167,"{""project_key"":""JefferyHcool/BiliNote"",""date"":""2026-03-18"",""commits"":0,""authors"":0,""additions"":0,""deletions"":0,""churn"":0,""truncated"":false}"
src_205C_timeseries,168,"{""project_key"":""JefferyHcool/BiliNote"",""date"":""2026-03-19"",""commits"":0,""authors"":0,""additions"":0,""deletions"":0,""churn"":0,""truncated"":false}"
src_205C_timeseries,169,"{""project_key"":""JefferyHcool/BiliNote"",""date"":""2026-03-20"",""commits"":5,""authors"":1,""additions"":280090,""deletions"":143,""churn"":280233,""truncated"":false}"
src_205C_timeseries,170,"{""project_key"":""JefferyHcool/BiliNote"",""date"":""2026-03-21"",""commits"":0,""authors"":0,""additions"":0,""deletions"":0,""churn"":0,""truncated"":false}"
src_205C_timeseries,171,"{""project_key"":""JefferyHcool/BiliNote"",""date"":""2026-03-22"",""commits"":0,""authors"":0,""additions"":0,""deletions"":0,""churn"":0,""truncated"":false}"
src_205C_timeseries,172,"{""project_key"":""JefferyHcool/BiliNote"",""date"":""2026-03-23"",""commits"":46,""authors"":2,""additions"":6761,""deletions"":521956,""churn"":528717,""truncated"":false}"
src_205C_timeseries,173,"{""project_key"":""JefferyHcool/BiliNote"",""date"":""2026-03-24"",""commits"":0,""authors"":0,""additions"":0,""deletions"":0,""churn"":0,""truncated"":false}"
src_205C_timeseries,174,"{""project_key"":""JefferyHcool/BiliNote"",""date"":""2026-03-25"",""commits"":0,""authors"":0,""additions"":0,""deletions"":0,""churn"":0,""truncated"":false}"
src_205C_timeseries,175,"{""project_key"":""JefferyHcool/BiliNote"",""date"":""2026-03-26"",""commits"":0,""authors"":0,""additions"":0,""deletions"":0,""churn"":0,""truncated"":false}"
src_205C_timeseries,176,"{""project_key"":""JefferyHcool/BiliNote"",""date"":""2026-03-27"",""commits"":0,""authors"":0,""additions"":0,""deletions"":0,""churn"":0,""truncated"":false}"
src_205C_timeseries,177,"{""project_key"":""JefferyHcool/BiliNote"",""date"":""2026-03-28"",""commits"":0,""authors"":0,""additions"":0,""deletions"":0,""churn"":0,""truncated"":false}"
src_205C_timeseries,178,"{""project_key"":""JefferyHcool/BiliNote"",""date"":""2026-03-29"",""commits"":0,""authors"":0,""additions"":0,""deletions"":0,""churn"":0,""truncated"":false}"
src_205C_timeseries,179,"{""project_key"":""JefferyHcool/BiliNote"",""date"":""2026-03-30"",""commits"":0,""authors"":0,""additions"":0,""deletions"":0,""churn"":0,""truncated"":false}"
src_205C_timeseries,180,"{""project_key"":""JefferyHcool/BiliNote"",""date"":""2026-03-31"",""commits"":0,""authors"":0,""additions"":0,""deletions"":0,""churn"":0,""truncated"":false}"
src_205C_timeseries,181,"{""project_key"":""allenai/olmocr"",""date"":""2026-01-01"",""commits"":0,""authors"":0,""additions"":0,""deletions"":0,""churn"":0,""truncated"":false}"
src_205C_timeseries,182,"{""project_key"":""allenai/olmocr"",""date"":""2026-01-02"",""commits"":0,""authors"":0,""additions"":0,""deletions"":0,""churn"":0,""truncated"":false}"
src_205C_timeseries,183,"{""project_key"":""allenai/olmocr"",""date"":""2026-01-03"",""commits"":0,""authors"":0,""additions"":0,""deletions"":0,""churn"":0,""truncated"":false}"
src_205C_timeseries,184,"{""project_key"":""allenai/olmocr"",""date"":""2026-01-04"",""commits"":0,""authors"":0,""additions"":0,""deletions"":0,""churn"":0,""truncated"":false}"
src_205C_timeseries,185,"{""project_key"":""allenai/olmocr"",""date"":""2026-01-05"",""commits"":0,""authors"":0,""additions"":0,""deletions"":0,""churn"":0,""truncated"":false}"
src_205C_timeseries,186,"{""project_key"":""allenai/olmocr"",""date"":""2026-01-06"",""commits"":0,""authors"":0,""additions"":0,""deletions"":0,""churn"":0,""truncated"":false}"
src_205C_timeseries,187,"{""project_key"":""allenai/olmocr"",""date"":""2026-01-07"",""commits"":3,""authors"":1,""additions"":11,""deletions"":3,""churn"":14,""truncated"":false}"
src_205C_timeseries,188,"{""project_key"":""allenai/olmocr"",""date"":""2026-01-08"",""commits"":10,""authors"":1,""additions"":34,""deletions"":63,""churn"":97,""truncated"":false}"
src_205C_timeseries,189,"{""project_key"":""allenai/olmocr"",""date"":""2026-01-09"",""commits"":10,""authors"":1,""additions"":681,""deletions"":482,""churn"":1163,""truncated"":false}"
src_205C_timeseries,190,"{""project_key"":""allenai/olmocr"",""date"":""2026-01-10"",""commits"":0,""authors"":0,""additions"":0,""deletions"":0,""churn"":0,""truncated"":false}"
src_205C_timeseries,191,"{""project_key"":""allenai/olmocr"",""date"":""2026-01-11"",""commits"":0,""authors"":0,""additions"":0,""deletions"":0,""churn"":0,""truncated"":false}"
src_205C_timeseries,192,"{""project_key"":""allenai/olmocr"",""date"":""2026-01-12"",""commits"":4,""authors"":1,""additions"":363,""deletions"":205,""churn"":568,""truncated"":false}"
src_205C_timeseries,193,"{""project_key"":""allenai/olmocr"",""date"":""2026-01-13"",""commits"":0,""authors"":0,""additions"":0,""deletions"":0,""churn"":0,""truncated"":false}"
src_205C_timeseries,194,"{""project_key"":""allenai/olmocr"",""date"":""2026-01-14"",""commits"":2,""authors"":1,""additions"":2,""deletions"":2,""churn"":4,""truncated"":false}"
src_205C_timeseries,195,"{""project_key"":""allenai/olmocr"",""date"":""2026-01-15"",""commits"":0,""authors"":0,""additions"":0,""deletions"":0,""churn"":0,""truncated"":false}"
src_205C_timeseries,196,"{""project_key"":""allenai/olmocr"",""date"":""2026-01-16"",""commits"":1,""authors"":1,""additions"":59,""deletions"":0,""churn"":59,""truncated"":false}"
src_205C_timeseries,197,"{""project_key"":""allenai/olmocr"",""date"":""2026-01-17"",""commits"":0,""authors"":0,""additions"":0,""deletions"":0,""churn"":0,""truncated"":false}"
src_205C_timeseries,198,"{""project_key"":""allenai/olmocr"",""date"":""2026-01-18"",""commits"":0,""authors"":0,""additions"":0,""deletions"":0,""churn"":0,""truncated"":false}"
src_205C_timeseries,199,"{""project_key"":""allenai/olmocr"",""date"":""2026-01-19"",""commits"":0,""authors"":0,""additions"":0,""deletions"":0,""churn"":0,""truncated"":false}"
src_205C_timeseries,200,"{""project_key"":""allenai/olmocr"",""date"":""2026-01-20"",""commits"":8,""authors"":1,""additions"":79,""deletions"":50,""churn"":129,""truncated"":false}"
src_205C_timeseries,201,"{""project_key"":""allenai/olmocr"",""date"":""2026-01-21"",""commits"":0,""authors"":0,""additions"":0,""deletions"":0,""churn"":0,""truncated"":false}"
src_205C_timeseries,202,"{""project_key"":""allenai/olmocr"",""date"":""2026-01-22"",""commits"":0,""authors"":0,""additions"":0,""deletions"":0,""churn"":0,""truncated"":false}"
src_205C_timeseries,203,"{""project_key"":""allenai/olmocr"",""date"":""2026-01-23"",""commits"":16,""authors"":1,""additions"":316,""deletions"":1038,""churn"":1354,""truncated"":false}"
src_205C_timeseries,204,"{""project_key"":""allenai/olmocr"",""date"":""2026-01-24"",""commits"":0,""authors"":0,""additions"":0,""deletions"":0,""churn"":0,""truncated"":false}"
src_205C_timeseries,205,"{""project_key"":""allenai/olmocr"",""date"":""2026-01-25"",""commits"":2,""authors"":1,""additions"":4,""deletions"":2,""churn"":6,""truncated"":false}"
src_205C_timeseries,206,"{""project_key"":""allenai/olmocr"",""date"":""2026-01-26"",""commits"":0,""authors"":0,""additions"":0,""deletions"":0,""churn"":0,""truncated"":false}"
src_205C_timeseries,207,"{""project_key"":""allenai/olmocr"",""date"":""2026-01-27"",""commits"":0,""authors"":0,""additions"":0,""deletions"":0,""churn"":0,""truncated"":false}"
src_205C_timeseries,208,"{""project_key"":""allenai/olmocr"",""date"":""2026-01-28"",""commits"":0,""authors"":0,""additions"":0,""deletions"":0,""churn"":0,""truncated"":false}"
src_205C_timeseries,209,"{""project_key"":""allenai/olmocr"",""date"":""2026-01-29"",""commits"":0,""authors"":0,""additions"":0,""deletions"":0,""churn"":0,""truncated"":false}"
src_205C_timeseries,210,"{""project_key"":""allenai/olmocr"",""date"":""2026-01-30"",""commits"":0,""authors"":0,""additions"":0,""deletions"":0,""churn"":0,""truncated"":false}"
src_205C_timeseries,211,"{""project_key"":""allenai/olmocr"",""date"":""2026-01-31"",""commits"":0,""authors"":0,""additions"":0,""deletions"":0,""churn"":0,""truncated"":false}"
src_205C_timeseries,212,"{""project_key"":""allenai/olmocr"",""date"":""2026-02-01"",""commits"":0,""authors"":0,""additions"":0,""deletions"":0,""churn"":0,""truncated"":false}"
src_205C_timeseries,213,"{""project_key"":""allenai/olmocr"",""date"":""2026-02-02"",""commits"":0,""authors"":0,""additions"":0,""deletions"":0,""churn"":0,""truncated"":false}"
src_205C_timeseries,214,"{""project_key"":""allenai/olmocr"",""date"":""2026-02-03"",""commits"":0,""authors"":0,""additions"":0,""deletions"":0,""churn"":0,""truncated"":false}"
src_205C_timeseries,215,"{""project_key"":""allenai/olmocr"",""date"":""2026-02-04"",""commits"":0,""authors"":0,""additions"":0,""deletions"":0,""churn"":0,""truncated"":false}"
src_205C_timeseries,216,"{""project_key"":""allenai/olmocr"",""date"":""2026-02-05"",""commits"":0,""authors"":0,""additions"":0,""deletions"":0,""churn"":0,""truncated"":false}"
src_205C_timeseries,217,"{""project_key"":""allenai/olmocr"",""date"":""2026-02-06"",""commits"":0,""authors"":0,""additions"":0,""deletions"":0,""churn"":0,""truncated"":false}"
src_205C_timeseries,218,"{""project_key"":""allenai/olmocr"",""date"":""2026-02-07"",""commits"":0,""authors"":0,""additions"":0,""deletions"":0,""churn"":0,""truncated"":false}"
src_205C_timeseries,219,"{""project_key"":""allenai/olmocr"",""date"":""2026-02-08"",""commits"":0,""authors"":0,""additions"":0,""deletions"":0,""churn"":0,""truncated"":false}"
src_205C_timeseries,220,"{""project_key"":""allenai/olmocr"",""date"":""2026-02-09"",""commits"":0,""authors"":0,""additions"":0,""deletions"":0,""churn"":0,""truncated"":false}"
src_205C_timeseries,221,"{""project_key"":""allenai/olmocr"",""date"":""2026-02-10"",""commits"":0,""authors"":0,""additions"":0,""deletions"":0,""churn"":0,""truncated"":false}"
src_205C_timeseries,222,"{""project_key"":""allenai/olmocr"",""date"":""2026-02-11"",""commits"":0,""authors"":0,""additions"":0,""deletions"":0,""churn"":0,""truncated"":false}"
src_205C_timeseries,223,"{""project_key"":""allenai/olmocr"",""date"":""2026-02-12"",""commits"":0,""authors"":0,""additions"":0,""deletions"":0,""churn"":0,""truncated"":false}"
src_205C_timeseries,224,"{""project_key"":""allenai/olmocr"",""date"":""2026-02-13"",""commits"":1,""authors"":1,""additions"":4,""deletions"":4,""churn"":8,""truncated"":false}"
src_205C_timeseries,225,"{""project_key"":""allenai/olmocr"",""date"":""2026-02-14"",""commits"":0,""authors"":0,""additions"":0,""deletions"":0,""churn"":0,""truncated"":false}"
src_205C_timeseries,226,"{""project_key"":""allenai/olmocr"",""date"":""2026-02-15"",""commits"":0,""authors"":0,""additions"":0,""deletions"":0,""churn"":0,""truncated"":false}"
src_205C_timeseries,227,"{""project_key"":""allenai/olmocr"",""date"":""2026-02-16"",""commits"":0,""authors"":0,""additions"":0,""deletions"":0,""churn"":0,""truncated"":false}"
src_205C_timeseries,228,"{""project_key"":""allenai/olmocr"",""date"":""2026-02-17"",""commits"":2,""authors"":1,""additions"":1435,""deletions"":1496,""churn"":2931,""truncated"":false}"
src_205C_timeseries,229,"{""project_key"":""allenai/olmocr"",""date"":""2026-02-18"",""commits"":0,""authors"":0,""additions"":0,""deletions"":0,""churn"":0,""truncated"":false}"
src_205C_timeseries,230,"{""project_key"":""allenai/olmocr"",""date"":""2026-02-19"",""commits"":4,""authors"":1,""additions"":1023,""deletions"":209,""churn"":1232,""truncated"":false}"
src_205C_timeseries,231,"{""project_key"":""allenai/olmocr"",""date"":""2026-02-20"",""commits"":1,""authors"":1,""additions"":362,""deletions"":180,""churn"":542,""truncated"":false}"
src_205C_timeseries,232,"{""project_key"":""allenai/olmocr"",""date"":""2026-02-21"",""commits"":0,""authors"":0,""additions"":0,""deletions"":0,""churn"":0,""truncated"":false}"
src_205C_timeseries,233,"{""project_key"":""allenai/olmocr"",""date"":""2026-02-22"",""commits"":0,""authors"":0,""additions"":0,""deletions"":0,""churn"":0,""truncated"":false}"
src_205C_timeseries,234,"{""project_key"":""allenai/olmocr"",""date"":""2026-02-23"",""commits"":0,""authors"":0,""additions"":0,""deletions"":0,""churn"":0,""truncated"":false}"
src_205C_timeseries,235,"{""project_key"":""allenai/olmocr"",""date"":""2026-02-24"",""commits"":0,""authors"":0,""additions"":0,""deletions"":0,""churn"":0,""truncated"":false}"
src_205C_timeseries,236,"{""project_key"":""allenai/olmocr"",""date"":""2026-02-25"",""commits"":0,""authors"":0,""additions"":0,""deletions"":0,""churn"":0,""truncated"":false}"
src_205C_timeseries,237,"{""project_key"":""allenai/olmocr"",""date"":""2026-02-26"",""commits"":3,""authors"":1,""additions"":783,""deletions"":38,""churn"":821,""truncated"":false}"
src_205C_timeseries,238,"{""project_key"":""allenai/olmocr"",""date"":""2026-02-27"",""commits"":0,""authors"":0,""additions"":0,""deletions"":0,""churn"":0,""truncated"":false}"
src_205C_timeseries,239,"{""project_key"":""allenai/olmocr"",""date"":""2026-02-28"",""commits"":0,""authors"":0,""additions"":0,""deletions"":0,""churn"":0,""truncated"":false}"
src_205C_timeseries,240,"{""project_key"":""allenai/olmocr"",""date"":""2026-03-01"",""commits"":0,""authors"":0,""additions"":0,""deletions"":0,""churn"":0,""truncated"":false}"
src_205C_timeseries,241,"{""project_key"":""allenai/olmocr"",""date"":""2026-03-02"",""commits"":0,""authors"":0,""additions"":0,""deletions"":0,""churn"":0,""truncated"":false}"
src_205C_timeseries,242,"{""project_key"":""allenai/olmocr"",""date"":""2026-03-03"",""commits"":0,""authors"":0,""additions"":0,""deletions"":0,""churn"":0,""truncated"":false}"
src_205C_timeseries,243,"{""project_key"":""allenai/olmocr"",""date"":""2026-03-04"",""commits"":0,""authors"":0,""additions"":0,""deletions"":0,""churn"":0,""truncated"":false}"
src_205C_timeseries,244,"{""project_key"":""allenai/olmocr"",""date"":""2026-03-05"",""commits"":0,""authors"":0,""additions"":0,""deletions"":0,""churn"":0,""truncated"":false}"
src_205C_timeseries,245,"{""project_key"":""allenai/olmocr"",""date"":""2026-03-06"",""commits"":3,""authors"":1,""additions"":132,""deletions"":50,""churn"":182,""truncated"":false}"
src_205C_timeseries,246,"{""project_key"":""allenai/olmocr"",""date"":""2026-03-07"",""commits"":0,""authors"":0,""additions"":0,""deletions"":0,""churn"":0,""truncated"":false}"
src_205C_timeseries,247,"{""project_key"":""allenai/olmocr"",""date"":""2026-03-08"",""commits"":0,""authors"":0,""additions"":0,""deletions"":0,""churn"":0,""truncated"":false}"
src_205C_timeseries,248,"{""project_key"":""allenai/olmocr"",""date"":""2026-03-09"",""commits"":4,""authors"":1,""additions"":289,""deletions"":255,""churn"":544,""truncated"":false}"
src_205C_timeseries,249,"{""project_key"":""allenai/olmocr"",""date"":""2026-03-10"",""commits"":0,""authors"":0,""additions"":0,""deletions"":0,""churn"":0,""truncated"":false}"
src_205C_timeseries,250,"{""project_key"":""allenai/olmocr"",""date"":""2026-03-11"",""commits"":0,""authors"":0,""additions"":0,""deletions"":0,""churn"":0,""truncated"":false}"
src_205C_timeseries,251,"{""project_key"":""allenai/olmocr"",""date"":""2026-03-12"",""commits"":4,""authors"":1,""additions"":289,""deletions"":190,""churn"":479,""truncated"":false}"
src_205C_timeseries,252,"{""project_key"":""allenai/olmocr"",""date"":""2026-03-13"",""commits"":0,""authors"":0,""additions"":0,""deletions"":0,""churn"":0,""truncated"":false}"
src_205C_timeseries,253,"{""project_key"":""allenai/olmocr"",""date"":""2026-03-14"",""commits"":1,""authors"":1,""additions"":27,""deletions"":27,""churn"":54,""truncated"":false}"
src_205C_timeseries,254,"{""project_key"":""allenai/olmocr"",""date"":""2026-03-15"",""commits"":0,""authors"":0,""additions"":0,""deletions"":0,""churn"":0,""truncated"":false}"
src_205C_timeseries,255,"{""project_key"":""allenai/olmocr"",""date"":""2026-03-16"",""commits"":0,""authors"":0,""additions"":0,""deletions"":0,""churn"":0,""truncated"":false}"
src_205C_timeseries,256,"{""project_key"":""allenai/olmocr"",""date"":""2026-03-17"",""commits"":1,""authors"":1,""additions"":84,""deletions"":3,""churn"":87,""truncated"":false}"
src_205C_timeseries,257,"{""project_key"":""allenai/olmocr"",""date"":""2026-03-18"",""commits"":0,""authors"":0,""additions"":0,""deletions"":0,""churn"":0,""truncated"":false}"
src_205C_timeseries,258,"{""project_key"":""allenai/olmocr"",""date"":""2026-03-19"",""commits"":0,""authors"":0,""additions"":0,""deletions"":0,""churn"":0,""truncated"":false}"
src_205C_timeseries,259,"{""project_key"":""allenai/olmocr"",""date"":""2026-03-20"",""commits"":0,""authors"":0,""additions"":0,""deletions"":0,""churn"":0,""truncated"":false}"
src_205C_timeseries,260,"{""project_key"":""allenai/olmocr"",""date"":""2026-03-21"",""commits"":0,""authors"":0,""additions"":0,""deletions"":0,""churn"":0,""truncated"":false}"
src_205C_timeseries,261,"{""project_key"":""allenai/olmocr"",""date"":""2026-03-22"",""commits"":0,""authors"":0,""additions"":0,""deletions"":0,""churn"":0,""truncated"":false}"
src_205C_timeseries,262,"{""project_key"":""allenai/olmocr"",""date"":""2026-03-23"",""commits"":12,""authors"":1,""additions"":17605,""deletions"":3846,""churn"":21451,""truncated"":false}"
src_205C_timeseries,263,"{""project_key"":""allenai/olmocr"",""date"":""2026-03-24"",""commits"":0,""authors"":0,""additions"":0,""deletions"":0,""churn"":0,""truncated"":false}"
src_205C_timeseries,264,"{""project_key"":""allenai/olmocr"",""date"":""2026-03-25"",""commits"":2,""authors"":1,""additions"":7,""deletions"":2,""churn"":9,""truncated"":false}"
src_205C_timeseries,265,"{""project_key"":""allenai/olmocr"",""date"":""2026-03-26"",""commits"":0,""authors"":0,""additions"":0,""deletions"":0,""churn"":0,""truncated"":false}"
src_205C_timeseries,266,"{""project_key"":""allenai/olmocr"",""date"":""2026-03-27"",""commits"":0,""authors"":0,""additions"":0,""deletions"":0,""churn"":0,""truncated"":false}"
src_205C_timeseries,267,"{""project_key"":""allenai/olmocr"",""date"":""2026-03-28"",""commits"":0,""authors"":0,""additions"":0,""deletions"":0,""churn"":0,""truncated"":false}"
src_205C_timeseries,268,"{""project_key"":""allenai/olmocr"",""date"":""2026-03-29"",""commits"":0,""authors"":0,""additions"":0,""deletions"":0,""churn"":0,""truncated"":false}"
src_205C_timeseries,269,"{""project_key"":""allenai/olmocr"",""date"":""2026-03-30"",""commits"":0,""authors"":0,""additions"":0,""deletions"":0,""churn"":0,""truncated"":false}"
src_205C_timeseries,270,"{""project_key"":""allenai/olmocr"",""date"":""2026-03-31"",""commits"":0,""authors"":0,""additions"":0,""deletions"":0,""churn"":0,""truncated"":false}"
src_205C_timeseries,271,"{""project_key"":""hiddify/Hiddify-Manager"",""date"":""2026-01-01"",""commits"":0,""authors"":0,""additions"":0,""deletions"":0,""churn"":0,""truncated"":false}"
src_205C_timeseries,272,"{""project_key"":""hiddify/Hiddify-Manager"",""date"":""2026-01-02"",""commits"":0,""authors"":0,""additions"":0,""deletions"":0,""churn"":0,""truncated"":false}"
src_205C_timeseries,273,"{""project_key"":""hiddify/Hiddify-Manager"",""date"":""2026-01-03"",""commits"":0,""authors"":0,""additions"":0,""deletions"":0,""churn"":0,""truncated"":false}"
src_205C_timeseries,274,"{""project_key"":""hiddify/Hiddify-Manager"",""date"":""2026-01-04"",""commits"":0,""authors"":0,""additions"":0,""deletions"":0,""churn"":0,""truncated"":false}"
src_205C_timeseries,275,"{""project_key"":""hiddify/Hiddify-Manager"",""date"":""2026-01-05"",""commits"":0,""authors"":0,""additions"":0,""deletions"":0,""churn"":0,""truncated"":false}"
src_205C_timeseries,276,"{""project_key"":""hiddify/Hiddify-Manager"",""date"":""2026-01-06"",""commits"":0,""authors"":0,""additions"":0,""deletions"":0,""churn"":0,""truncated"":false}"
src_205C_timeseries,277,"{""project_key"":""hiddify/Hiddify-Manager"",""date"":""2026-01-07"",""commits"":0,""authors"":0,""additions"":0,""deletions"":0,""churn"":0,""truncated"":false}"
src_205C_timeseries,278,"{""project_key"":""hiddify/Hiddify-Manager"",""date"":""2026-01-08"",""commits"":0,""authors"":0,""additions"":0,""deletions"":0,""churn"":0,""truncated"":false}"
src_205C_timeseries,279,"{""project_key"":""hiddify/Hiddify-Manager"",""date"":""2026-01-09"",""commits"":0,""authors"":0,""additions"":0,""deletions"":0,""churn"":0,""truncated"":false}"
src_205C_timeseries,280,"{""project_key"":""hiddify/Hiddify-Manager"",""date"":""2026-01-10"",""commits"":0,""authors"":0,""additions"":0,""deletions"":0,""churn"":0,""truncated"":false}"
src_205C_timeseries,281,"{""project_key"":""hiddify/Hiddify-Manager"",""date"":""2026-01-11"",""commits"":0,""authors"":0,""additions"":0,""deletions"":0,""churn"":0,""truncated"":false}"
src_205C_timeseries,282,"{""project_key"":""hiddify/Hiddify-Manager"",""date"":""2026-01-12"",""commits"":0,""authors"":0,""additions"":0,""deletions"":0,""churn"":0,""truncated"":false}"
src_205C_timeseries,283,"{""project_key"":""hiddify/Hiddify-Manager"",""date"":""2026-01-13"",""commits"":0,""authors"":0,""additions"":0,""deletions"":0,""churn"":0,""truncated"":false}"
src_205C_timeseries,284,"{""project_key"":""hiddify/Hiddify-Manager"",""date"":""2026-01-14"",""commits"":0,""authors"":0,""additions"":0,""deletions"":0,""churn"":0,""truncated"":false}"
src_205C_timeseries,285,"{""project_key"":""hiddify/Hiddify-Manager"",""date"":""2026-01-15"",""commits"":0,""authors"":0,""additions"":0,""deletions"":0,""churn"":0,""truncated"":false}"
src_205C_timeseries,286,"{""project_key"":""hiddify/Hiddify-Manager"",""date"":""2026-01-16"",""commits"":0,""authors"":0,""additions"":0,""deletions"":0,""churn"":0,""truncated"":false}"
src_205C_timeseries,287,"{""project_key"":""hiddify/Hiddify-Manager"",""date"":""2026-01-17"",""commits"":0,""authors"":0,""additions"":0,""deletions"":0,""churn"":0,""truncated"":false}"
src_205C_timeseries,288,"{""project_key"":""hiddify/Hiddify-Manager"",""date"":""2026-01-18"",""commits"":0,""authors"":0,""additions"":0,""deletions"":0,""churn"":0,""truncated"":false}"
src_205C_timeseries,289,"{""project_key"":""hiddify/Hiddify-Manager"",""date"":""2026-01-19"",""commits"":0,""authors"":0,""additions"":0,""deletions"":0,""churn"":0,""truncated"":false}"
src_205C_timeseries,290,"{""project_key"":""hiddify/Hiddify-Manager"",""date"":""2026-01-20"",""commits"":0,""authors"":0,""additions"":0,""deletions"":0,""churn"":0,""truncated"":false}"
src_205C_timeseries,291,"{""project_key"":""hiddify/Hiddify-Manager"",""date"":""2026-01-21"",""commits"":0,""authors"":0,""additions"":0,""deletions"":0,""churn"":0,""truncated"":false}"
src_205C_timeseries,292,"{""project_key"":""hiddify/Hiddify-Manager"",""date"":""2026-01-22"",""commits"":2,""authors"":1,""additions"":43,""deletions"":9,""churn"":52,""truncated"":false}"
src_205C_timeseries,293,"{""project_key"":""hiddify/Hiddify-Manager"",""date"":""2026-01-23"",""commits"":1,""authors"":1,""additions"":2,""deletions"":2,""churn"":4,""truncated"":false}"
src_205C_timeseries,294,"{""project_key"":""hiddify/Hiddify-Manager"",""date"":""2026-01-24"",""commits"":1,""authors"":1,""additions"":2,""deletions"":2,""churn"":4,""truncated"":false}"
src_205C_timeseries,295,"{""project_key"":""hiddify/Hiddify-Manager"",""date"":""2026-01-25"",""commits"":4,""authors"":1,""additions"":22,""deletions"":8,""churn"":30,""truncated"":false}"
src_205C_timeseries,296,"{""project_key"":""hiddify/Hiddify-Manager"",""date"":""2026-01-26"",""commits"":0,""authors"":0,""additions"":0,""deletions"":0,""churn"":0,""truncated"":false}"
src_205C_timeseries,297,"{""project_key"":""hiddify/Hiddify-Manager"",""date"":""2026-01-27"",""commits"":0,""authors"":0,""additions"":0,""deletions"":0,""churn"":0,""truncated"":false}"
src_205C_timeseries,298,"{""project_key"":""hiddify/Hiddify-Manager"",""date"":""2026-01-28"",""commits"":0,""authors"":0,""additions"":0,""deletions"":0,""churn"":0,""truncated"":false}"
src_205C_timeseries,299,"{""project_key"":""hiddify/Hiddify-Manager"",""date"":""2026-01-29"",""commits"":0,""authors"":0,""additions"":0,""deletions"":0,""churn"":0,""truncated"":false}"
src_205C_timeseries,300,"{""project_key"":""hiddify/Hiddify-Manager"",""date"":""2026-01-30"",""commits"":0,""authors"":0,""additions"":0,""deletions"":0,""churn"":0,""truncated"":false}"
src_205C_timeseries,301,"{""project_key"":""hiddify/Hiddify-Manager"",""date"":""2026-01-31"",""commits"":0,""authors"":0,""additions"":0,""deletions"":0,""churn"":0,""truncated"":false}"
src_205C_timeseries,302,"{""project_key"":""hiddify/Hiddify-Manager"",""date"":""2026-02-01"",""commits"":0,""authors"":0,""additions"":0,""deletions"":0,""churn"":0,""truncated"":false}"
src_205C_timeseries,303,"{""project_key"":""hiddify/Hiddify-Manager"",""date"":""2026-02-02"",""commits"":0,""authors"":0,""additions"":0,""deletions"":0,""churn"":0,""truncated"":false}"
src_205C_timeseries,304,"{""project_key"":""hiddify/Hiddify-Manager"",""date"":""2026-02-03"",""commits"":0,""authors"":0,""additions"":0,""deletions"":0,""churn"":0,""truncated"":false}"
src_205C_timeseries,305,"{""project_key"":""hiddify/Hiddify-Manager"",""date"":""2026-02-04"",""commits"":0,""authors"":0,""additions"":0,""deletions"":0,""churn"":0,""truncated"":false}"
src_205C_timeseries,306,"{""project_key"":""hiddify/Hiddify-Manager"",""date"":""2026-02-05"",""commits"":0,""authors"":0,""additions"":0,""deletions"":0,""churn"":0,""truncated"":false}"
src_205C_timeseries,307,"{""project_key"":""hiddify/Hiddify-Manager"",""date"":""2026-02-06"",""commits"":0,""authors"":0,""additions"":0,""deletions"":0,""churn"":0,""truncated"":false}"
src_205C_timeseries,308,"{""project_key"":""hiddify/Hiddify-Manager"",""date"":""2026-02-07"",""commits"":3,""authors"":1,""additions"":3,""deletions"":3,""churn"":6,""truncated"":false}"
src_205C_timeseries,309,"{""project_key"":""hiddify/Hiddify-Manager"",""date"":""2026-02-08"",""commits"":3,""authors"":2,""additions"":5,""deletions"":5,""churn"":10,""truncated"":false}"
src_205C_timeseries,310,"{""project_key"":""hiddify/Hiddify-Manager"",""date"":""2026-02-09"",""commits"":8,""authors"":2,""additions"":58,""deletions"":38,""churn"":96,""truncated"":false}"
src_205C_timeseries,311,"{""project_key"":""hiddify/Hiddify-Manager"",""date"":""2026-02-10"",""commits"":0,""authors"":0,""additions"":0,""deletions"":0,""churn"":0,""truncated"":false}"
src_205C_timeseries,312,"{""project_key"":""hiddify/Hiddify-Manager"",""date"":""2026-02-11"",""commits"":1,""authors"":1,""additions"":7,""deletions"":7,""churn"":14,""truncated"":false}"
src_205C_timeseries,313,"{""project_key"":""hiddify/Hiddify-Manager"",""date"":""2026-02-12"",""commits"":3,""authors"":2,""additions"":9,""deletions"":9,""churn"":18,""truncated"":false}"
src_205C_timeseries,314,"{""project_key"":""hiddify/Hiddify-Manager"",""date"":""2026-02-13"",""commits"":0,""authors"":0,""additions"":0,""deletions"":0,""churn"":0,""truncated"":false}"
src_205C_timeseries,315,"{""project_key"":""hiddify/Hiddify-Manager"",""date"":""2026-02-14"",""commits"":1,""authors"":1,""additions"":9,""deletions"":2,""churn"":11,""truncated"":false}"
src_205C_timeseries,316,"{""project_key"":""hiddify/Hiddify-Manager"",""date"":""2026-02-15"",""commits"":5,""authors"":1,""additions"":207,""deletions"":45,""churn"":252,""truncated"":false}"
src_205C_timeseries,317,"{""project_key"":""hiddify/Hiddify-Manager"",""date"":""2026-02-16"",""commits"":7,""authors"":1,""additions"":261,""deletions"":76,""churn"":337,""truncated"":false}"
src_205C_timeseries,318,"{""project_key"":""hiddify/Hiddify-Manager"",""date"":""2026-02-17"",""commits"":0,""authors"":0,""additions"":0,""deletions"":0,""churn"":0,""truncated"":false}"
src_205C_timeseries,319,"{""project_key"":""hiddify/Hiddify-Manager"",""date"":""2026-02-18"",""commits"":1,""authors"":1,""additions"":13,""deletions"":28,""churn"":41,""truncated"":false}"
src_205C_timeseries,320,"{""project_key"":""hiddify/Hiddify-Manager"",""date"":""2026-02-19"",""commits"":1,""authors"":1,""additions"":4,""deletions"":2,""churn"":6,""truncated"":false}"
src_205C_timeseries,321,"{""project_key"":""hiddify/Hiddify-Manager"",""date"":""2026-02-20"",""commits"":5,""authors"":1,""additions"":147,""deletions"":14,""churn"":161,""truncated"":false}"
src_205C_timeseries,322,"{""project_key"":""hiddify/Hiddify-Manager"",""date"":""2026-02-21"",""commits"":4,""authors"":1,""additions"":17,""deletions"":10,""churn"":27,""truncated"":false}"
src_205C_timeseries,323,"{""project_key"":""hiddify/Hiddify-Manager"",""date"":""2026-02-22"",""commits"":0,""authors"":0,""additions"":0,""deletions"":0,""churn"":0,""truncated"":false}"
src_205C_timeseries,324,"{""project_key"":""hiddify/Hiddify-Manager"",""date"":""2026-02-23"",""commits"":1,""authors"":1,""additions"":1,""deletions"":1,""churn"":2,""truncated"":false}"
src_205C_timeseries,325,"{""project_key"":""hiddify/Hiddify-Manager"",""date"":""2026-02-24"",""commits"":0,""authors"":0,""additions"":0,""deletions"":0,""churn"":0,""truncated"":false}"
src_205C_timeseries,326,"{""project_key"":""hiddify/Hiddify-Manager"",""date"":""2026-02-25"",""commits"":0,""authors"":0,""additions"":0,""deletions"":0,""churn"":0,""truncated"":false}"
src_205C_timeseries,327,"{""project_key"":""hiddify/Hiddify-Manager"",""date"":""2026-02-26"",""commits"":0,""authors"":0,""additions"":0,""deletions"":0,""churn"":0,""truncated"":false}"
src_205C_timeseries,328,"{""project_key"":""hiddify/Hiddify-Manager"",""date"":""2026-02-27"",""commits"":0,""authors"":0,""additions"":0,""deletions"":0,""churn"":0,""truncated"":false}"
src_205C_timeseries,329,"{""project_key"":""hiddify/Hiddify-Manager"",""date"":""2026-02-28"",""commits"":0,""authors"":0,""additions"":0,""deletions"":0,""churn"":0,""truncated"":false}"
src_205C_timeseries,330,"{""project_key"":""hiddify/Hiddify-Manager"",""date"":""2026-03-01"",""commits"":0,""authors"":0,""additions"":0,""deletions"":0,""churn"":0,""truncated"":false}"
src_205C_timeseries,331,"{""project_key"":""hiddify/Hiddify-Manager"",""date"":""2026-03-02"",""commits"":0,""authors"":0,""additions"":0,""deletions"":0,""churn"":0,""truncated"":false}"
src_205C_timeseries,332,"{""project_key"":""hiddify/Hiddify-Manager"",""date"":""2026-03-03"",""commits"":0,""authors"":0,""additions"":0,""deletions"":0,""churn"":0,""truncated"":false}"
src_205C_timeseries,333,"{""project_key"":""hiddify/Hiddify-Manager"",""date"":""2026-03-04"",""commits"":0,""authors"":0,""additions"":0,""deletions"":0,""churn"":0,""truncated"":false}"
src_205C_timeseries,334,"{""project_key"":""hiddify/Hiddify-Manager"",""date"":""2026-03-05"",""commits"":6,""authors"":1,""additions"":198,""deletions"":16,""churn"":214,""truncated"":false}"
src_205C_timeseries,335,"{""project_key"":""hiddify/Hiddify-Manager"",""date"":""2026-03-06"",""commits"":2,""authors"":1,""additions"":7,""deletions"":7,""churn"":14,""truncated"":false}"
src_205C_timeseries,336,"{""project_key"":""hiddify/Hiddify-Manager"",""date"":""2026-03-07"",""commits"":0,""authors"":0,""additions"":0,""deletions"":0,""churn"":0,""truncated"":false}"
src_205C_timeseries,337,"{""project_key"":""hiddify/Hiddify-Manager"",""date"":""2026-03-08"",""commits"":0,""authors"":0,""additions"":0,""deletions"":0,""churn"":0,""truncated"":false}"
src_205C_timeseries,338,"{""project_key"":""hiddify/Hiddify-Manager"",""date"":""2026-03-09"",""commits"":0,""authors"":0,""additions"":0,""deletions"":0,""churn"":0,""truncated"":false}"
src_205C_timeseries,339,"{""project_key"":""hiddify/Hiddify-Manager"",""date"":""2026-03-10"",""commits"":0,""authors"":0,""additions"":0,""deletions"":0,""churn"":0,""truncated"":false}"
src_205C_timeseries,340,"{""project_key"":""hiddify/Hiddify-Manager"",""date"":""2026-03-11"",""commits"":0,""authors"":0,""additions"":0,""deletions"":0,""churn"":0,""truncated"":false}"
src_205C_timeseries,341,"{""project_key"":""hiddify/Hiddify-Manager"",""date"":""2026-03-12"",""commits"":0,""authors"":0,""additions"":0,""deletions"":0,""churn"":0,""truncated"":false}"
src_205C_timeseries,342,"{""project_key"":""hiddify/Hiddify-Manager"",""date"":""2026-03-13"",""commits"":0,""authors"":0,""additions"":0,""deletions"":0,""churn"":0,""truncated"":false}"
src_205C_timeseries,343,"{""project_key"":""hiddify/Hiddify-Manager"",""date"":""2026-03-14"",""commits"":0,""authors"":0,""additions"":0,""deletions"":0,""churn"":0,""truncated"":false}"
src_205C_timeseries,344,"{""project_key"":""hiddify/Hiddify-Manager"",""date"":""2026-03-15"",""commits"":0,""authors"":0,""additions"":0,""deletions"":0,""churn"":0,""truncated"":false}"
src_205C_timeseries,345,"{""project_key"":""hiddify/Hiddify-Manager"",""date"":""2026-03-16"",""commits"":0,""authors"":0,""additions"":0,""deletions"":0,""churn"":0,""truncated"":false}"
src_205C_timeseries,346,"{""project_key"":""hiddify/Hiddify-Manager"",""date"":""2026-03-17"",""commits"":0,""authors"":0,""additions"":0,""deletions"":0,""churn"":0,""truncated"":false}"
src_205C_timeseries,347,"{""project_key"":""hiddify/Hiddify-Manager"",""date"":""2026-03-18"",""commits"":0,""authors"":0,""additions"":0,""deletions"":0,""churn"":0,""truncated"":false}"
src_205C_timeseries,348,"{""project_key"":""hiddify/Hiddify-Manager"",""date"":""2026-03-19"",""commits"":0,""authors"":0,""additions"":0,""deletions"":0,""churn"":0,""truncated"":false}"
src_205C_timeseries,349,"{""project_key"":""hiddify/Hiddify-Manager"",""date"":""2026-03-20"",""commits"":0,""authors"":0,""additions"":0,""deletions"":0,""churn"":0,""truncated"":false}"
src_205C_timeseries,350,"{""project_key"":""hiddify/Hiddify-Manager"",""date"":""2026-03-21"",""commits"":0,""authors"":0,""additions"":0,""deletions"":0,""churn"":0,""truncated"":false}"
src_205C_timeseries,351,"{""project_key"":""hiddify/Hiddify-Manager"",""date"":""2026-03-22"",""commits"":0,""authors"":0,""additions"":0,""deletions"":0,""churn"":0,""truncated"":false}"
src_205C_timeseries,352,"{""project_key"":""hiddify/Hiddify-Manager"",""date"":""2026-03-23"",""commits"":0,""authors"":0,""additions"":0,""deletions"":0,""churn"":0,""truncated"":false}"
src_205C_timeseries,353,"{""project_key"":""hiddify/Hiddify-Manager"",""date"":""2026-03-24"",""commits"":1,""authors"":1,""additions"":3,""deletions"":3,""churn"":6,""truncated"":false}"
src_205C_timeseries,354,"{""project_key"":""hiddify/Hiddify-Manager"",""date"":""2026-03-25"",""commits"":2,""authors"":1,""additions"":16,""deletions"":6,""churn"":22,""truncated"":false}"
src_205C_timeseries,355,"{""project_key"":""hiddify/Hiddify-Manager"",""date"":""2026-03-26"",""commits"":0,""authors"":0,""additions"":0,""deletions"":0,""churn"":0,""truncated"":false}"
src_205C_timeseries,356,"{""project_key"":""hiddify/Hiddify-Manager"",""date"":""2026-03-27"",""commits"":0,""authors"":0,""additions"":0,""deletions"":0,""churn"":0,""truncated"":false}"
src_205C_timeseries,357,"{""project_key"":""hiddify/Hiddify-Manager"",""date"":""2026-03-28"",""commits"":1,""authors"":1,""additions"":5,""deletions"":3,""churn"":8,""truncated"":false}"
src_205C_timeseries,358,"{""project_key"":""hiddify/Hiddify-Manager"",""date"":""2026-03-29"",""commits"":2,""authors"":1,""additions"":4,""deletions"":3,""churn"":7,""truncated"":false}"
src_205C_timeseries,359,"{""project_key"":""hiddify/Hiddify-Manager"",""date"":""2026-03-30"",""commits"":0,""authors"":0,""additions"":0,""deletions"":0,""churn"":0,""truncated"":false}"
src_205C_timeseries,360,"{""project_key"":""hiddify/Hiddify-Manager"",""date"":""2026-03-31"",""commits"":0,""authors"":0,""additions"":0,""deletions"":0,""churn"":0,""truncated"":false}"
src_205C_timeseries,361,"{""project_key"":""khoj-ai/khoj"",""date"":""2026-01-01"",""commits"":0,""authors"":0,""additions"":0,""deletions"":0,""churn"":0,""truncated"":false}"
src_205C_timeseries,362,"{""project_key"":""khoj-ai/khoj"",""date"":""2026-01-02"",""commits"":2,""authors"":1,""additions"":12,""deletions"":10,""churn"":22,""truncated"":false}"
src_205C_timeseries,363,"{""project_key"":""khoj-ai/khoj"",""date"":""2026-01-03"",""commits"":2,""authors"":2,""additions"":2147,""deletions"":109,""churn"":2256,""truncated"":false}"
src_205C_timeseries,364,"{""project_key"":""khoj-ai/khoj"",""date"":""2026-01-04"",""commits"":0,""authors"":0,""additions"":0,""deletions"":0,""churn"":0,""truncated"":false}"
src_205C_timeseries,365,"{""project_key"":""khoj-ai/khoj"",""date"":""2026-01-05"",""commits"":0,""authors"":0,""additions"":0,""deletions"":0,""churn"":0,""truncated"":false}"
src_205C_timeseries,366,"{""project_key"":""khoj-ai/khoj"",""date"":""2026-01-06"",""commits"":1,""authors"":1,""additions"":1,""deletions"":1,""churn"":2,""truncated"":false}"
src_205C_timeseries,367,"{""project_key"":""khoj-ai/khoj"",""date"":""2026-01-07"",""commits"":0,""authors"":0,""additions"":0,""deletions"":0,""churn"":0,""truncated"":false}"
src_205C_timeseries,368,"{""project_key"":""khoj-ai/khoj"",""date"":""2026-01-08"",""commits"":0,""authors"":0,""additions"":0,""deletions"":0,""churn"":0,""truncated"":false}"
src_205C_timeseries,369,"{""project_key"":""khoj-ai/khoj"",""date"":""2026-01-09"",""commits"":0,""authors"":0,""additions"":0,""deletions"":0,""churn"":0,""truncated"":false}"
src_205C_timeseries,370,"{""project_key"":""khoj-ai/khoj"",""date"":""2026-01-10"",""commits"":0,""authors"":0,""additions"":0,""deletions"":0,""churn"":0,""truncated"":false}"
src_205C_timeseries,371,"{""project_key"":""khoj-ai/khoj"",""date"":""2026-01-11"",""commits"":0,""authors"":0,""additions"":0,""deletions"":0,""churn"":0,""truncated"":false}"
src_205C_timeseries,372,"{""project_key"":""khoj-ai/khoj"",""date"":""2026-01-12"",""commits"":0,""authors"":0,""additions"":0,""deletions"":0,""churn"":0,""truncated"":false}"
src_205C_timeseries,373,"{""project_key"":""khoj-ai/khoj"",""date"":""2026-01-13"",""commits"":0,""authors"":0,""additions"":0,""deletions"":0,""churn"":0,""truncated"":false}"
src_205C_timeseries,374,"{""project_key"":""khoj-ai/khoj"",""date"":""2026-01-14"",""commits"":0,""authors"":0,""additions"":0,""deletions"":0,""churn"":0,""truncated"":false}"
src_205C_timeseries,375,"{""project_key"":""khoj-ai/khoj"",""date"":""2026-01-15"",""commits"":0,""authors"":0,""additions"":0,""deletions"":0,""churn"":0,""truncated"":false}"
src_205C_timeseries,376,"{""project_key"":""khoj-ai/khoj"",""date"":""2026-01-16"",""commits"":0,""authors"":0,""additions"":0,""deletions"":0,""churn"":0,""truncated"":false}"
src_205C_timeseries,377,"{""project_key"":""khoj-ai/khoj"",""date"":""2026-01-17"",""commits"":0,""authors"":0,""additions"":0,""deletions"":0,""churn"":0,""truncated"":false}"
src_205C_timeseries,378,"{""project_key"":""khoj-ai/khoj"",""date"":""2026-01-18"",""commits"":0,""authors"":0,""additions"":0,""deletions"":0,""churn"":0,""truncated"":false}"
src_205C_timeseries,379,"{""project_key"":""khoj-ai/khoj"",""date"":""2026-01-19"",""commits"":0,""authors"":0,""additions"":0,""deletions"":0,""churn"":0,""truncated"":false}"
src_205C_timeseries,380,"{""project_key"":""khoj-ai/khoj"",""date"":""2026-01-20"",""commits"":0,""authors"":0,""additions"":0,""deletions"":0,""churn"":0,""truncated"":false}"
src_205C_timeseries,381,"{""project_key"":""khoj-ai/khoj"",""date"":""2026-01-21"",""commits"":0,""authors"":0,""additions"":0,""deletions"":0,""churn"":0,""truncated"":false}"
src_205C_timeseries,382,"{""project_key"":""khoj-ai/khoj"",""date"":""2026-01-22"",""commits"":0,""authors"":0,""additions"":0,""deletions"":0,""churn"":0,""truncated"":false}"
src_205C_timeseries,383,"{""project_key"":""khoj-ai/khoj"",""date"":""2026-01-23"",""commits"":0,""authors"":0,""additions"":0,""deletions"":0,""churn"":0,""truncated"":false}"
src_205C_timeseries,384,"{""project_key"":""khoj-ai/khoj"",""date"":""2026-01-24"",""commits"":0,""authors"":0,""additions"":0,""deletions"":0,""churn"":0,""truncated"":false}"
src_205C_timeseries,385,"{""project_key"":""khoj-ai/khoj"",""date"":""2026-01-25"",""commits"":0,""authors"":0,""additions"":0,""deletions"":0,""churn"":0,""truncated"":false}"
src_205C_timeseries,386,"{""project_key"":""khoj-ai/khoj"",""date"":""2026-01-26"",""commits"":0,""authors"":0,""additions"":0,""deletions"":0,""churn"":0,""truncated"":false}"
src_205C_timeseries,387,"{""project_key"":""khoj-ai/khoj"",""date"":""2026-01-27"",""commits"":0,""authors"":0,""additions"":0,""deletions"":0,""churn"":0,""truncated"":false}"
src_205C_timeseries,388,"{""project_key"":""khoj-ai/khoj"",""date"":""2026-01-28"",""commits"":0,""authors"":0,""additions"":0,""deletions"":0,""churn"":0,""truncated"":false}"
src_205C_timeseries,389,"{""project_key"":""khoj-ai/khoj"",""date"":""2026-01-29"",""commits"":0,""authors"":0,""additions"":0,""deletions"":0,""churn"":0,""truncated"":false}"
src_205C_timeseries,390,"{""project_key"":""khoj-ai/khoj"",""date"":""2026-01-30"",""commits"":0,""authors"":0,""additions"":0,""deletions"":0,""churn"":0,""truncated"":false}"
src_205C_timeseries,391,"{""project_key"":""khoj-ai/khoj"",""date"":""2026-01-31"",""commits"":0,""authors"":0,""additions"":0,""deletions"":0,""churn"":0,""truncated"":false}"
src_205C_timeseries,392,"{""project_key"":""khoj-ai/khoj"",""date"":""2026-02-01"",""commits"":0,""authors"":0,""additions"":0,""deletions"":0,""churn"":0,""truncated"":false}"
src_205C_timeseries,393,"{""project_key"":""khoj-ai/khoj"",""date"":""2026-02-02"",""commits"":0,""authors"":0,""additions"":0,""deletions"":0,""churn"":0,""truncated"":false}"
src_205C_timeseries,394,"{""project_key"":""khoj-ai/khoj"",""date"":""2026-02-03"",""commits"":0,""authors"":0,""additions"":0,""deletions"":0,""churn"":0,""truncated"":false}"
src_205C_timeseries,395,"{""project_key"":""khoj-ai/khoj"",""date"":""2026-02-04"",""commits"":0,""authors"":0,""additions"":0,""deletions"":0,""churn"":0,""truncated"":false}"
src_205C_timeseries,396,"{""project_key"":""khoj-ai/khoj"",""date"":""2026-02-05"",""commits"":0,""authors"":0,""additions"":0,""deletions"":0,""churn"":0,""truncated"":false}"
src_205C_timeseries,397,"{""project_key"":""khoj-ai/khoj"",""date"":""2026-02-06"",""commits"":0,""authors"":0,""additions"":0,""deletions"":0,""churn"":0,""truncated"":false}"
src_205C_timeseries,398,"{""project_key"":""khoj-ai/khoj"",""date"":""2026-02-07"",""commits"":0,""authors"":0,""additions"":0,""deletions"":0,""churn"":0,""truncated"":false}"
src_205C_timeseries,399,"{""project_key"":""khoj-ai/khoj"",""date"":""2026-02-08"",""commits"":0,""authors"":0,""additions"":0,""deletions"":0,""churn"":0,""truncated"":false}"
src_205C_timeseries,400,"{""project_key"":""khoj-ai/khoj"",""date"":""2026-02-09"",""commits"":0,""authors"":0,""additions"":0,""deletions"":0,""churn"":0,""truncated"":false}"
src_205C_timeseries,401,"{""project_key"":""khoj-ai/khoj"",""date"":""2026-02-10"",""commits"":0,""authors"":0,""additions"":0,""deletions"":0,""churn"":0,""truncated"":false}"
src_205C_timeseries,402,"{""project_key"":""khoj-ai/khoj"",""date"":""2026-02-11"",""commits"":0,""authors"":0,""additions"":0,""deletions"":0,""churn"":0,""truncated"":false}"
src_205C_timeseries,403,"{""project_key"":""khoj-ai/khoj"",""date"":""2026-02-12"",""commits"":0,""authors"":0,""additions"":0,""deletions"":0,""churn"":0,""truncated"":false}"
src_205C_timeseries,404,"{""project_key"":""khoj-ai/khoj"",""date"":""2026-02-13"",""commits"":0,""authors"":0,""additions"":0,""deletions"":0,""churn"":0,""truncated"":false}"
src_205C_timeseries,405,"{""project_key"":""khoj-ai/khoj"",""date"":""2026-02-14"",""commits"":0,""authors"":0,""additions"":0,""deletions"":0,""churn"":0,""truncated"":false}"
src_205C_timeseries,406,"{""project_key"":""khoj-ai/khoj"",""date"":""2026-02-15"",""commits"":0,""authors"":0,""additions"":0,""deletions"":0,""churn"":0,""truncated"":false}"
src_205C_timeseries,407,"{""project_key"":""khoj-ai/khoj"",""date"":""2026-02-16"",""commits"":0,""authors"":0,""additions"":0,""deletions"":0,""churn"":0,""truncated"":false}"
src_205C_timeseries,408,"{""project_key"":""khoj-ai/khoj"",""date"":""2026-02-17"",""commits"":0,""authors"":0,""additions"":0,""deletions"":0,""churn"":0,""truncated"":false}"
src_205C_timeseries,409,"{""project_key"":""khoj-ai/khoj"",""date"":""2026-02-18"",""commits"":0,""authors"":0,""additions"":0,""deletions"":0,""churn"":0,""truncated"":false}"
src_205C_timeseries,410,"{""project_key"":""khoj-ai/khoj"",""date"":""2026-02-19"",""commits"":0,""authors"":0,""additions"":0,""deletions"":0,""churn"":0,""truncated"":false}"
src_205C_timeseries,411,"{""project_key"":""khoj-ai/khoj"",""date"":""2026-02-20"",""commits"":0,""authors"":0,""additions"":0,""deletions"":0,""churn"":0,""truncated"":false}"
src_205C_timeseries,412,"{""project_key"":""khoj-ai/khoj"",""date"":""2026-02-21"",""commits"":0,""authors"":0,""additions"":0,""deletions"":0,""churn"":0,""truncated"":false}"
src_205C_timeseries,413,"{""project_key"":""khoj-ai/khoj"",""date"":""2026-02-22"",""commits"":8,""authors"":4,""additions"":1700,""deletions"":1283,""churn"":2983,""truncated"":false}"
src_205C_timeseries,414,"{""project_key"":""khoj-ai/khoj"",""date"":""2026-02-23"",""commits"":0,""authors"":0,""additions"":0,""deletions"":0,""churn"":0,""truncated"":false}"
src_205C_timeseries,415,"{""project_key"":""khoj-ai/khoj"",""date"":""2026-02-24"",""commits"":1,""authors"":1,""additions"":1,""deletions"":1,""churn"":2,""truncated"":false}"
src_205C_timeseries,416,"{""project_key"":""khoj-ai/khoj"",""date"":""2026-02-25"",""commits"":0,""authors"":0,""additions"":0,""deletions"":0,""churn"":0,""truncated"":false}"
src_205C_timeseries,417,"{""project_key"":""khoj-ai/khoj"",""date"":""2026-02-26"",""commits"":0,""authors"":0,""additions"":0,""deletions"":0,""churn"":0,""truncated"":false}"
src_205C_timeseries,418,"{""project_key"":""khoj-ai/khoj"",""date"":""2026-02-27"",""commits"":0,""authors"":0,""additions"":0,""deletions"":0,""churn"":0,""truncated"":false}"
src_205C_timeseries,419,"{""project_key"":""khoj-ai/khoj"",""date"":""2026-02-28"",""commits"":0,""authors"":0,""additions"":0,""deletions"":0,""churn"":0,""truncated"":false}"
src_205C_timeseries,420,"{""project_key"":""khoj-ai/khoj"",""date"":""2026-03-01"",""commits"":0,""authors"":0,""additions"":0,""deletions"":0,""churn"":0,""truncated"":false}"
src_205C_timeseries,421,"{""project_key"":""khoj-ai/khoj"",""date"":""2026-03-02"",""commits"":1,""authors"":1,""additions"":3,""deletions"":29,""churn"":32,""truncated"":false}"
src_205C_timeseries,422,"{""project_key"":""khoj-ai/khoj"",""date"":""2026-03-03"",""commits"":0,""authors"":0,""additions"":0,""deletions"":0,""churn"":0,""truncated"":false}"
src_205C_timeseries,423,"{""project_key"":""khoj-ai/khoj"",""date"":""2026-03-04"",""commits"":0,""authors"":0,""additions"":0,""deletions"":0,""churn"":0,""truncated"":false}"
src_205C_timeseries,424,"{""project_key"":""khoj-ai/khoj"",""date"":""2026-03-05"",""commits"":0,""authors"":0,""additions"":0,""deletions"":0,""churn"":0,""truncated"":false}"
src_205C_timeseries,425,"{""project_key"":""khoj-ai/khoj"",""date"":""2026-03-06"",""commits"":4,""authors"":3,""additions"":5,""deletions"":11,""churn"":16,""truncated"":false}"
src_205C_timeseries,426,"{""project_key"":""khoj-ai/khoj"",""date"":""2026-03-07"",""commits"":0,""authors"":0,""additions"":0,""deletions"":0,""churn"":0,""truncated"":false}"
src_205C_timeseries,427,"{""project_key"":""khoj-ai/khoj"",""date"":""2026-03-08"",""commits"":0,""authors"":0,""additions"":0,""deletions"":0,""churn"":0,""truncated"":false}"
src_205C_timeseries,428,"{""project_key"":""khoj-ai/khoj"",""date"":""2026-03-09"",""commits"":0,""authors"":0,""additions"":0,""deletions"":0,""churn"":0,""truncated"":false}"
src_205C_timeseries,429,"{""project_key"":""khoj-ai/khoj"",""date"":""2026-03-10"",""commits"":0,""authors"":0,""additions"":0,""deletions"":0,""churn"":0,""truncated"":false}"
src_205C_timeseries,430,"{""project_key"":""khoj-ai/khoj"",""date"":""2026-03-11"",""commits"":0,""authors"":0,""additions"":0,""deletions"":0,""churn"":0,""truncated"":false}"
src_205C_timeseries,431,"{""project_key"":""khoj-ai/khoj"",""date"":""2026-03-12"",""commits"":0,""authors"":0,""additions"":0,""deletions"":0,""churn"":0,""truncated"":false}"
src_205C_timeseries,432,"{""project_key"":""khoj-ai/khoj"",""date"":""2026-03-13"",""commits"":0,""authors"":0,""additions"":0,""deletions"":0,""churn"":0,""truncated"":false}"
src_205C_timeseries,433,"{""project_key"":""khoj-ai/khoj"",""date"":""2026-03-14"",""commits"":0,""authors"":0,""additions"":0,""deletions"":0,""churn"":0,""truncated"":false}"
src_205C_timeseries,434,"{""project_key"":""khoj-ai/khoj"",""date"":""2026-03-15"",""commits"":0,""authors"":0,""additions"":0,""deletions"":0,""churn"":0,""truncated"":false}"
src_205C_timeseries,435,"{""project_key"":""khoj-ai/khoj"",""date"":""2026-03-16"",""commits"":0,""authors"":0,""additions"":0,""deletions"":0,""churn"":0,""truncated"":false}"
src_205C_timeseries,436,"{""project_key"":""khoj-ai/khoj"",""date"":""2026-03-17"",""commits"":3,""authors"":2,""additions"":873,""deletions"":908,""churn"":1781,""truncated"":false}"
src_205C_timeseries,437,"{""project_key"":""khoj-ai/khoj"",""date"":""2026-03-18"",""commits"":0,""authors"":0,""additions"":0,""deletions"":0,""churn"":0,""truncated"":false}"
src_205C_timeseries,438,"{""project_key"":""khoj-ai/khoj"",""date"":""2026-03-19"",""commits"":1,""authors"":1,""additions"":1,""deletions"":1,""churn"":2,""truncated"":false}"
src_205C_timeseries,439,"{""project_key"":""khoj-ai/khoj"",""date"":""2026-03-20"",""commits"":0,""authors"":0,""additions"":0,""deletions"":0,""churn"":0,""truncated"":false}"
src_205C_timeseries,440,"{""project_key"":""khoj-ai/khoj"",""date"":""2026-03-21"",""commits"":0,""authors"":0,""additions"":0,""deletions"":0,""churn"":0,""truncated"":false}"
src_205C_timeseries,441,"{""project_key"":""khoj-ai/khoj"",""date"":""2026-03-22"",""commits"":0,""authors"":0,""additions"":0,""deletions"":0,""churn"":0,""truncated"":false}"
src_205C_timeseries,442,"{""project_key"":""khoj-ai/khoj"",""date"":""2026-03-23"",""commits"":0,""authors"":0,""additions"":0,""deletions"":0,""churn"":0,""truncated"":false}"
src_205C_timeseries,443,"{""project_key"":""khoj-ai/khoj"",""date"":""2026-03-24"",""commits"":0,""authors"":0,""additions"":0,""deletions"":0,""churn"":0,""truncated"":false}"
src_205C_timeseries,444,"{""project_key"":""khoj-ai/khoj"",""date"":""2026-03-25"",""commits"":12,""authors"":3,""additions"":247,""deletions"":184,""churn"":431,""truncated"":false}"
src_205C_timeseries,445,"{""project_key"":""khoj-ai/khoj"",""date"":""2026-03-26"",""commits"":4,""authors"":2,""additions"":41,""deletions"":13,""churn"":54,""truncated"":false}"
src_205C_timeseries,446,"{""project_key"":""khoj-ai/khoj"",""date"":""2026-03-27"",""commits"":0,""authors"":0,""additions"":0,""deletions"":0,""churn"":0,""truncated"":false}"
src_205C_timeseries,447,"{""project_key"":""khoj-ai/khoj"",""date"":""2026-03-28"",""commits"":0,""authors"":0,""additions"":0,""deletions"":0,""churn"":0,""truncated"":false}"
src_205C_timeseries,448,"{""project_key"":""khoj-ai/khoj"",""date"":""2026-03-29"",""commits"":0,""authors"":0,""additions"":0,""deletions"":0,""churn"":0,""truncated"":false}"
src_205C_timeseries,449,"{""project_key"":""khoj-ai/khoj"",""date"":""2026-03-30"",""commits"":0,""authors"":0,""additions"":0,""deletions"":0,""churn"":0,""truncated"":false}"
src_205C_timeseries,450,"{""project_key"":""khoj-ai/khoj"",""date"":""2026-03-31"",""commits"":0,""authors"":0,""additions"":0,""deletions"":0,""churn"":0,""truncated"":false}"
src_205C_timeseries,451,"{""project_key"":""neuropsychology/NeuroKit"",""date"":""2026-01-01"",""commits"":0,""authors"":0,""additions"":0,""deletions"":0,""churn"":0,""truncated"":false}"
src_205C_timeseries,452,"{""project_key"":""neuropsychology/NeuroKit"",""date"":""2026-01-02"",""commits"":0,""authors"":0,""additions"":0,""deletions"":0,""churn"":0,""truncated"":false}"
src_205C_timeseries,453,"{""project_key"":""neuropsychology/NeuroKit"",""date"":""2026-01-03"",""commits"":0,""authors"":0,""additions"":0,""deletions"":0,""churn"":0,""truncated"":false}"
src_205C_timeseries,454,"{""project_key"":""neuropsychology/NeuroKit"",""date"":""2026-01-04"",""commits"":0,""authors"":0,""additions"":0,""deletions"":0,""churn"":0,""truncated"":false}"
src_205C_timeseries,455,"{""project_key"":""neuropsychology/NeuroKit"",""date"":""2026-01-05"",""commits"":0,""authors"":0,""additions"":0,""deletions"":0,""churn"":0,""truncated"":false}"
src_205C_timeseries,456,"{""project_key"":""neuropsychology/NeuroKit"",""date"":""2026-01-06"",""commits"":0,""authors"":0,""additions"":0,""deletions"":0,""churn"":0,""truncated"":false}"
src_205C_timeseries,457,"{""project_key"":""neuropsychology/NeuroKit"",""date"":""2026-01-07"",""commits"":0,""authors"":0,""additions"":0,""deletions"":0,""churn"":0,""truncated"":false}"
src_205C_timeseries,458,"{""project_key"":""neuropsychology/NeuroKit"",""date"":""2026-01-08"",""commits"":6,""authors"":1,""additions"":6291,""deletions"":718,""churn"":7009,""truncated"":false}"
src_205C_timeseries,459,"{""project_key"":""neuropsychology/NeuroKit"",""date"":""2026-01-09"",""commits"":1,""authors"":1,""additions"":87,""deletions"":57,""churn"":144,""truncated"":false}"
src_205C_timeseries,460,"{""project_key"":""neuropsychology/NeuroKit"",""date"":""2026-01-10"",""commits"":0,""authors"":0,""additions"":0,""deletions"":0,""churn"":0,""truncated"":false}"
src_205C_timeseries,461,"{""project_key"":""neuropsychology/NeuroKit"",""date"":""2026-01-11"",""commits"":5,""authors"":1,""additions"":4252,""deletions"":1208,""churn"":5460,""truncated"":false}"
src_205C_timeseries,462,"{""project_key"":""neuropsychology/NeuroKit"",""date"":""2026-01-12"",""commits"":0,""authors"":0,""additions"":0,""deletions"":0,""churn"":0,""truncated"":false}"
src_205C_timeseries,463,"{""project_key"":""neuropsychology/NeuroKit"",""date"":""2026-01-13"",""commits"":0,""authors"":0,""additions"":0,""deletions"":0,""churn"":0,""truncated"":false}"
src_205C_timeseries,464,"{""project_key"":""neuropsychology/NeuroKit"",""date"":""2026-01-14"",""commits"":0,""authors"":0,""additions"":0,""deletions"":0,""churn"":0,""truncated"":false}"
src_205C_timeseries,465,"{""project_key"":""neuropsychology/NeuroKit"",""date"":""2026-01-15"",""commits"":0,""authors"":0,""additions"":0,""deletions"":0,""churn"":0,""truncated"":false}"
src_205C_timeseries,466,"{""project_key"":""neuropsychology/NeuroKit"",""date"":""2026-01-16"",""commits"":0,""authors"":0,""additions"":0,""deletions"":0,""churn"":0,""truncated"":false}"
src_205C_timeseries,467,"{""project_key"":""neuropsychology/NeuroKit"",""date"":""2026-01-17"",""commits"":0,""authors"":0,""additions"":0,""deletions"":0,""churn"":0,""truncated"":false}"
src_205C_timeseries,468,"{""project_key"":""neuropsychology/NeuroKit"",""date"":""2026-01-18"",""commits"":0,""authors"":0,""additions"":0,""deletions"":0,""churn"":0,""truncated"":false}"
src_205C_timeseries,469,"{""project_key"":""neuropsychology/NeuroKit"",""date"":""2026-01-19"",""commits"":0,""authors"":0,""additions"":0,""deletions"":0,""churn"":0,""truncated"":false}"
src_205C_timeseries,470,"{""project_key"":""neuropsychology/NeuroKit"",""date"":""2026-01-20"",""commits"":1,""authors"":1,""additions"":2,""deletions"":2,""churn"":4,""truncated"":false}"
src_205C_timeseries,471,"{""project_key"":""neuropsychology/NeuroKit"",""date"":""2026-01-21"",""commits"":0,""authors"":0,""additions"":0,""deletions"":0,""churn"":0,""truncated"":false}"
src_205C_timeseries,472,"{""project_key"":""neuropsychology/NeuroKit"",""date"":""2026-01-22"",""commits"":0,""authors"":0,""additions"":0,""deletions"":0,""churn"":0,""truncated"":false}"
src_205C_timeseries,473,"{""project_key"":""neuropsychology/NeuroKit"",""date"":""2026-01-23"",""commits"":4,""authors"":2,""additions"":12,""deletions"":12,""churn"":24,""truncated"":false}"
src_205C_timeseries,474,"{""project_key"":""neuropsychology/NeuroKit"",""date"":""2026-01-24"",""commits"":0,""authors"":0,""additions"":0,""deletions"":0,""churn"":0,""truncated"":false}"
src_205C_timeseries,475,"{""project_key"":""neuropsychology/NeuroKit"",""date"":""2026-01-25"",""commits"":6,""authors"":1,""additions"":167,""deletions"":182,""churn"":349,""truncated"":false}"
src_205C_timeseries,476,"{""project_key"":""neuropsychology/NeuroKit"",""date"":""2026-01-26"",""commits"":0,""authors"":0,""additions"":0,""deletions"":0,""churn"":0,""truncated"":false}"
src_205C_timeseries,477,"{""project_key"":""neuropsychology/NeuroKit"",""date"":""2026-01-27"",""commits"":0,""authors"":0,""additions"":0,""deletions"":0,""churn"":0,""truncated"":false}"
src_205C_timeseries,478,"{""project_key"":""neuropsychology/NeuroKit"",""date"":""2026-01-28"",""commits"":0,""authors"":0,""additions"":0,""deletions"":0,""churn"":0,""truncated"":false}"
src_205C_timeseries,479,"{""project_key"":""neuropsychology/NeuroKit"",""date"":""2026-01-29"",""commits"":0,""authors"":0,""additions"":0,""deletions"":0,""churn"":0,""truncated"":false}"
src_205C_timeseries,480,"{""project_key"":""neuropsychology/NeuroKit"",""date"":""2026-01-30"",""commits"":0,""authors"":0,""additions"":0,""deletions"":0,""churn"":0,""truncated"":false}"
src_205C_timeseries,481,"{""project_key"":""neuropsychology/NeuroKit"",""date"":""2026-01-31"",""commits"":0,""authors"":0,""additions"":0,""deletions"":0,""churn"":0,""truncated"":false}"
src_205C_timeseries,482,"{""project_key"":""neuropsychology/NeuroKit"",""date"":""2026-02-01"",""commits"":0,""authors"":0,""additions"":0,""deletions"":0,""churn"":0,""truncated"":false}"
src_205C_timeseries,483,"{""project_key"":""neuropsychology/NeuroKit"",""date"":""2026-02-02"",""commits"":0,""authors"":0,""additions"":0,""deletions"":0,""churn"":0,""truncated"":false}"
src_205C_timeseries,484,"{""project_key"":""neuropsychology/NeuroKit"",""date"":""2026-02-03"",""commits"":0,""authors"":0,""additions"":0,""deletions"":0,""churn"":0,""truncated"":false}"
src_205C_timeseries,485,"{""project_key"":""neuropsychology/NeuroKit"",""date"":""2026-02-04"",""commits"":0,""authors"":0,""additions"":0,""deletions"":0,""churn"":0,""truncated"":false}"
src_205C_timeseries,486,"{""project_key"":""neuropsychology/NeuroKit"",""date"":""2026-02-05"",""commits"":0,""authors"":0,""additions"":0,""deletions"":0,""churn"":0,""truncated"":false}"
src_205C_timeseries,487,"{""project_key"":""neuropsychology/NeuroKit"",""date"":""2026-02-06"",""commits"":0,""authors"":0,""additions"":0,""deletions"":0,""churn"":0,""truncated"":false}"
src_205C_timeseries,488,"{""project_key"":""neuropsychology/NeuroKit"",""date"":""2026-02-07"",""commits"":0,""authors"":0,""additions"":0,""deletions"":0,""churn"":0,""truncated"":false}"
src_205C_timeseries,489,"{""project_key"":""neuropsychology/NeuroKit"",""date"":""2026-02-08"",""commits"":0,""authors"":0,""additions"":0,""deletions"":0,""churn"":0,""truncated"":false}"
src_205C_timeseries,490,"{""project_key"":""neuropsychology/NeuroKit"",""date"":""2026-02-09"",""commits"":0,""authors"":0,""additions"":0,""deletions"":0,""churn"":0,""truncated"":false}"
src_205C_timeseries,491,"{""project_key"":""neuropsychology/NeuroKit"",""date"":""2026-02-10"",""commits"":0,""authors"":0,""additions"":0,""deletions"":0,""churn"":0,""truncated"":false}"
src_205C_timeseries,492,"{""project_key"":""neuropsychology/NeuroKit"",""date"":""2026-02-11"",""commits"":0,""authors"":0,""additions"":0,""deletions"":0,""churn"":0,""truncated"":false}"
src_205C_timeseries,493,"{""project_key"":""neuropsychology/NeuroKit"",""date"":""2026-02-12"",""commits"":0,""authors"":0,""additions"":0,""deletions"":0,""churn"":0,""truncated"":false}"
src_205C_timeseries,494,"{""project_key"":""neuropsychology/NeuroKit"",""date"":""2026-02-13"",""commits"":1,""authors"":1,""additions"":2,""deletions"":2,""churn"":4,""truncated"":false}"
src_205C_timeseries,495,"{""project_key"":""neuropsychology/NeuroKit"",""date"":""2026-02-14"",""commits"":0,""authors"":0,""additions"":0,""deletions"":0,""churn"":0,""truncated"":false}"
src_205C_timeseries,496,"{""project_key"":""neuropsychology/NeuroKit"",""date"":""2026-02-15"",""commits"":0,""authors"":0,""additions"":0,""deletions"":0,""churn"":0,""truncated"":false}"
src_205C_timeseries,497,"{""project_key"":""neuropsychology/NeuroKit"",""date"":""2026-02-16"",""commits"":0,""authors"":0,""additions"":0,""deletions"":0,""churn"":0,""truncated"":false}"
src_205C_timeseries,498,"{""project_key"":""neuropsychology/NeuroKit"",""date"":""2026-02-17"",""commits"":0,""authors"":0,""additions"":0,""deletions"":0,""churn"":0,""truncated"":false}"
src_205C_timeseries,499,"{""project_key"":""neuropsychology/NeuroKit"",""date"":""2026-02-18"",""commits"":1,""authors"":1,""additions"":2,""deletions"":1,""churn"":3,""truncated"":false}"
src_205C_timeseries,500,"{""project_key"":""neuropsychology/NeuroKit"",""date"":""2026-02-19"",""commits"":0,""authors"":0,""additions"":0,""deletions"":0,""churn"":0,""truncated"":false}"
src_205C_timeseries,501,"{""project_key"":""neuropsychology/NeuroKit"",""date"":""2026-02-20"",""commits"":2,""authors"":2,""additions"":4,""deletions"":3,""churn"":7,""truncated"":false}"
src_205C_timeseries,502,"{""project_key"":""neuropsychology/NeuroKit"",""date"":""2026-02-21"",""commits"":15,""authors"":1,""additions"":2688,""deletions"":592,""churn"":3280,""truncated"":false}"
src_205C_timeseries,503,"{""project_key"":""neuropsychology/NeuroKit"",""date"":""2026-02-22"",""commits"":36,""authors"":2,""additions"":42958,""deletions"":15711,""churn"":58669,""truncated"":false}"
src_205C_timeseries,504,"{""project_key"":""neuropsychology/NeuroKit"",""date"":""2026-02-23"",""commits"":3,""authors"":2,""additions"":23630,""deletions"":19560,""churn"":43190,""truncated"":false}"
src_205C_timeseries,505,"{""project_key"":""neuropsychology/NeuroKit"",""date"":""2026-02-24"",""commits"":4,""authors"":1,""additions"":1357,""deletions"":1194,""churn"":2551,""truncated"":false}"
src_205C_timeseries,506,"{""project_key"":""neuropsychology/NeuroKit"",""date"":""2026-02-25"",""commits"":0,""authors"":0,""additions"":0,""deletions"":0,""churn"":0,""truncated"":false}"
src_205C_timeseries,507,"{""project_key"":""neuropsychology/NeuroKit"",""date"":""2026-02-26"",""commits"":0,""authors"":0,""additions"":0,""deletions"":0,""churn"":0,""truncated"":false}"
src_205C_timeseries,508,"{""project_key"":""neuropsychology/NeuroKit"",""date"":""2026-02-27"",""commits"":0,""authors"":0,""additions"":0,""deletions"":0,""churn"":0,""truncated"":false}"
src_205C_timeseries,509,"{""project_key"":""neuropsychology/NeuroKit"",""date"":""2026-02-28"",""commits"":19,""authors"":2,""additions"":1561,""deletions"":1382,""churn"":2943,""truncated"":false}"
src_205C_timeseries,510,"{""project_key"":""neuropsychology/NeuroKit"",""date"":""2026-03-01"",""commits"":1,""authors"":1,""additions"":7,""deletions"":3,""churn"":10,""truncated"":false}"
src_205C_timeseries,511,"{""project_key"":""neuropsychology/NeuroKit"",""date"":""2026-03-02"",""commits"":0,""authors"":0,""additions"":0,""deletions"":0,""churn"":0,""truncated"":false}"
src_205C_timeseries,512,"{""project_key"":""neuropsychology/NeuroKit"",""date"":""2026-03-03"",""commits"":0,""authors"":0,""additions"":0,""deletions"":0,""churn"":0,""truncated"":false}"
src_205C_timeseries,513,"{""project_key"":""neuropsychology/NeuroKit"",""date"":""2026-03-04"",""commits"":0,""authors"":0,""additions"":0,""deletions"":0,""churn"":0,""truncated"":false}"
src_205C_timeseries,514,"{""project_key"":""neuropsychology/NeuroKit"",""date"":""2026-03-05"",""commits"":0,""authors"":0,""additions"":0,""deletions"":0,""churn"":0,""truncated"":false}"
src_205C_timeseries,515,"{""project_key"":""neuropsychology/NeuroKit"",""date"":""2026-03-06"",""commits"":0,""authors"":0,""additions"":0,""deletions"":0,""churn"":0,""truncated"":false}"
src_205C_timeseries,516,"{""project_key"":""neuropsychology/NeuroKit"",""date"":""2026-03-07"",""commits"":0,""authors"":0,""additions"":0,""deletions"":0,""churn"":0,""truncated"":false}"
src_205C_timeseries,517,"{""project_key"":""neuropsychology/NeuroKit"",""date"":""2026-03-08"",""commits"":0,""authors"":0,""additions"":0,""deletions"":0,""churn"":0,""truncated"":false}"
src_205C_timeseries,518,"{""project_key"":""neuropsychology/NeuroKit"",""date"":""2026-03-09"",""commits"":0,""authors"":0,""additions"":0,""deletions"":0,""churn"":0,""truncated"":false}"
src_205C_timeseries,519,"{""project_key"":""neuropsychology/NeuroKit"",""date"":""2026-03-10"",""commits"":0,""authors"":0,""additions"":0,""deletions"":0,""churn"":0,""truncated"":false}"
src_205C_timeseries,520,"{""project_key"":""neuropsychology/NeuroKit"",""date"":""2026-03-11"",""commits"":0,""authors"":0,""additions"":0,""deletions"":0,""churn"":0,""truncated"":false}"
src_205C_timeseries,521,"{""project_key"":""neuropsychology/NeuroKit"",""date"":""2026-03-12"",""commits"":0,""authors"":0,""additions"":0,""deletions"":0,""churn"":0,""truncated"":false}"
src_205C_timeseries,522,"{""project_key"":""neuropsychology/NeuroKit"",""date"":""2026-03-13"",""commits"":0,""authors"":0,""additions"":0,""deletions"":0,""churn"":0,""truncated"":false}"
src_205C_timeseries,523,"{""project_key"":""neuropsychology/NeuroKit"",""date"":""2026-03-14"",""commits"":0,""authors"":0,""additions"":0,""deletions"":0,""churn"":0,""truncated"":false}"
src_205C_timeseries,524,"{""project_key"":""neuropsychology/NeuroKit"",""date"":""2026-03-15"",""commits"":0,""authors"":0,""additions"":0,""deletions"":0,""churn"":0,""truncated"":false}"
src_205C_timeseries,525,"{""project_key"":""neuropsychology/NeuroKit"",""date"":""2026-03-16"",""commits"":0,""authors"":0,""additions"":0,""deletions"":0,""churn"":0,""truncated"":false}"
src_205C_timeseries,526,"{""project_key"":""neuropsychology/NeuroKit"",""date"":""2026-03-17"",""commits"":0,""authors"":0,""additions"":0,""deletions"":0,""churn"":0,""truncated"":false}"
src_205C_timeseries,527,"{""project_key"":""neuropsychology/NeuroKit"",""date"":""2026-03-18"",""commits"":0,""authors"":0,""additions"":0,""deletions"":0,""churn"":0,""truncated"":false}"
src_205C_timeseries,528,"{""project_key"":""neuropsychology/NeuroKit"",""date"":""2026-03-19"",""commits"":0,""authors"":0,""additions"":0,""deletions"":0,""churn"":0,""truncated"":false}"
src_205C_timeseries,529,"{""project_key"":""neuropsychology/NeuroKit"",""date"":""2026-03-20"",""commits"":0,""authors"":0,""additions"":0,""deletions"":0,""churn"":0,""truncated"":false}"
src_205C_timeseries,530,"{""project_key"":""neuropsychology/NeuroKit"",""date"":""2026-03-21"",""commits"":0,""authors"":0,""additions"":0,""deletions"":0,""churn"":0,""truncated"":false}"
src_205C_timeseries,531,"{""project_key"":""neuropsychology/NeuroKit"",""date"":""2026-03-22"",""commits"":0,""authors"":0,""additions"":0,""deletions"":0,""churn"":0,""truncated"":false}"
src_205C_timeseries,532,"{""project_key"":""neuropsychology/NeuroKit"",""date"":""2026-03-23"",""commits"":0,""authors"":0,""additions"":0,""deletions"":0,""churn"":0,""truncated"":false}"
src_205C_timeseries,533,"{""project_key"":""neuropsychology/NeuroKit"",""date"":""2026-03-24"",""commits"":0,""authors"":0,""additions"":0,""deletions"":0,""churn"":0,""truncated"":false}"
src_205C_timeseries,534,"{""project_key"":""neuropsychology/NeuroKit"",""date"":""2026-03-25"",""commits"":0,""authors"":0,""additions"":0,""deletions"":0,""churn"":0,""truncated"":false}"
src_205C_timeseries,535,"{""project_key"":""neuropsychology/NeuroKit"",""date"":""2026-03-26"",""commits"":0,""authors"":0,""additions"":0,""deletions"":0,""churn"":0,""truncated"":false}"
src_205C_timeseries,536,"{""project_key"":""neuropsychology/NeuroKit"",""date"":""2026-03-27"",""commits"":0,""authors"":0,""additions"":0,""deletions"":0,""churn"":0,""truncated"":false}"
src_205C_timeseries,537,"{""project_key"":""neuropsychology/NeuroKit"",""date"":""2026-03-28"",""commits"":0,""authors"":0,""additions"":0,""deletions"":0,""churn"":0,""truncated"":false}"
src_205C_timeseries,538,"{""project_key"":""neuropsychology/NeuroKit"",""date"":""2026-03-29"",""commits"":0,""authors"":0,""additions"":0,""deletions"":0,""churn"":0,""truncated"":false}"
src_205C_timeseries,539,"{""project_key"":""neuropsychology/NeuroKit"",""date"":""2026-03-30"",""commits"":0,""authors"":0,""additions"":0,""deletions"":0,""churn"":0,""truncated"":false}"
src_205C_timeseries,540,"{""project_key"":""neuropsychology/NeuroKit"",""date"":""2026-03-31"",""commits"":0,""authors"":0,""additions"":0,""deletions"":0,""churn"":0,""truncated"":false}"
src_205C_timeseries,541,"{""project_key"":""omkarcloud/botasaurus"",""date"":""2026-01-01"",""commits"":0,""authors"":0,""additions"":0,""deletions"":0,""churn"":0,""truncated"":false}"
src_205C_timeseries,542,"{""project_key"":""omkarcloud/botasaurus"",""date"":""2026-01-02"",""commits"":0,""authors"":0,""additions"":0,""deletions"":0,""churn"":0,""truncated"":false}"
src_205C_timeseries,543,"{""project_key"":""omkarcloud/botasaurus"",""date"":""2026-01-03"",""commits"":0,""authors"":0,""additions"":0,""deletions"":0,""churn"":0,""truncated"":false}"
src_205C_timeseries,544,"{""project_key"":""omkarcloud/botasaurus"",""date"":""2026-01-04"",""commits"":0,""authors"":0,""additions"":0,""deletions"":0,""churn"":0,""truncated"":false}"
src_205C_timeseries,545,"{""project_key"":""omkarcloud/botasaurus"",""date"":""2026-01-05"",""commits"":0,""authors"":0,""additions"":0,""deletions"":0,""churn"":0,""truncated"":false}"
src_205C_timeseries,546,"{""project_key"":""omkarcloud/botasaurus"",""date"":""2026-01-06"",""commits"":15,""authors"":2,""additions"":1200,""deletions"":290,""churn"":1490,""truncated"":false}"
src_205C_timeseries,547,"{""project_key"":""omkarcloud/botasaurus"",""date"":""2026-01-07"",""commits"":0,""authors"":0,""additions"":0,""deletions"":0,""churn"":0,""truncated"":false}"
src_205C_timeseries,548,"{""project_key"":""omkarcloud/botasaurus"",""date"":""2026-01-08"",""commits"":0,""authors"":0,""additions"":0,""deletions"":0,""churn"":0,""truncated"":false}"
src_205C_timeseries,549,"{""project_key"":""omkarcloud/botasaurus"",""date"":""2026-01-09"",""commits"":0,""authors"":0,""additions"":0,""deletions"":0,""churn"":0,""truncated"":false}"
src_205C_timeseries,550,"{""project_key"":""omkarcloud/botasaurus"",""date"":""2026-01-10"",""commits"":7,""authors"":2,""additions"":139,""deletions"":72,""churn"":211,""truncated"":false}"
src_205C_timeseries,551,"{""project_key"":""omkarcloud/botasaurus"",""date"":""2026-01-11"",""commits"":0,""authors"":0,""additions"":0,""deletions"":0,""churn"":0,""truncated"":false}"
src_205C_timeseries,552,"{""project_key"":""omkarcloud/botasaurus"",""date"":""2026-01-12"",""commits"":0,""authors"":0,""additions"":0,""deletions"":0,""churn"":0,""truncated"":false}"
src_205C_timeseries,553,"{""project_key"":""omkarcloud/botasaurus"",""date"":""2026-01-13"",""commits"":0,""authors"":0,""additions"":0,""deletions"":0,""churn"":0,""truncated"":false}"
src_205C_timeseries,554,"{""project_key"":""omkarcloud/botasaurus"",""date"":""2026-01-14"",""commits"":0,""authors"":0,""additions"":0,""deletions"":0,""churn"":0,""truncated"":false}"
src_205C_timeseries,555,"{""project_key"":""omkarcloud/botasaurus"",""date"":""2026-01-15"",""commits"":0,""authors"":0,""additions"":0,""deletions"":0,""churn"":0,""truncated"":false}"
src_205C_timeseries,556,"{""project_key"":""omkarcloud/botasaurus"",""date"":""2026-01-16"",""commits"":0,""authors"":0,""additions"":0,""deletions"":0,""churn"":0,""truncated"":false}"
src_205C_timeseries,557,"{""project_key"":""omkarcloud/botasaurus"",""date"":""2026-01-17"",""commits"":0,""authors"":0,""additions"":0,""deletions"":0,""churn"":0,""truncated"":false}"
src_205C_timeseries,558,"{""project_key"":""omkarcloud/botasaurus"",""date"":""2026-01-18"",""commits"":0,""authors"":0,""additions"":0,""deletions"":0,""churn"":0,""truncated"":false}"
src_205C_timeseries,559,"{""project_key"":""omkarcloud/botasaurus"",""date"":""2026-01-19"",""commits"":0,""authors"":0,""additions"":0,""deletions"":0,""churn"":0,""truncated"":false}"
src_205C_timeseries,560,"{""project_key"":""omkarcloud/botasaurus"",""date"":""2026-01-20"",""commits"":0,""authors"":0,""additions"":0,""deletions"":0,""churn"":0,""truncated"":false}"
src_205C_timeseries,561,"{""project_key"":""omkarcloud/botasaurus"",""date"":""2026-01-21"",""commits"":0,""authors"":0,""additions"":0,""deletions"":0,""churn"":0,""truncated"":false}"
src_205C_timeseries,562,"{""project_key"":""omkarcloud/botasaurus"",""date"":""2026-01-22"",""commits"":0,""authors"":0,""additions"":0,""deletions"":0,""churn"":0,""truncated"":false}"
src_205C_timeseries,563,"{""project_key"":""omkarcloud/botasaurus"",""date"":""2026-01-23"",""commits"":0,""authors"":0,""additions"":0,""deletions"":0,""churn"":0,""truncated"":false}"
src_205C_timeseries,564,"{""project_key"":""omkarcloud/botasaurus"",""date"":""2026-01-24"",""commits"":0,""authors"":0,""additions"":0,""deletions"":0,""churn"":0,""truncated"":false}"
src_205C_timeseries,565,"{""project_key"":""omkarcloud/botasaurus"",""date"":""2026-01-25"",""commits"":0,""authors"":0,""additions"":0,""deletions"":0,""churn"":0,""truncated"":false}"
src_205C_timeseries,566,"{""project_key"":""omkarcloud/botasaurus"",""date"":""2026-01-26"",""commits"":0,""authors"":0,""additions"":0,""deletions"":0,""churn"":0,""truncated"":false}"
src_205C_timeseries,567,"{""project_key"":""omkarcloud/botasaurus"",""date"":""2026-01-27"",""commits"":0,""authors"":0,""additions"":0,""deletions"":0,""churn"":0,""truncated"":false}"
src_205C_timeseries,568,"{""project_key"":""omkarcloud/botasaurus"",""date"":""2026-01-28"",""commits"":0,""authors"":0,""additions"":0,""deletions"":0,""churn"":0,""truncated"":false}"
src_205C_timeseries,569,"{""project_key"":""omkarcloud/botasaurus"",""date"":""2026-01-29"",""commits"":0,""authors"":0,""additions"":0,""deletions"":0,""churn"":0,""truncated"":false}"
src_205C_timeseries,570,"{""project_key"":""omkarcloud/botasaurus"",""date"":""2026-01-30"",""commits"":0,""authors"":0,""additions"":0,""deletions"":0,""churn"":0,""truncated"":false}"
src_205C_timeseries,571,"{""project_key"":""omkarcloud/botasaurus"",""date"":""2026-01-31"",""commits"":0,""authors"":0,""additions"":0,""deletions"":0,""churn"":0,""truncated"":false}"
src_205C_timeseries,572,"{""project_key"":""omkarcloud/botasaurus"",""date"":""2026-02-01"",""commits"":5,""authors"":2,""additions"":17,""deletions"":13,""churn"":30,""truncated"":false}"
src_205C_timeseries,573,"{""project_key"":""omkarcloud/botasaurus"",""date"":""2026-02-02"",""commits"":0,""authors"":0,""additions"":0,""deletions"":0,""churn"":0,""truncated"":false}"
src_205C_timeseries,574,"{""project_key"":""omkarcloud/botasaurus"",""date"":""2026-02-03"",""commits"":0,""authors"":0,""additions"":0,""deletions"":0,""churn"":0,""truncated"":false}"
src_205C_timeseries,575,"{""project_key"":""omkarcloud/botasaurus"",""date"":""2026-02-04"",""commits"":0,""authors"":0,""additions"":0,""deletions"":0,""churn"":0,""truncated"":false}"
src_205C_timeseries,576,"{""project_key"":""omkarcloud/botasaurus"",""date"":""2026-02-05"",""commits"":0,""authors"":0,""additions"":0,""deletions"":0,""churn"":0,""truncated"":false}"
src_205C_timeseries,577,"{""project_key"":""omkarcloud/botasaurus"",""date"":""2026-02-06"",""commits"":0,""authors"":0,""additions"":0,""deletions"":0,""churn"":0,""truncated"":false}"
src_205C_timeseries,578,"{""project_key"":""omkarcloud/botasaurus"",""date"":""2026-02-07"",""commits"":0,""authors"":0,""additions"":0,""deletions"":0,""churn"":0,""truncated"":false}"
src_205C_timeseries,579,"{""project_key"":""omkarcloud/botasaurus"",""date"":""2026-02-08"",""commits"":0,""authors"":0,""additions"":0,""deletions"":0,""churn"":0,""truncated"":false}"
src_205C_timeseries,580,"{""project_key"":""omkarcloud/botasaurus"",""date"":""2026-02-09"",""commits"":0,""authors"":0,""additions"":0,""deletions"":0,""churn"":0,""truncated"":false}"
src_205C_timeseries,581,"{""project_key"":""omkarcloud/botasaurus"",""date"":""2026-02-10"",""commits"":0,""authors"":0,""additions"":0,""deletions"":0,""churn"":0,""truncated"":false}"
src_205C_timeseries,582,"{""project_key"":""omkarcloud/botasaurus"",""date"":""2026-02-11"",""commits"":0,""authors"":0,""additions"":0,""deletions"":0,""churn"":0,""truncated"":false}"
src_205C_timeseries,583,"{""project_key"":""omkarcloud/botasaurus"",""date"":""2026-02-12"",""commits"":0,""authors"":0,""additions"":0,""deletions"":0,""churn"":0,""truncated"":false}"
src_205C_timeseries,584,"{""project_key"":""omkarcloud/botasaurus"",""date"":""2026-02-13"",""commits"":0,""authors"":0,""additions"":0,""deletions"":0,""churn"":0,""truncated"":false}"
src_205C_timeseries,585,"{""project_key"":""omkarcloud/botasaurus"",""date"":""2026-02-14"",""commits"":0,""authors"":0,""additions"":0,""deletions"":0,""churn"":0,""truncated"":false}"
src_205C_timeseries,586,"{""project_key"":""omkarcloud/botasaurus"",""date"":""2026-02-15"",""commits"":0,""authors"":0,""additions"":0,""deletions"":0,""churn"":0,""truncated"":false}"
src_205C_timeseries,587,"{""project_key"":""omkarcloud/botasaurus"",""date"":""2026-02-16"",""commits"":0,""authors"":0,""additions"":0,""deletions"":0,""churn"":0,""truncated"":false}"
src_205C_timeseries,588,"{""project_key"":""omkarcloud/botasaurus"",""date"":""2026-02-17"",""commits"":0,""authors"":0,""additions"":0,""deletions"":0,""churn"":0,""truncated"":false}"
src_205C_timeseries,589,"{""project_key"":""omkarcloud/botasaurus"",""date"":""2026-02-18"",""commits"":0,""authors"":0,""additions"":0,""deletions"":0,""churn"":0,""truncated"":false}"
src_205C_timeseries,590,"{""project_key"":""omkarcloud/botasaurus"",""date"":""2026-02-19"",""commits"":0,""authors"":0,""additions"":0,""deletions"":0,""churn"":0,""truncated"":false}"
src_205C_timeseries,591,"{""project_key"":""omkarcloud/botasaurus"",""date"":""2026-02-20"",""commits"":0,""authors"":0,""additions"":0,""deletions"":0,""churn"":0,""truncated"":false}"
src_205C_timeseries,592,"{""project_key"":""omkarcloud/botasaurus"",""date"":""2026-02-21"",""commits"":3,""authors"":2,""additions"":59,""deletions"":13,""churn"":72,""truncated"":false}"
src_205C_timeseries,593,"{""project_key"":""omkarcloud/botasaurus"",""date"":""2026-02-22"",""commits"":0,""authors"":0,""additions"":0,""deletions"":0,""churn"":0,""truncated"":false}"
src_205C_timeseries,594,"{""project_key"":""omkarcloud/botasaurus"",""date"":""2026-02-23"",""commits"":0,""authors"":0,""additions"":0,""deletions"":0,""churn"":0,""truncated"":false}"
src_205C_timeseries,595,"{""project_key"":""omkarcloud/botasaurus"",""date"":""2026-02-24"",""commits"":0,""authors"":0,""additions"":0,""deletions"":0,""churn"":0,""truncated"":false}"
src_205C_timeseries,596,"{""project_key"":""omkarcloud/botasaurus"",""date"":""2026-02-25"",""commits"":0,""authors"":0,""additions"":0,""deletions"":0,""churn"":0,""truncated"":false}"
src_205C_timeseries,597,"{""project_key"":""omkarcloud/botasaurus"",""date"":""2026-02-26"",""commits"":0,""authors"":0,""additions"":0,""deletions"":0,""churn"":0,""truncated"":false}"
src_205C_timeseries,598,"{""project_key"":""omkarcloud/botasaurus"",""date"":""2026-02-27"",""commits"":0,""authors"":0,""additions"":0,""deletions"":0,""churn"":0,""truncated"":false}"
src_205C_timeseries,599,"{""project_key"":""omkarcloud/botasaurus"",""date"":""2026-02-28"",""commits"":0,""authors"":0,""additions"":0,""deletions"":0,""churn"":0,""truncated"":false}"
src_205C_timeseries,600,"{""project_key"":""omkarcloud/botasaurus"",""date"":""2026-03-01"",""commits"":0,""authors"":0,""additions"":0,""deletions"":0,""churn"":0,""truncated"":false}"
src_205C_timeseries,601,"{""project_key"":""omkarcloud/botasaurus"",""date"":""2026-03-02"",""commits"":0,""authors"":0,""additions"":0,""deletions"":0,""churn"":0,""truncated"":false}"
src_205C_timeseries,602,"{""project_key"":""omkarcloud/botasaurus"",""date"":""2026-03-03"",""commits"":6,""authors"":2,""additions"":199,""deletions"":153,""churn"":352,""truncated"":false}"
src_205C_timeseries,603,"{""project_key"":""omkarcloud/botasaurus"",""date"":""2026-03-04"",""commits"":0,""authors"":0,""additions"":0,""deletions"":0,""churn"":0,""truncated"":false}"
src_205C_timeseries,604,"{""project_key"":""omkarcloud/botasaurus"",""date"":""2026-03-05"",""commits"":0,""authors"":0,""additions"":0,""deletions"":0,""churn"":0,""truncated"":false}"
src_205C_timeseries,605,"{""project_key"":""omkarcloud/botasaurus"",""date"":""2026-03-06"",""commits"":2,""authors"":2,""additions"":96,""deletions"":28,""churn"":124,""truncated"":false}"
src_205C_timeseries,606,"{""project_key"":""omkarcloud/botasaurus"",""date"":""2026-03-07"",""commits"":0,""authors"":0,""additions"":0,""deletions"":0,""churn"":0,""truncated"":false}"
src_205C_timeseries,607,"{""project_key"":""omkarcloud/botasaurus"",""date"":""2026-03-08"",""commits"":0,""authors"":0,""additions"":0,""deletions"":0,""churn"":0,""truncated"":false}"
src_205C_timeseries,608,"{""project_key"":""omkarcloud/botasaurus"",""date"":""2026-03-09"",""commits"":0,""authors"":0,""additions"":0,""deletions"":0,""churn"":0,""truncated"":false}"
src_205C_timeseries,609,"{""project_key"":""omkarcloud/botasaurus"",""date"":""2026-03-10"",""commits"":0,""authors"":0,""additions"":0,""deletions"":0,""churn"":0,""truncated"":false}"
src_205C_timeseries,610,"{""project_key"":""omkarcloud/botasaurus"",""date"":""2026-03-11"",""commits"":0,""authors"":0,""additions"":0,""deletions"":0,""churn"":0,""truncated"":false}"
src_205C_timeseries,611,"{""project_key"":""omkarcloud/botasaurus"",""date"":""2026-03-12"",""commits"":0,""authors"":0,""additions"":0,""deletions"":0,""churn"":0,""truncated"":false}"
src_205C_timeseries,612,"{""project_key"":""omkarcloud/botasaurus"",""date"":""2026-03-13"",""commits"":0,""authors"":0,""additions"":0,""deletions"":0,""churn"":0,""truncated"":false}"
src_205C_timeseries,613,"{""project_key"":""omkarcloud/botasaurus"",""date"":""2026-03-14"",""commits"":0,""authors"":0,""additions"":0,""deletions"":0,""churn"":0,""truncated"":false}"
src_205C_timeseries,614,"{""project_key"":""omkarcloud/botasaurus"",""date"":""2026-03-15"",""commits"":0,""authors"":0,""additions"":0,""deletions"":0,""churn"":0,""truncated"":false}"
src_205C_timeseries,615,"{""project_key"":""omkarcloud/botasaurus"",""date"":""2026-03-16"",""commits"":0,""authors"":0,""additions"":0,""deletions"":0,""churn"":0,""truncated"":false}"
src_205C_timeseries,616,"{""project_key"":""omkarcloud/botasaurus"",""date"":""2026-03-17"",""commits"":0,""authors"":0,""additions"":0,""deletions"":0,""churn"":0,""truncated"":false}"
src_205C_timeseries,617,"{""project_key"":""omkarcloud/botasaurus"",""date"":""2026-03-18"",""commits"":5,""authors"":2,""additions"":13,""deletions"":7,""churn"":20,""truncated"":false}"
src_205C_timeseries,618,"{""project_key"":""omkarcloud/botasaurus"",""date"":""2026-03-19"",""commits"":0,""authors"":0,""additions"":0,""deletions"":0,""churn"":0,""truncated"":false}"
src_205C_timeseries,619,"{""project_key"":""omkarcloud/botasaurus"",""date"":""2026-03-20"",""commits"":0,""authors"":0,""additions"":0,""deletions"":0,""churn"":0,""truncated"":false}"
src_205C_timeseries,620,"{""project_key"":""omkarcloud/botasaurus"",""date"":""2026-03-21"",""commits"":0,""authors"":0,""additions"":0,""deletions"":0,""churn"":0,""truncated"":false}"
src_205C_timeseries,621,"{""project_key"":""omkarcloud/botasaurus"",""date"":""2026-03-22"",""commits"":0,""authors"":0,""additions"":0,""deletions"":0,""churn"":0,""truncated"":false}"
src_205C_timeseries,622,"{""project_key"":""omkarcloud/botasaurus"",""date"":""2026-03-23"",""commits"":0,""authors"":0,""additions"":0,""deletions"":0,""churn"":0,""truncated"":false}"
src_205C_timeseries,623,"{""project_key"":""omkarcloud/botasaurus"",""date"":""2026-03-24"",""commits"":0,""authors"":0,""additions"":0,""deletions"":0,""churn"":0,""truncated"":false}"
src_205C_timeseries,624,"{""project_key"":""omkarcloud/botasaurus"",""date"":""2026-03-25"",""commits"":0,""authors"":0,""additions"":0,""deletions"":0,""churn"":0,""truncated"":false}"
src_205C_timeseries,625,"{""project_key"":""omkarcloud/botasaurus"",""date"":""2026-03-26"",""commits"":0,""authors"":0,""additions"":0,""deletions"":0,""churn"":0,""truncated"":false}"
src_205C_timeseries,626,"{""project_key"":""omkarcloud/botasaurus"",""date"":""2026-03-27"",""commits"":0,""authors"":0,""additions"":0,""deletions"":0,""churn"":0,""truncated"":false}"
src_205C_timeseries,627,"{""project_key"":""omkarcloud/botasaurus"",""date"":""2026-03-28"",""commits"":0,""authors"":0,""additions"":0,""deletions"":0,""churn"":0,""truncated"":false}"
src_205C_timeseries,628,"{""project_key"":""omkarcloud/botasaurus"",""date"":""2026-03-29"",""commits"":0,""authors"":0,""additions"":0,""deletions"":0,""churn"":0,""truncated"":false}"
src_205C_timeseries,629,"{""project_key"":""omkarcloud/botasaurus"",""date"":""2026-03-30"",""commits"":0,""authors"":0,""additions"":0,""deletions"":0,""churn"":0,""truncated"":false}"
src_205C_timeseries,630,"{""project_key"":""omkarcloud/botasaurus"",""date"":""2026-03-31"",""commits"":0,""authors"":0,""additions"":0,""deletions"":0,""churn"":0,""truncated"":false}"
src_205C_timeseries,631,"{""project_key"":""originalankur/maptoposter"",""date"":""2026-01-01"",""commits"":0,""authors"":0,""additions"":0,""deletions"":0,""churn"":0,""truncated"":false}"
src_205C_timeseries,632,"{""project_key"":""originalankur/maptoposter"",""date"":""2026-01-02"",""commits"":0,""authors"":0,""additions"":0,""deletions"":0,""churn"":0,""truncated"":false}"
src_205C_timeseries,633,"{""project_key"":""originalankur/maptoposter"",""date"":""2026-01-03"",""commits"":0,""authors"":0,""additions"":0,""deletions"":0,""churn"":0,""truncated"":false}"
src_205C_timeseries,634,"{""project_key"":""originalankur/maptoposter"",""date"":""2026-01-04"",""commits"":0,""authors"":0,""additions"":0,""deletions"":0,""churn"":0,""truncated"":false}"
src_205C_timeseries,635,"{""project_key"":""originalankur/maptoposter"",""date"":""2026-01-05"",""commits"":0,""authors"":0,""additions"":0,""deletions"":0,""churn"":0,""truncated"":false}"
src_205C_timeseries,636,"{""project_key"":""originalankur/maptoposter"",""date"":""2026-01-06"",""commits"":0,""authors"":0,""additions"":0,""deletions"":0,""churn"":0,""truncated"":false}"
src_205C_timeseries,637,"{""project_key"":""originalankur/maptoposter"",""date"":""2026-01-07"",""commits"":0,""authors"":0,""additions"":0,""deletions"":0,""churn"":0,""truncated"":false}"
src_205C_timeseries,638,"{""project_key"":""originalankur/maptoposter"",""date"":""2026-01-08"",""commits"":4,""authors"":1,""additions"":1036,""deletions"":6,""churn"":1042,""truncated"":false}"
src_205C_timeseries,639,"{""project_key"":""originalankur/maptoposter"",""date"":""2026-01-09"",""commits"":0,""authors"":0,""additions"":0,""deletions"":0,""churn"":0,""truncated"":false}"
src_205C_timeseries,640,"{""project_key"":""originalankur/maptoposter"",""date"":""2026-01-10"",""commits"":0,""authors"":0,""additions"":0,""deletions"":0,""churn"":0,""truncated"":false}"
src_205C_timeseries,641,"{""project_key"":""originalankur/maptoposter"",""date"":""2026-01-11"",""commits"":0,""authors"":0,""additions"":0,""deletions"":0,""churn"":0,""truncated"":false}"
src_205C_timeseries,642,"{""project_key"":""originalankur/maptoposter"",""date"":""2026-01-12"",""commits"":0,""authors"":0,""additions"":0,""deletions"":0,""churn"":0,""truncated"":false}"
src_205C_timeseries,643,"{""project_key"":""originalankur/maptoposter"",""date"":""2026-01-13"",""commits"":0,""authors"":0,""additions"":0,""deletions"":0,""churn"":0,""truncated"":false}"
src_205C_timeseries,644,"{""project_key"":""originalankur/maptoposter"",""date"":""2026-01-14"",""commits"":0,""authors"":0,""additions"":0,""deletions"":0,""churn"":0,""truncated"":false}"
src_205C_timeseries,645,"{""project_key"":""originalankur/maptoposter"",""date"":""2026-01-15"",""commits"":0,""authors"":0,""additions"":0,""deletions"":0,""churn"":0,""truncated"":false}"
src_205C_timeseries,646,"{""project_key"":""originalankur/maptoposter"",""date"":""2026-01-16"",""commits"":0,""authors"":0,""additions"":0,""deletions"":0,""churn"":0,""truncated"":false}"
src_205C_timeseries,647,"{""project_key"":""originalankur/maptoposter"",""date"":""2026-01-17"",""commits"":2,""authors"":2,""additions"":61,""deletions"":10,""churn"":71,""truncated"":false}"
src_205C_timeseries,648,"{""project_key"":""originalankur/maptoposter"",""date"":""2026-01-18"",""commits"":10,""authors"":3,""additions"":189,""deletions"":53,""churn"":242,""truncated"":false}"
src_205C_timeseries,649,"{""project_key"":""originalankur/maptoposter"",""date"":""2026-01-19"",""commits"":3,""authors"":2,""additions"":36,""deletions"":9,""churn"":45,""truncated"":false}"
src_205C_timeseries,650,"{""project_key"":""originalankur/maptoposter"",""date"":""2026-01-20"",""commits"":9,""authors"":5,""additions"":616,""deletions"":151,""churn"":767,""truncated"":false}"
src_205C_timeseries,651,"{""project_key"":""originalankur/maptoposter"",""date"":""2026-01-21"",""commits"":2,""authors"":1,""additions"":237,""deletions"":34,""churn"":271,""truncated"":false}"
src_205C_timeseries,652,"{""project_key"":""originalankur/maptoposter"",""date"":""2026-01-22"",""commits"":3,""authors"":3,""additions"":85,""deletions"":137,""churn"":222,""truncated"":false}"
src_205C_timeseries,653,"{""project_key"":""originalankur/maptoposter"",""date"":""2026-01-23"",""commits"":0,""authors"":0,""additions"":0,""deletions"":0,""churn"":0,""truncated"":false}"
src_205C_timeseries,654,"{""project_key"":""originalankur/maptoposter"",""date"":""2026-01-24"",""commits"":1,""authors"":1,""additions"":19,""deletions"":1,""churn"":20,""truncated"":false}"
src_205C_timeseries,655,"{""project_key"":""originalankur/maptoposter"",""date"":""2026-01-25"",""commits"":0,""authors"":0,""additions"":0,""deletions"":0,""churn"":0,""truncated"":false}"
src_205C_timeseries,656,"{""project_key"":""originalankur/maptoposter"",""date"":""2026-01-26"",""commits"":7,""authors"":4,""additions"":756,""deletions"":243,""churn"":999,""truncated"":false}"
src_205C_timeseries,657,"{""project_key"":""originalankur/maptoposter"",""date"":""2026-01-27"",""commits"":6,""authors"":4,""additions"":2092,""deletions"":370,""churn"":2462,""truncated"":false}"
src_205C_timeseries,658,"{""project_key"":""originalankur/maptoposter"",""date"":""2026-01-28"",""commits"":0,""authors"":0,""additions"":0,""deletions"":0,""churn"":0,""truncated"":false}"
src_205C_timeseries,659,"{""project_key"":""originalankur/maptoposter"",""date"":""2026-01-29"",""commits"":0,""authors"":0,""additions"":0,""deletions"":0,""churn"":0,""truncated"":false}"
src_205C_timeseries,660,"{""project_key"":""originalankur/maptoposter"",""date"":""2026-01-30"",""commits"":3,""authors"":3,""additions"":54,""deletions"":35,""churn"":89,""truncated"":false}"
src_205C_timeseries,661,"{""project_key"":""originalankur/maptoposter"",""date"":""2026-01-31"",""commits"":0,""authors"":0,""additions"":0,""deletions"":0,""churn"":0,""truncated"":false}"
src_205C_timeseries,662,"{""project_key"":""originalankur/maptoposter"",""date"":""2026-02-01"",""commits"":0,""authors"":0,""additions"":0,""deletions"":0,""churn"":0,""truncated"":false}"
src_205C_timeseries,663,"{""project_key"":""originalankur/maptoposter"",""date"":""2026-02-02"",""commits"":0,""authors"":0,""additions"":0,""deletions"":0,""churn"":0,""truncated"":false}"
src_205C_timeseries,664,"{""project_key"":""originalankur/maptoposter"",""date"":""2026-02-03"",""commits"":0,""authors"":0,""additions"":0,""deletions"":0,""churn"":0,""truncated"":false}"
src_205C_timeseries,665,"{""project_key"":""originalankur/maptoposter"",""date"":""2026-02-04"",""commits"":0,""authors"":0,""additions"":0,""deletions"":0,""churn"":0,""truncated"":false}"
src_205C_timeseries,666,"{""project_key"":""originalankur/maptoposter"",""date"":""2026-02-05"",""commits"":0,""authors"":0,""additions"":0,""deletions"":0,""churn"":0,""truncated"":false}"
src_205C_timeseries,667,"{""project_key"":""originalankur/maptoposter"",""date"":""2026-02-06"",""commits"":0,""authors"":0,""additions"":0,""deletions"":0,""churn"":0,""truncated"":false}"
src_205C_timeseries,668,"{""project_key"":""originalankur/maptoposter"",""date"":""2026-02-07"",""commits"":0,""authors"":0,""additions"":0,""deletions"":0,""churn"":0,""truncated"":false}"
src_205C_timeseries,669,"{""project_key"":""originalankur/maptoposter"",""date"":""2026-02-08"",""commits"":0,""authors"":0,""additions"":0,""deletions"":0,""churn"":0,""truncated"":false}"
src_205C_timeseries,670,"{""project_key"":""originalankur/maptoposter"",""date"":""2026-02-09"",""commits"":0,""authors"":0,""additions"":0,""deletions"":0,""churn"":0,""truncated"":false}"
src_205C_timeseries,671,"{""project_key"":""originalankur/maptoposter"",""date"":""2026-02-10"",""commits"":0,""authors"":0,""additions"":0,""deletions"":0,""churn"":0,""truncated"":false}"
src_205C_timeseries,672,"{""project_key"":""originalankur/maptoposter"",""date"":""2026-02-11"",""commits"":0,""authors"":0,""additions"":0,""deletions"":0,""churn"":0,""truncated"":false}"
src_205C_timeseries,673,"{""project_key"":""originalankur/maptoposter"",""date"":""2026-02-12"",""commits"":0,""authors"":0,""additions"":0,""deletions"":0,""churn"":0,""truncated"":false}"
src_205C_timeseries,674,"{""project_key"":""originalankur/maptoposter"",""date"":""2026-02-13"",""commits"":0,""authors"":0,""additions"":0,""deletions"":0,""churn"":0,""truncated"":false}"
src_205C_timeseries,675,"{""project_key"":""originalankur/maptoposter"",""date"":""2026-02-14"",""commits"":0,""authors"":0,""additions"":0,""deletions"":0,""churn"":0,""truncated"":false}"
src_205C_timeseries,676,"{""project_key"":""originalankur/maptoposter"",""date"":""2026-02-15"",""commits"":0,""authors"":0,""additions"":0,""deletions"":0,""churn"":0,""truncated"":false}"
src_205C_timeseries,677,"{""project_key"":""originalankur/maptoposter"",""date"":""2026-02-16"",""commits"":0,""authors"":0,""additions"":0,""deletions"":0,""churn"":0,""truncated"":false}"
src_205C_timeseries,678,"{""project_key"":""originalankur/maptoposter"",""date"":""2026-02-17"",""commits"":0,""authors"":0,""additions"":0,""deletions"":0,""churn"":0,""truncated"":false}"
src_205C_timeseries,679,"{""project_key"":""originalankur/maptoposter"",""date"":""2026-02-18"",""commits"":0,""authors"":0,""additions"":0,""deletions"":0,""churn"":0,""truncated"":false}"
src_205C_timeseries,680,"{""project_key"":""originalankur/maptoposter"",""date"":""2026-02-19"",""commits"":0,""authors"":0,""additions"":0,""deletions"":0,""churn"":0,""truncated"":false}"
src_205C_timeseries,681,"{""project_key"":""originalankur/maptoposter"",""date"":""2026-02-20"",""commits"":0,""authors"":0,""additions"":0,""deletions"":0,""churn"":0,""truncated"":false}"
src_205C_timeseries,682,"{""project_key"":""originalankur/maptoposter"",""date"":""2026-02-21"",""commits"":0,""authors"":0,""additions"":0,""deletions"":0,""churn"":0,""truncated"":false}"
src_205C_timeseries,683,"{""project_key"":""originalankur/maptoposter"",""date"":""2026-02-22"",""commits"":0,""authors"":0,""additions"":0,""deletions"":0,""churn"":0,""truncated"":false}"
src_205C_timeseries,684,"{""project_key"":""originalankur/maptoposter"",""date"":""2026-02-23"",""commits"":0,""authors"":0,""additions"":0,""deletions"":0,""churn"":0,""truncated"":false}"
src_205C_timeseries,685,"{""project_key"":""originalankur/maptoposter"",""date"":""2026-02-24"",""commits"":0,""authors"":0,""additions"":0,""deletions"":0,""churn"":0,""truncated"":false}"
src_205C_timeseries,686,"{""project_key"":""originalankur/maptoposter"",""date"":""2026-02-25"",""commits"":0,""authors"":0,""additions"":0,""deletions"":0,""churn"":0,""truncated"":false}"
src_205C_timeseries,687,"{""project_key"":""originalankur/maptoposter"",""date"":""2026-02-26"",""commits"":0,""authors"":0,""additions"":0,""deletions"":0,""churn"":0,""truncated"":false}"
src_205C_timeseries,688,"{""project_key"":""originalankur/maptoposter"",""date"":""2026-02-27"",""commits"":0,""authors"":0,""additions"":0,""deletions"":0,""churn"":0,""truncated"":false}"
src_205C_timeseries,689,"{""project_key"":""originalankur/maptoposter"",""date"":""2026-02-28"",""commits"":0,""authors"":0,""additions"":0,""deletions"":0,""churn"":0,""truncated"":false}"
src_205C_timeseries,690,"{""project_key"":""originalankur/maptoposter"",""date"":""2026-03-01"",""commits"":1,""authors"":1,""additions"":1,""deletions"":0,""churn"":1,""truncated"":false}"
src_205C_timeseries,691,"{""project_key"":""originalankur/maptoposter"",""date"":""2026-03-02"",""commits"":0,""authors"":0,""additions"":0,""deletions"":0,""churn"":0,""truncated"":false}"
src_205C_timeseries,692,"{""project_key"":""originalankur/maptoposter"",""date"":""2026-03-03"",""commits"":0,""authors"":0,""additions"":0,""deletions"":0,""churn"":0,""truncated"":false}"
src_205C_timeseries,693,"{""project_key"":""originalankur/maptoposter"",""date"":""2026-03-04"",""commits"":0,""authors"":0,""additions"":0,""deletions"":0,""churn"":0,""truncated"":false}"
src_205C_timeseries,694,"{""project_key"":""originalankur/maptoposter"",""date"":""2026-03-05"",""commits"":0,""authors"":0,""additions"":0,""deletions"":0,""churn"":0,""truncated"":false}"
src_205C_timeseries,695,"{""project_key"":""originalankur/maptoposter"",""date"":""2026-03-06"",""commits"":0,""authors"":0,""additions"":0,""deletions"":0,""churn"":0,""truncated"":false}"
src_205C_timeseries,696,"{""project_key"":""originalankur/maptoposter"",""date"":""2026-03-07"",""commits"":0,""authors"":0,""additions"":0,""deletions"":0,""churn"":0,""truncated"":false}"
src_205C_timeseries,697,"{""project_key"":""originalankur/maptoposter"",""date"":""2026-03-08"",""commits"":0,""authors"":0,""additions"":0,""deletions"":0,""churn"":0,""truncated"":false}"
src_205C_timeseries,698,"{""project_key"":""originalankur/maptoposter"",""date"":""2026-03-09"",""commits"":0,""authors"":0,""additions"":0,""deletions"":0,""churn"":0,""truncated"":false}"
src_205C_timeseries,699,"{""project_key"":""originalankur/maptoposter"",""date"":""2026-03-10"",""commits"":0,""authors"":0,""additions"":0,""deletions"":0,""churn"":0,""truncated"":false}"
src_205C_timeseries,700,"{""project_key"":""originalankur/maptoposter"",""date"":""2026-03-11"",""commits"":0,""authors"":0,""additions"":0,""deletions"":0,""churn"":0,""truncated"":false}"
src_205C_timeseries,701,"{""project_key"":""originalankur/maptoposter"",""date"":""2026-03-12"",""commits"":0,""authors"":0,""additions"":0,""deletions"":0,""churn"":0,""truncated"":false}"
src_205C_timeseries,702,"{""project_key"":""originalankur/maptoposter"",""date"":""2026-03-13"",""commits"":0,""authors"":0,""additions"":0,""deletions"":0,""churn"":0,""truncated"":false}"
src_205C_timeseries,703,"{""project_key"":""originalankur/maptoposter"",""date"":""2026-03-14"",""commits"":0,""authors"":0,""additions"":0,""deletions"":0,""churn"":0,""truncated"":false}"
src_205C_timeseries,704,"{""project_key"":""originalankur/maptoposter"",""date"":""2026-03-15"",""commits"":0,""authors"":0,""additions"":0,""deletions"":0,""churn"":0,""truncated"":false}"
src_205C_timeseries,705,"{""project_key"":""originalankur/maptoposter"",""date"":""2026-03-16"",""commits"":0,""authors"":0,""additions"":0,""deletions"":0,""churn"":0,""truncated"":false}"
src_205C_timeseries,706,"{""project_key"":""originalankur/maptoposter"",""date"":""2026-03-17"",""commits"":0,""authors"":0,""additions"":0,""deletions"":0,""churn"":0,""truncated"":false}"
src_205C_timeseries,707,"{""project_key"":""originalankur/maptoposter"",""date"":""2026-03-18"",""commits"":0,""authors"":0,""additions"":0,""deletions"":0,""churn"":0,""truncated"":false}"
src_205C_timeseries,708,"{""project_key"":""originalankur/maptoposter"",""date"":""2026-03-19"",""commits"":0,""authors"":0,""additions"":0,""deletions"":0,""churn"":0,""truncated"":false}"
src_205C_timeseries,709,"{""project_key"":""originalankur/maptoposter"",""date"":""2026-03-20"",""commits"":0,""authors"":0,""additions"":0,""deletions"":0,""churn"":0,""truncated"":false}"
src_205C_timeseries,710,"{""project_key"":""originalankur/maptoposter"",""date"":""2026-03-21"",""commits"":0,""authors"":0,""additions"":0,""deletions"":0,""churn"":0,""truncated"":false}"
src_205C_timeseries,711,"{""project_key"":""originalankur/maptoposter"",""date"":""2026-03-22"",""commits"":0,""authors"":0,""additions"":0,""deletions"":0,""churn"":0,""truncated"":false}"
src_205C_timeseries,712,"{""project_key"":""originalankur/maptoposter"",""date"":""2026-03-23"",""commits"":0,""authors"":0,""additions"":0,""deletions"":0,""churn"":0,""truncated"":false}"
src_205C_timeseries,713,"{""project_key"":""originalankur/maptoposter"",""date"":""2026-03-24"",""commits"":0,""authors"":0,""additions"":0,""deletions"":0,""churn"":0,""truncated"":false}"
src_205C_timeseries,714,"{""project_key"":""originalankur/maptoposter"",""date"":""2026-03-25"",""commits"":0,""authors"":0,""additions"":0,""deletions"":0,""churn"":0,""truncated"":false}"
src_205C_timeseries,715,"{""project_key"":""originalankur/maptoposter"",""date"":""2026-03-26"",""commits"":0,""authors"":0,""additions"":0,""deletions"":0,""churn"":0,""truncated"":false}"
src_205C_timeseries,716,"{""project_key"":""originalankur/maptoposter"",""date"":""2026-03-27"",""commits"":0,""authors"":0,""additions"":0,""deletions"":0,""churn"":0,""truncated"":false}"
src_205C_timeseries,717,"{""project_key"":""originalankur/maptoposter"",""date"":""2026-03-28"",""commits"":0,""authors"":0,""additions"":0,""deletions"":0,""churn"":0,""truncated"":false}"
src_205C_timeseries,718,"{""project_key"":""originalankur/maptoposter"",""date"":""2026-03-29"",""commits"":0,""authors"":0,""additions"":0,""deletions"":0,""churn"":0,""truncated"":false}"
src_205C_timeseries,719,"{""project_key"":""originalankur/maptoposter"",""date"":""2026-03-30"",""commits"":0,""authors"":0,""additions"":0,""deletions"":0,""churn"":0,""truncated"":false}"
src_205C_timeseries,720,"{""project_key"":""originalankur/maptoposter"",""date"":""2026-03-31"",""commits"":0,""authors"":0,""additions"":0,""deletions"":0,""churn"":0,""truncated"":false}"
src_205C_timeseries,721,"{""project_key"":""virt-manager/virt-manager"",""date"":""2026-01-01"",""commits"":0,""authors"":0,""additions"":0,""deletions"":0,""churn"":0,""truncated"":false}"
src_205C_timeseries,722,"{""project_key"":""virt-manager/virt-manager"",""date"":""2026-01-02"",""commits"":0,""authors"":0,""additions"":0,""deletions"":0,""churn"":0,""truncated"":false}"
src_205C_timeseries,723,"{""project_key"":""virt-manager/virt-manager"",""date"":""2026-01-03"",""commits"":0,""authors"":0,""additions"":0,""deletions"":0,""churn"":0,""truncated"":false}"
src_205C_timeseries,724,"{""project_key"":""virt-manager/virt-manager"",""date"":""2026-01-04"",""commits"":0,""authors"":0,""additions"":0,""deletions"":0,""churn"":0,""truncated"":false}"
src_205C_timeseries,725,"{""project_key"":""virt-manager/virt-manager"",""date"":""2026-01-05"",""commits"":0,""authors"":0,""additions"":0,""deletions"":0,""churn"":0,""truncated"":false}"
src_205C_timeseries,726,"{""project_key"":""virt-manager/virt-manager"",""date"":""2026-01-06"",""commits"":0,""authors"":0,""additions"":0,""deletions"":0,""churn"":0,""truncated"":false}"
src_205C_timeseries,727,"{""project_key"":""virt-manager/virt-manager"",""date"":""2026-01-07"",""commits"":0,""authors"":0,""additions"":0,""deletions"":0,""churn"":0,""truncated"":false}"
src_205C_timeseries,728,"{""project_key"":""virt-manager/virt-manager"",""date"":""2026-01-08"",""commits"":1,""authors"":1,""additions"":6,""deletions"":0,""churn"":6,""truncated"":false}"
src_205C_timeseries,729,"{""project_key"":""virt-manager/virt-manager"",""date"":""2026-01-09"",""commits"":27,""authors"":26,""additions"":8828,""deletions"":2312,""churn"":11140,""truncated"":false}"
src_205C_timeseries,730,"{""project_key"":""virt-manager/virt-manager"",""date"":""2026-01-10"",""commits"":0,""authors"":0,""additions"":0,""deletions"":0,""churn"":0,""truncated"":false}"
src_205C_timeseries,731,"{""project_key"":""virt-manager/virt-manager"",""date"":""2026-01-11"",""commits"":1,""authors"":1,""additions"":1,""deletions"":0,""churn"":1,""truncated"":false}"
src_205C_timeseries,732,"{""project_key"":""virt-manager/virt-manager"",""date"":""2026-01-12"",""commits"":0,""authors"":0,""additions"":0,""deletions"":0,""churn"":0,""truncated"":false}"
src_205C_timeseries,733,"{""project_key"":""virt-manager/virt-manager"",""date"":""2026-01-13"",""commits"":0,""authors"":0,""additions"":0,""deletions"":0,""churn"":0,""truncated"":false}"
src_205C_timeseries,734,"{""project_key"":""virt-manager/virt-manager"",""date"":""2026-01-14"",""commits"":0,""authors"":0,""additions"":0,""deletions"":0,""churn"":0,""truncated"":false}"
src_205C_timeseries,735,"{""project_key"":""virt-manager/virt-manager"",""date"":""2026-01-15"",""commits"":0,""authors"":0,""additions"":0,""deletions"":0,""churn"":0,""truncated"":false}"
src_205C_timeseries,736,"{""project_key"":""virt-manager/virt-manager"",""date"":""2026-01-16"",""commits"":0,""authors"":0,""additions"":0,""deletions"":0,""churn"":0,""truncated"":false}"
src_205C_timeseries,737,"{""project_key"":""virt-manager/virt-manager"",""date"":""2026-01-17"",""commits"":0,""authors"":0,""additions"":0,""deletions"":0,""churn"":0,""truncated"":false}"
src_205C_timeseries,738,"{""project_key"":""virt-manager/virt-manager"",""date"":""2026-01-18"",""commits"":0,""authors"":0,""additions"":0,""deletions"":0,""churn"":0,""truncated"":false}"
src_205C_timeseries,739,"{""project_key"":""virt-manager/virt-manager"",""date"":""2026-01-19"",""commits"":0,""authors"":0,""additions"":0,""deletions"":0,""churn"":0,""truncated"":false}"
src_205C_timeseries,740,"{""project_key"":""virt-manager/virt-manager"",""date"":""2026-01-20"",""commits"":0,""authors"":0,""additions"":0,""deletions"":0,""churn"":0,""truncated"":false}"
src_205C_timeseries,741,"{""project_key"":""virt-manager/virt-manager"",""date"":""2026-01-21"",""commits"":0,""authors"":0,""additions"":0,""deletions"":0,""churn"":0,""truncated"":false}"
src_205C_timeseries,742,"{""project_key"":""virt-manager/virt-manager"",""date"":""2026-01-22"",""commits"":0,""authors"":0,""additions"":0,""deletions"":0,""churn"":0,""truncated"":false}"
src_205C_timeseries,743,"{""project_key"":""virt-manager/virt-manager"",""date"":""2026-01-23"",""commits"":0,""authors"":0,""additions"":0,""deletions"":0,""churn"":0,""truncated"":false}"
src_205C_timeseries,744,"{""project_key"":""virt-manager/virt-manager"",""date"":""2026-01-24"",""commits"":0,""authors"":0,""additions"":0,""deletions"":0,""churn"":0,""truncated"":false}"
src_205C_timeseries,745,"{""project_key"":""virt-manager/virt-manager"",""date"":""2026-01-25"",""commits"":0,""authors"":0,""additions"":0,""deletions"":0,""churn"":0,""truncated"":false}"
src_205C_timeseries,746,"{""project_key"":""virt-manager/virt-manager"",""date"":""2026-01-26"",""commits"":0,""authors"":0,""additions"":0,""deletions"":0,""churn"":0,""truncated"":false}"
src_205C_timeseries,747,"{""project_key"":""virt-manager/virt-manager"",""date"":""2026-01-27"",""commits"":0,""authors"":0,""additions"":0,""deletions"":0,""churn"":0,""truncated"":false}"
src_205C_timeseries,748,"{""project_key"":""virt-manager/virt-manager"",""date"":""2026-01-28"",""commits"":0,""authors"":0,""additions"":0,""deletions"":0,""churn"":0,""truncated"":false}"
src_205C_timeseries,749,"{""project_key"":""virt-manager/virt-manager"",""date"":""2026-01-29"",""commits"":0,""authors"":0,""additions"":0,""deletions"":0,""churn"":0,""truncated"":false}"
src_205C_timeseries,750,"{""project_key"":""virt-manager/virt-manager"",""date"":""2026-01-30"",""commits"":0,""authors"":0,""additions"":0,""deletions"":0,""churn"":0,""truncated"":false}"
src_205C_timeseries,751,"{""project_key"":""virt-manager/virt-manager"",""date"":""2026-01-31"",""commits"":0,""authors"":0,""additions"":0,""deletions"":0,""churn"":0,""truncated"":false}"
src_205C_timeseries,752,"{""project_key"":""virt-manager/virt-manager"",""date"":""2026-02-01"",""commits"":0,""authors"":0,""additions"":0,""deletions"":0,""churn"":0,""truncated"":false}"
src_205C_timeseries,753,"{""project_key"":""virt-manager/virt-manager"",""date"":""2026-02-02"",""commits"":0,""authors"":0,""additions"":0,""deletions"":0,""churn"":0,""truncated"":false}"
src_205C_timeseries,754,"{""project_key"":""virt-manager/virt-manager"",""date"":""2026-02-03"",""commits"":0,""authors"":0,""additions"":0,""deletions"":0,""churn"":0,""truncated"":false}"
src_205C_timeseries,755,"{""project_key"":""virt-manager/virt-manager"",""date"":""2026-02-04"",""commits"":0,""authors"":0,""additions"":0,""deletions"":0,""churn"":0,""truncated"":false}"
src_205C_timeseries,756,"{""project_key"":""virt-manager/virt-manager"",""date"":""2026-02-05"",""commits"":0,""authors"":0,""additions"":0,""deletions"":0,""churn"":0,""truncated"":false}"
src_205C_timeseries,757,"{""project_key"":""virt-manager/virt-manager"",""date"":""2026-02-06"",""commits"":1,""authors"":1,""additions"":142,""deletions"":0,""churn"":142,""truncated"":false}"
src_205C_timeseries,758,"{""project_key"":""virt-manager/virt-manager"",""date"":""2026-02-07"",""commits"":3,""authors"":1,""additions"":27,""deletions"":9,""churn"":36,""truncated"":false}"
src_205C_timeseries,759,"{""project_key"":""virt-manager/virt-manager"",""date"":""2026-02-08"",""commits"":0,""authors"":0,""additions"":0,""deletions"":0,""churn"":0,""truncated"":false}"
src_205C_timeseries,760,"{""project_key"":""virt-manager/virt-manager"",""date"":""2026-02-09"",""commits"":5,""authors"":3,""additions"":39,""deletions"":16,""churn"":55,""truncated"":false}"
src_205C_timeseries,761,"{""project_key"":""virt-manager/virt-manager"",""date"":""2026-02-10"",""commits"":0,""authors"":0,""additions"":0,""deletions"":0,""churn"":0,""truncated"":false}"
src_205C_timeseries,762,"{""project_key"":""virt-manager/virt-manager"",""date"":""2026-02-11"",""commits"":0,""authors"":0,""additions"":0,""deletions"":0,""churn"":0,""truncated"":false}"
src_205C_timeseries,763,"{""project_key"":""virt-manager/virt-manager"",""date"":""2026-02-12"",""commits"":0,""authors"":0,""additions"":0,""deletions"":0,""churn"":0,""truncated"":false}"
src_205C_timeseries,764,"{""project_key"":""virt-manager/virt-manager"",""date"":""2026-02-13"",""commits"":0,""authors"":0,""additions"":0,""deletions"":0,""churn"":0,""truncated"":false}"
src_205C_timeseries,765,"{""project_key"":""virt-manager/virt-manager"",""date"":""2026-02-14"",""commits"":0,""authors"":0,""additions"":0,""deletions"":0,""churn"":0,""truncated"":false}"
src_205C_timeseries,766,"{""project_key"":""virt-manager/virt-manager"",""date"":""2026-02-15"",""commits"":0,""authors"":0,""additions"":0,""deletions"":0,""churn"":0,""truncated"":false}"
src_205C_timeseries,767,"{""project_key"":""virt-manager/virt-manager"",""date"":""2026-02-16"",""commits"":0,""authors"":0,""additions"":0,""deletions"":0,""churn"":0,""truncated"":false}"
src_205C_timeseries,768,"{""project_key"":""virt-manager/virt-manager"",""date"":""2026-02-17"",""commits"":0,""authors"":0,""additions"":0,""deletions"":0,""churn"":0,""truncated"":false}"
src_205C_timeseries,769,"{""project_key"":""virt-manager/virt-manager"",""date"":""2026-02-18"",""commits"":0,""authors"":0,""additions"":0,""deletions"":0,""churn"":0,""truncated"":false}"
src_205C_timeseries,770,"{""project_key"":""virt-manager/virt-manager"",""date"":""2026-02-19"",""commits"":1,""authors"":1,""additions"":8,""deletions"":1,""churn"":9,""truncated"":false}"
src_205C_timeseries,771,"{""project_key"":""virt-manager/virt-manager"",""date"":""2026-02-20"",""commits"":0,""authors"":0,""additions"":0,""deletions"":0,""churn"":0,""truncated"":false}"
src_205C_timeseries,772,"{""project_key"":""virt-manager/virt-manager"",""date"":""2026-02-21"",""commits"":0,""authors"":0,""additions"":0,""deletions"":0,""churn"":0,""truncated"":false}"
src_205C_timeseries,773,"{""project_key"":""virt-manager/virt-manager"",""date"":""2026-02-22"",""commits"":0,""authors"":0,""additions"":0,""deletions"":0,""churn"":0,""truncated"":false}"
src_205C_timeseries,774,"{""project_key"":""virt-manager/virt-manager"",""date"":""2026-02-23"",""commits"":0,""authors"":0,""additions"":0,""deletions"":0,""churn"":0,""truncated"":false}"
src_205C_timeseries,775,"{""project_key"":""virt-manager/virt-manager"",""date"":""2026-02-24"",""commits"":5,""authors"":1,""additions"":22,""deletions"":4,""churn"":26,""truncated"":false}"
src_205C_timeseries,776,"{""project_key"":""virt-manager/virt-manager"",""date"":""2026-02-25"",""commits"":4,""authors"":1,""additions"":54,""deletions"":35,""churn"":89,""truncated"":false}"
src_205C_timeseries,777,"{""project_key"":""virt-manager/virt-manager"",""date"":""2026-02-26"",""commits"":0,""authors"":0,""additions"":0,""deletions"":0,""churn"":0,""truncated"":false}"
src_205C_timeseries,778,"{""project_key"":""virt-manager/virt-manager"",""date"":""2026-02-27"",""commits"":0,""authors"":0,""additions"":0,""deletions"":0,""churn"":0,""truncated"":false}"
src_205C_timeseries,779,"{""project_key"":""virt-manager/virt-manager"",""date"":""2026-02-28"",""commits"":0,""authors"":0,""additions"":0,""deletions"":0,""churn"":0,""truncated"":false}"
src_205C_timeseries,780,"{""project_key"":""virt-manager/virt-manager"",""date"":""2026-03-01"",""commits"":0,""authors"":0,""additions"":0,""deletions"":0,""churn"":0,""truncated"":false}"
src_205C_timeseries,781,"{""project_key"":""virt-manager/virt-manager"",""date"":""2026-03-02"",""commits"":0,""authors"":0,""additions"":0,""deletions"":0,""churn"":0,""truncated"":false}"
src_205C_timeseries,782,"{""project_key"":""virt-manager/virt-manager"",""date"":""2026-03-03"",""commits"":0,""authors"":0,""additions"":0,""deletions"":0,""churn"":0,""truncated"":false}"
src_205C_timeseries,783,"{""project_key"":""virt-manager/virt-manager"",""date"":""2026-03-04"",""commits"":0,""authors"":0,""additions"":0,""deletions"":0,""churn"":0,""truncated"":false}"
src_205C_timeseries,784,"{""project_key"":""virt-manager/virt-manager"",""date"":""2026-03-05"",""commits"":0,""authors"":0,""additions"":0,""deletions"":0,""churn"":0,""truncated"":false}"
src_205C_timeseries,785,"{""project_key"":""virt-manager/virt-manager"",""date"":""2026-03-06"",""commits"":0,""authors"":0,""additions"":0,""deletions"":0,""churn"":0,""truncated"":false}"
src_205C_timeseries,786,"{""project_key"":""virt-manager/virt-manager"",""date"":""2026-03-07"",""commits"":0,""authors"":0,""additions"":0,""deletions"":0,""churn"":0,""truncated"":false}"
src_205C_timeseries,787,"{""project_key"":""virt-manager/virt-manager"",""date"":""2026-03-08"",""commits"":0,""authors"":0,""additions"":0,""deletions"":0,""churn"":0,""truncated"":false}"
src_205C_timeseries,788,"{""project_key"":""virt-manager/virt-manager"",""date"":""2026-03-09"",""commits"":0,""authors"":0,""additions"":0,""deletions"":0,""churn"":0,""truncated"":false}"
src_205C_timeseries,789,"{""project_key"":""virt-manager/virt-manager"",""date"":""2026-03-10"",""commits"":0,""authors"":0,""additions"":0,""deletions"":0,""churn"":0,""truncated"":false}"
src_205C_timeseries,790,"{""project_key"":""virt-manager/virt-manager"",""date"":""2026-03-11"",""commits"":0,""authors"":0,""additions"":0,""deletions"":0,""churn"":0,""truncated"":false}"
src_205C_timeseries,791,"{""project_key"":""virt-manager/virt-manager"",""date"":""2026-03-12"",""commits"":0,""authors"":0,""additions"":0,""deletions"":0,""churn"":0,""truncated"":false}"
src_205C_timeseries,792,"{""project_key"":""virt-manager/virt-manager"",""date"":""2026-03-13"",""commits"":0,""authors"":0,""additions"":0,""deletions"":0,""churn"":0,""truncated"":false}"
src_205C_timeseries,793,"{""project_key"":""virt-manager/virt-manager"",""date"":""2026-03-14"",""commits"":0,""authors"":0,""additions"":0,""deletions"":0,""churn"":0,""truncated"":false}"
src_205C_timeseries,794,"{""project_key"":""virt-manager/virt-manager"",""date"":""2026-03-15"",""commits"":1,""authors"":1,""additions"":1,""deletions"":1,""churn"":2,""truncated"":false}"
src_205C_timeseries,795,"{""project_key"":""virt-manager/virt-manager"",""date"":""2026-03-16"",""commits"":0,""authors"":0,""additions"":0,""deletions"":0,""churn"":0,""truncated"":false}"
src_205C_timeseries,796,"{""project_key"":""virt-manager/virt-manager"",""date"":""2026-03-17"",""commits"":0,""authors"":0,""additions"":0,""deletions"":0,""churn"":0,""truncated"":false}"
src_205C_timeseries,797,"{""project_key"":""virt-manager/virt-manager"",""date"":""2026-03-18"",""commits"":0,""authors"":0,""additions"":0,""deletions"":0,""churn"":0,""truncated"":false}"
src_205C_timeseries,798,"{""project_key"":""virt-manager/virt-manager"",""date"":""2026-03-19"",""commits"":0,""authors"":0,""additions"":0,""deletions"":0,""churn"":0,""truncated"":false}"
src_205C_timeseries,799,"{""project_key"":""virt-manager/virt-manager"",""date"":""2026-03-20"",""commits"":0,""authors"":0,""additions"":0,""deletions"":0,""churn"":0,""truncated"":false}"
src_205C_timeseries,800,"{""project_key"":""virt-manager/virt-manager"",""date"":""2026-03-21"",""commits"":0,""authors"":0,""additions"":0,""deletions"":0,""churn"":0,""truncated"":false}"
src_205C_timeseries,801,"{""project_key"":""virt-manager/virt-manager"",""date"":""2026-03-22"",""commits"":0,""authors"":0,""additions"":0,""deletions"":0,""churn"":0,""truncated"":false}"
src_205C_timeseries,802,"{""project_key"":""virt-manager/virt-manager"",""date"":""2026-03-23"",""commits"":0,""authors"":0,""additions"":0,""deletions"":0,""churn"":0,""truncated"":false}"
src_205C_timeseries,803,"{""project_key"":""virt-manager/virt-manager"",""date"":""2026-03-24"",""commits"":6,""authors"":6,""additions"":8104,""deletions"":1216,""churn"":9320,""truncated"":false}"
src_205C_timeseries,804,"{""project_key"":""virt-manager/virt-manager"",""date"":""2026-03-25"",""commits"":0,""authors"":0,""additions"":0,""deletions"":0,""churn"":0,""truncated"":false}"
src_205C_timeseries,805,"{""project_key"":""virt-manager/virt-manager"",""date"":""2026-03-26"",""commits"":0,""authors"":0,""additions"":0,""deletions"":0,""churn"":0,""truncated"":false}"
src_205C_timeseries,806,"{""project_key"":""virt-manager/virt-manager"",""date"":""2026-03-27"",""commits"":1,""authors"":1,""additions"":2,""deletions"":2,""churn"":4,""truncated"":false}"
src_205C_timeseries,807,"{""project_key"":""virt-manager/virt-manager"",""date"":""2026-03-28"",""commits"":0,""authors"":0,""additions"":0,""deletions"":0,""churn"":0,""truncated"":false}"
src_205C_timeseries,808,"{""project_key"":""virt-manager/virt-manager"",""date"":""2026-03-29"",""commits"":0,""authors"":0,""additions"":0,""deletions"":0,""churn"":0,""truncated"":false}"
src_205C_timeseries,809,"{""project_key"":""virt-manager/virt-manager"",""date"":""2026-03-30"",""commits"":1,""authors"":1,""additions"":1,""deletions"":1,""churn"":2,""truncated"":false}"
src_205C_timeseries,810,"{""project_key"":""virt-manager/virt-manager"",""date"":""2026-03-31"",""commits"":0,""authors"":0,""additions"":0,""deletions"":0,""churn"":0,""truncated"":false}"
src_205C_timeseries,811,"{""project_key"":""xlenore/ps2-covers"",""date"":""2026-01-01"",""commits"":0,""authors"":0,""additions"":0,""deletions"":0,""churn"":0,""truncated"":false}"
src_205C_timeseries,812,"{""project_key"":""xlenore/ps2-covers"",""date"":""2026-01-02"",""commits"":0,""authors"":0,""additions"":0,""deletions"":0,""churn"":0,""truncated"":false}"
src_205C_timeseries,813,"{""project_key"":""xlenore/ps2-covers"",""date"":""2026-01-03"",""commits"":0,""authors"":0,""additions"":0,""deletions"":0,""churn"":0,""truncated"":false}"
src_205C_timeseries,814,"{""project_key"":""xlenore/ps2-covers"",""date"":""2026-01-04"",""commits"":0,""authors"":0,""additions"":0,""deletions"":0,""churn"":0,""truncated"":false}"
src_205C_timeseries,815,"{""project_key"":""xlenore/ps2-covers"",""date"":""2026-01-05"",""commits"":0,""authors"":0,""additions"":0,""deletions"":0,""churn"":0,""truncated"":false}"
src_205C_timeseries,816,"{""project_key"":""xlenore/ps2-covers"",""date"":""2026-01-06"",""commits"":0,""authors"":0,""additions"":0,""deletions"":0,""churn"":0,""truncated"":false}"
src_205C_timeseries,817,"{""project_key"":""xlenore/ps2-covers"",""date"":""2026-01-07"",""commits"":0,""authors"":0,""additions"":0,""deletions"":0,""churn"":0,""truncated"":false}"
src_205C_timeseries,818,"{""project_key"":""xlenore/ps2-covers"",""date"":""2026-01-08"",""commits"":0,""authors"":0,""additions"":0,""deletions"":0,""churn"":0,""truncated"":false}"
src_205C_timeseries,819,"{""project_key"":""xlenore/ps2-covers"",""date"":""2026-01-09"",""commits"":0,""authors"":0,""additions"":0,""deletions"":0,""churn"":0,""truncated"":false}"
src_205C_timeseries,820,"{""project_key"":""xlenore/ps2-covers"",""date"":""2026-01-10"",""commits"":0,""authors"":0,""additions"":0,""deletions"":0,""churn"":0,""truncated"":false}"
src_205C_timeseries,821,"{""project_key"":""xlenore/ps2-covers"",""date"":""2026-01-11"",""commits"":25,""authors"":2,""additions"":78127,""deletions"":666,""churn"":78793,""truncated"":false}"
src_205C_timeseries,822,"{""project_key"":""xlenore/ps2-covers"",""date"":""2026-01-12"",""commits"":0,""authors"":0,""additions"":0,""deletions"":0,""churn"":0,""truncated"":false}"
src_205C_timeseries,823,"{""project_key"":""xlenore/ps2-covers"",""date"":""2026-01-13"",""commits"":1,""authors"":1,""additions"":0,""deletions"":0,""churn"":0,""truncated"":false}"
src_205C_timeseries,824,"{""project_key"":""xlenore/ps2-covers"",""date"":""2026-01-14"",""commits"":0,""authors"":0,""additions"":0,""deletions"":0,""churn"":0,""truncated"":false}"
src_205C_timeseries,825,"{""project_key"":""xlenore/ps2-covers"",""date"":""2026-01-15"",""commits"":0,""authors"":0,""additions"":0,""deletions"":0,""churn"":0,""truncated"":false}"
src_205C_timeseries,826,"{""project_key"":""xlenore/ps2-covers"",""date"":""2026-01-16"",""commits"":0,""authors"":0,""additions"":0,""deletions"":0,""churn"":0,""truncated"":false}"
src_205C_timeseries,827,"{""project_key"":""xlenore/ps2-covers"",""date"":""2026-01-17"",""commits"":0,""authors"":0,""additions"":0,""deletions"":0,""churn"":0,""truncated"":false}"
src_205C_timeseries,828,"{""project_key"":""xlenore/ps2-covers"",""date"":""2026-01-18"",""commits"":0,""authors"":0,""additions"":0,""deletions"":0,""churn"":0,""truncated"":false}"
src_205C_timeseries,829,"{""project_key"":""xlenore/ps2-covers"",""date"":""2026-01-19"",""commits"":0,""authors"":0,""additions"":0,""deletions"":0,""churn"":0,""truncated"":false}"
src_205C_timeseries,830,"{""project_key"":""xlenore/ps2-covers"",""date"":""2026-01-20"",""commits"":0,""authors"":0,""additions"":0,""deletions"":0,""churn"":0,""truncated"":false}"
src_205C_timeseries,831,"{""project_key"":""xlenore/ps2-covers"",""date"":""2026-01-21"",""commits"":0,""authors"":0,""additions"":0,""deletions"":0,""churn"":0,""truncated"":false}"
src_205C_timeseries,832,"{""project_key"":""xlenore/ps2-covers"",""date"":""2026-01-22"",""commits"":0,""authors"":0,""additions"":0,""deletions"":0,""churn"":0,""truncated"":false}"
src_205C_timeseries,833,"{""project_key"":""xlenore/ps2-covers"",""date"":""2026-01-23"",""commits"":0,""authors"":0,""additions"":0,""deletions"":0,""churn"":0,""truncated"":false}"
src_205C_timeseries,834,"{""project_key"":""xlenore/ps2-covers"",""date"":""2026-01-24"",""commits"":0,""authors"":0,""additions"":0,""deletions"":0,""churn"":0,""truncated"":false}"
src_205C_timeseries,835,"{""project_key"":""xlenore/ps2-covers"",""date"":""2026-01-25"",""commits"":0,""authors"":0,""additions"":0,""deletions"":0,""churn"":0,""truncated"":false}"
src_205C_timeseries,836,"{""project_key"":""xlenore/ps2-covers"",""date"":""2026-01-26"",""commits"":0,""authors"":0,""additions"":0,""deletions"":0,""churn"":0,""truncated"":false}"
src_205C_timeseries,837,"{""project_key"":""xlenore/ps2-covers"",""date"":""2026-01-27"",""commits"":0,""authors"":0,""additions"":0,""deletions"":0,""churn"":0,""truncated"":false}"
src_205C_timeseries,838,"{""project_key"":""xlenore/ps2-covers"",""date"":""2026-01-28"",""commits"":0,""authors"":0,""additions"":0,""deletions"":0,""churn"":0,""truncated"":false}"
src_205C_timeseries,839,"{""project_key"":""xlenore/ps2-covers"",""date"":""2026-01-29"",""commits"":0,""authors"":0,""additions"":0,""deletions"":0,""churn"":0,""truncated"":false}"
src_205C_timeseries,840,"{""project_key"":""xlenore/ps2-covers"",""date"":""2026-01-30"",""commits"":0,""authors"":0,""additions"":0,""deletions"":0,""churn"":0,""truncated"":false}"
src_205C_timeseries,841,"{""project_key"":""xlenore/ps2-covers"",""date"":""2026-01-31"",""commits"":0,""authors"":0,""additions"":0,""deletions"":0,""churn"":0,""truncated"":false}"
src_205C_timeseries,842,"{""project_key"":""xlenore/ps2-covers"",""date"":""2026-02-01"",""commits"":1,""authors"":1,""additions"":0,""deletions"":0,""churn"":0,""truncated"":false}"
src_205C_timeseries,843,"{""project_key"":""xlenore/ps2-covers"",""date"":""2026-02-02"",""commits"":0,""authors"":0,""additions"":0,""deletions"":0,""churn"":0,""truncated"":false}"
src_205C_timeseries,844,"{""project_key"":""xlenore/ps2-covers"",""date"":""2026-02-03"",""commits"":0,""authors"":0,""additions"":0,""deletions"":0,""churn"":0,""truncated"":false}"
src_205C_timeseries,845,"{""project_key"":""xlenore/ps2-covers"",""date"":""2026-02-04"",""commits"":0,""authors"":0,""additions"":0,""deletions"":0,""churn"":0,""truncated"":false}"
src_205C_timeseries,846,"{""project_key"":""xlenore/ps2-covers"",""date"":""2026-02-05"",""commits"":0,""authors"":0,""additions"":0,""deletions"":0,""churn"":0,""truncated"":false}"
src_205C_timeseries,847,"{""project_key"":""xlenore/ps2-covers"",""date"":""2026-02-06"",""commits"":0,""authors"":0,""additions"":0,""deletions"":0,""churn"":0,""truncated"":false}"
src_205C_timeseries,848,"{""project_key"":""xlenore/ps2-covers"",""date"":""2026-02-07"",""commits"":0,""authors"":0,""additions"":0,""deletions"":0,""churn"":0,""truncated"":false}"
src_205C_timeseries,849,"{""project_key"":""xlenore/ps2-covers"",""date"":""2026-02-08"",""commits"":0,""authors"":0,""additions"":0,""deletions"":0,""churn"":0,""truncated"":false}"
src_205C_timeseries,850,"{""project_key"":""xlenore/ps2-covers"",""date"":""2026-02-09"",""commits"":0,""authors"":0,""additions"":0,""deletions"":0,""churn"":0,""truncated"":false}"
src_205C_timeseries,851,"{""project_key"":""xlenore/ps2-covers"",""date"":""2026-02-10"",""commits"":0,""authors"":0,""additions"":0,""deletions"":0,""churn"":0,""truncated"":false}"
src_205C_timeseries,852,"{""project_key"":""xlenore/ps2-covers"",""date"":""2026-02-11"",""commits"":0,""authors"":0,""additions"":0,""deletions"":0,""churn"":0,""truncated"":false}"
src_205C_timeseries,853,"{""project_key"":""xlenore/ps2-covers"",""date"":""2026-02-12"",""commits"":0,""authors"":0,""additions"":0,""deletions"":0,""churn"":0,""truncated"":false}"
src_205C_timeseries,854,"{""project_key"":""xlenore/ps2-covers"",""date"":""2026-02-13"",""commits"":0,""authors"":0,""additions"":0,""deletions"":0,""churn"":0,""truncated"":false}"
src_205C_timeseries,855,"{""project_key"":""xlenore/ps2-covers"",""date"":""2026-02-14"",""commits"":0,""authors"":0,""additions"":0,""deletions"":0,""churn"":0,""truncated"":false}"
src_205C_timeseries,856,"{""project_key"":""xlenore/ps2-covers"",""date"":""2026-02-15"",""commits"":0,""authors"":0,""additions"":0,""deletions"":0,""churn"":0,""truncated"":false}"
src_205C_timeseries,857,"{""project_key"":""xlenore/ps2-covers"",""date"":""2026-02-16"",""commits"":0,""authors"":0,""additions"":0,""deletions"":0,""churn"":0,""truncated"":false}"
src_205C_timeseries,858,"{""project_key"":""xlenore/ps2-covers"",""date"":""2026-02-17"",""commits"":0,""authors"":0,""additions"":0,""deletions"":0,""churn"":0,""truncated"":false}"
src_205C_timeseries,859,"{""project_key"":""xlenore/ps2-covers"",""date"":""2026-02-18"",""commits"":1,""authors"":1,""additions"":0,""deletions"":0,""churn"":0,""truncated"":false}"
src_205C_timeseries,860,"{""project_key"":""xlenore/ps2-covers"",""date"":""2026-02-19"",""commits"":0,""authors"":0,""additions"":0,""deletions"":0,""churn"":0,""truncated"":false}"
src_205C_timeseries,861,"{""project_key"":""xlenore/ps2-covers"",""date"":""2026-02-20"",""commits"":0,""authors"":0,""additions"":0,""deletions"":0,""churn"":0,""truncated"":false}"
src_205C_timeseries,862,"{""project_key"":""xlenore/ps2-covers"",""date"":""2026-02-21"",""commits"":0,""authors"":0,""additions"":0,""deletions"":0,""churn"":0,""truncated"":false}"
src_205C_timeseries,863,"{""project_key"":""xlenore/ps2-covers"",""date"":""2026-02-22"",""commits"":0,""authors"":0,""additions"":0,""deletions"":0,""churn"":0,""truncated"":false}"
src_205C_timeseries,864,"{""project_key"":""xlenore/ps2-covers"",""date"":""2026-02-23"",""commits"":0,""authors"":0,""additions"":0,""deletions"":0,""churn"":0,""truncated"":false}"
src_205C_timeseries,865,"{""project_key"":""xlenore/ps2-covers"",""date"":""2026-02-24"",""commits"":0,""authors"":0,""additions"":0,""deletions"":0,""churn"":0,""truncated"":false}"
src_205C_timeseries,866,"{""project_key"":""xlenore/ps2-covers"",""date"":""2026-02-25"",""commits"":0,""authors"":0,""additions"":0,""deletions"":0,""churn"":0,""truncated"":false}"
src_205C_timeseries,867,"{""project_key"":""xlenore/ps2-covers"",""date"":""2026-02-26"",""commits"":0,""authors"":0,""additions"":0,""deletions"":0,""churn"":0,""truncated"":false}"
src_205C_timeseries,868,"{""project_key"":""xlenore/ps2-covers"",""date"":""2026-02-27"",""commits"":0,""authors"":0,""additions"":0,""deletions"":0,""churn"":0,""truncated"":false}"
src_205C_timeseries,869,"{""project_key"":""xlenore/ps2-covers"",""date"":""2026-02-28"",""commits"":4,""authors"":1,""additions"":0,""deletions"":0,""churn"":0,""truncated"":false}"
src_205C_timeseries,870,"{""project_key"":""xlenore/ps2-covers"",""date"":""2026-03-01"",""commits"":0,""authors"":0,""additions"":0,""deletions"":0,""churn"":0,""truncated"":false}"
src_205C_timeseries,871,"{""project_key"":""xlenore/ps2-covers"",""date"":""2026-03-02"",""commits"":0,""authors"":0,""additions"":0,""deletions"":0,""churn"":0,""truncated"":false}"
src_205C_timeseries,872,"{""project_key"":""xlenore/ps2-covers"",""date"":""2026-03-03"",""commits"":0,""authors"":0,""additions"":0,""deletions"":0,""churn"":0,""truncated"":false}"
src_205C_timeseries,873,"{""project_key"":""xlenore/ps2-covers"",""date"":""2026-03-04"",""commits"":0,""authors"":0,""additions"":0,""deletions"":0,""churn"":0,""truncated"":false}"
src_205C_timeseries,874,"{""project_key"":""xlenore/ps2-covers"",""date"":""2026-03-05"",""commits"":0,""authors"":0,""additions"":0,""deletions"":0,""churn"":0,""truncated"":false}"
src_205C_timeseries,875,"{""project_key"":""xlenore/ps2-covers"",""date"":""2026-03-06"",""commits"":0,""authors"":0,""additions"":0,""deletions"":0,""churn"":0,""truncated"":false}"
src_205C_timeseries,876,"{""project_key"":""xlenore/ps2-covers"",""date"":""2026-03-07"",""commits"":1,""authors"":1,""additions"":0,""deletions"":2,""churn"":2,""truncated"":false}"
src_205C_timeseries,877,"{""project_key"":""xlenore/ps2-covers"",""date"":""2026-03-08"",""commits"":0,""authors"":0,""additions"":0,""deletions"":0,""churn"":0,""truncated"":false}"
src_205C_timeseries,878,"{""project_key"":""xlenore/ps2-covers"",""date"":""2026-03-09"",""commits"":0,""authors"":0,""additions"":0,""deletions"":0,""churn"":0,""truncated"":false}"
src_205C_timeseries,879,"{""project_key"":""xlenore/ps2-covers"",""date"":""2026-03-10"",""commits"":0,""authors"":0,""additions"":0,""deletions"":0,""churn"":0,""truncated"":false}"
src_205C_timeseries,880,"{""project_key"":""xlenore/ps2-covers"",""date"":""2026-03-11"",""commits"":0,""authors"":0,""additions"":0,""deletions"":0,""churn"":0,""truncated"":false}"
src_205C_timeseries,881,"{""project_key"":""xlenore/ps2-covers"",""date"":""2026-03-12"",""commits"":0,""authors"":0,""additions"":0,""deletions"":0,""churn"":0,""truncated"":false}"
src_205C_timeseries,882,"{""project_key"":""xlenore/ps2-covers"",""date"":""2026-03-13"",""commits"":0,""authors"":0,""additions"":0,""deletions"":0,""churn"":0,""truncated"":false}"
src_205C_timeseries,883,"{""project_key"":""xlenore/ps2-covers"",""date"":""2026-03-14"",""commits"":0,""authors"":0,""additions"":0,""deletions"":0,""churn"":0,""truncated"":false}"
src_205C_timeseries,884,"{""project_key"":""xlenore/ps2-covers"",""date"":""2026-03-15"",""commits"":4,""authors"":1,""additions"":0,""deletions"":2,""churn"":2,""truncated"":false}"
src_205C_timeseries,885,"{""project_key"":""xlenore/ps2-covers"",""date"":""2026-03-16"",""commits"":0,""authors"":0,""additions"":0,""deletions"":0,""churn"":0,""truncated"":false}"
src_205C_timeseries,886,"{""project_key"":""xlenore/ps2-covers"",""date"":""2026-03-17"",""commits"":0,""authors"":0,""additions"":0,""deletions"":0,""churn"":0,""truncated"":false}"
src_205C_timeseries,887,"{""project_key"":""xlenore/ps2-covers"",""date"":""2026-03-18"",""commits"":0,""authors"":0,""additions"":0,""deletions"":0,""churn"":0,""truncated"":false}"
src_205C_timeseries,888,"{""project_key"":""xlenore/ps2-covers"",""date"":""2026-03-19"",""commits"":1,""authors"":1,""additions"":0,""deletions"":0,""churn"":0,""truncated"":false}"
src_205C_timeseries,889,"{""project_key"":""xlenore/ps2-covers"",""date"":""2026-03-20"",""commits"":0,""authors"":0,""additions"":0,""deletions"":0,""churn"":0,""truncated"":false}"
src_205C_timeseries,890,"{""project_key"":""xlenore/ps2-covers"",""date"":""2026-03-21"",""commits"":7,""authors"":1,""additions"":5720,""deletions"":0,""churn"":5720,""truncated"":false}"
src_205C_timeseries,891,"{""project_key"":""xlenore/ps2-covers"",""date"":""2026-03-22"",""commits"":0,""authors"":0,""additions"":0,""deletions"":0,""churn"":0,""truncated"":false}"
src_205C_timeseries,892,"{""project_key"":""xlenore/ps2-covers"",""date"":""2026-03-23"",""commits"":0,""authors"":0,""additions"":0,""deletions"":0,""churn"":0,""truncated"":false}"
src_205C_timeseries,893,"{""project_key"":""xlenore/ps2-covers"",""date"":""2026-03-24"",""commits"":0,""authors"":0,""additions"":0,""deletions"":0,""churn"":0,""truncated"":false}"
src_205C_timeseries,894,"{""project_key"":""xlenore/ps2-covers"",""date"":""2026-03-25"",""commits"":0,""authors"":0,""additions"":0,""deletions"":0,""churn"":0,""truncated"":false}"
src_205C_timeseries,895,"{""project_key"":""xlenore/ps2-covers"",""date"":""2026-03-26"",""commits"":0,""authors"":0,""additions"":0,""deletions"":0,""churn"":0,""truncated"":false}"
src_205C_timeseries,896,"{""project_key"":""xlenore/ps2-covers"",""date"":""2026-03-27"",""commits"":0,""authors"":0,""additions"":0,""deletions"":0,""churn"":0,""truncated"":false}"
src_205C_timeseries,897,"{""project_key"":""xlenore/ps2-covers"",""date"":""2026-03-28"",""commits"":0,""authors"":0,""additions"":0,""deletions"":0,""churn"":0,""truncated"":false}"
src_205C_timeseries,898,"{""project_key"":""xlenore/ps2-covers"",""date"":""2026-03-29"",""commits"":0,""authors"":0,""additions"":0,""deletions"":0,""churn"":0,""truncated"":false}"
src_205C_timeseries,899,"{""project_key"":""xlenore/ps2-covers"",""date"":""2026-03-30"",""commits"":0,""authors"":0,""additions"":0,""deletions"":0,""churn"":0,""truncated"":false}"
src_205C_timeseries,900,"{""project_key"":""xlenore/ps2-covers"",""date"":""2026-03-31"",""commits"":0,""authors"":0,""additions"":0,""deletions"":0,""churn"":0,""truncated"":false}"
src_205C_timeseries,901,"{""project_key"":""mpieniak01/Venom"",""date"":""2026-01-01"",""commits"":12,""authors"":2,""additions"":1262,""deletions"":2046,""churn"":3308,""truncated"":false}"
src_205C_timeseries,902,"{""project_key"":""mpieniak01/Venom"",""date"":""2026-01-02"",""commits"":7,""authors"":2,""additions"":1628,""deletions"":324,""churn"":1952,""truncated"":false}"
src_205C_timeseries,903,"{""project_key"":""mpieniak01/Venom"",""date"":""2026-01-03"",""commits"":1,""authors"":1,""additions"":320,""deletions"":0,""churn"":320,""truncated"":false}"
src_205C_timeseries,904,"{""project_key"":""mpieniak01/Venom"",""date"":""2026-01-04"",""commits"":0,""authors"":0,""additions"":0,""deletions"":0,""churn"":0,""truncated"":false}"
src_205C_timeseries,905,"{""project_key"":""mpieniak01/Venom"",""date"":""2026-01-05"",""commits"":9,""authors"":2,""additions"":3154,""deletions"":539,""churn"":3693,""truncated"":false}"
src_205C_timeseries,906,"{""project_key"":""mpieniak01/Venom"",""date"":""2026-01-06"",""commits"":0,""authors"":0,""additions"":0,""deletions"":0,""churn"":0,""truncated"":false}"
src_205C_timeseries,907,"{""project_key"":""mpieniak01/Venom"",""date"":""2026-01-07"",""commits"":7,""authors"":2,""additions"":2296,""deletions"":1216,""churn"":3512,""truncated"":false}"
src_205C_timeseries,908,"{""project_key"":""mpieniak01/Venom"",""date"":""2026-01-08"",""commits"":36,""authors"":2,""additions"":15078,""deletions"":118,""churn"":15196,""truncated"":false}"
src_205C_timeseries,909,"{""project_key"":""mpieniak01/Venom"",""date"":""2026-01-09"",""commits"":0,""authors"":0,""additions"":0,""deletions"":0,""churn"":0,""truncated"":false}"
src_205C_timeseries,910,"{""project_key"":""mpieniak01/Venom"",""date"":""2026-01-10"",""commits"":0,""authors"":0,""additions"":0,""deletions"":0,""churn"":0,""truncated"":false}"
src_205C_timeseries,911,"{""project_key"":""mpieniak01/Venom"",""date"":""2026-01-11"",""commits"":0,""authors"":0,""additions"":0,""deletions"":0,""churn"":0,""truncated"":false}"
src_205C_timeseries,912,"{""project_key"":""mpieniak01/Venom"",""date"":""2026-01-12"",""commits"":0,""authors"":0,""additions"":0,""deletions"":0,""churn"":0,""truncated"":false}"
src_205C_timeseries,913,"{""project_key"":""mpieniak01/Venom"",""date"":""2026-01-13"",""commits"":0,""authors"":0,""additions"":0,""deletions"":0,""churn"":0,""truncated"":false}"
src_205C_timeseries,914,"{""project_key"":""mpieniak01/Venom"",""date"":""2026-01-14"",""commits"":2,""authors"":1,""additions"":2,""deletions"":2,""churn"":4,""truncated"":false}"
src_205C_timeseries,915,"{""project_key"":""mpieniak01/Venom"",""date"":""2026-01-15"",""commits"":0,""authors"":0,""additions"":0,""deletions"":0,""churn"":0,""truncated"":false}"
src_205C_timeseries,916,"{""project_key"":""mpieniak01/Venom"",""date"":""2026-01-16"",""commits"":0,""authors"":0,""additions"":0,""deletions"":0,""churn"":0,""truncated"":false}"
src_205C_timeseries,917,"{""project_key"":""mpieniak01/Venom"",""date"":""2026-01-17"",""commits"":7,""authors"":2,""additions"":3714,""deletions"":3460,""churn"":7174,""truncated"":false}"
src_205C_timeseries,918,"{""project_key"":""mpieniak01/Venom"",""date"":""2026-01-18"",""commits"":12,""authors"":2,""additions"":2449,""deletions"":704,""churn"":3153,""truncated"":false}"
src_205C_timeseries,919,"{""project_key"":""mpieniak01/Venom"",""date"":""2026-01-19"",""commits"":1,""authors"":1,""additions"":386,""deletions"":23,""churn"":409,""truncated"":false}"
src_205C_timeseries,920,"{""project_key"":""mpieniak01/Venom"",""date"":""2026-01-20"",""commits"":0,""authors"":0,""additions"":0,""deletions"":0,""churn"":0,""truncated"":false}"
src_205C_timeseries,921,"{""project_key"":""mpieniak01/Venom"",""date"":""2026-01-21"",""commits"":0,""authors"":0,""additions"":0,""deletions"":0,""churn"":0,""truncated"":false}"
src_205C_timeseries,922,"{""project_key"":""mpieniak01/Venom"",""date"":""2026-01-22"",""commits"":0,""authors"":0,""additions"":0,""deletions"":0,""churn"":0,""truncated"":false}"
src_205C_timeseries,923,"{""project_key"":""mpieniak01/Venom"",""date"":""2026-01-23"",""commits"":0,""authors"":0,""additions"":0,""deletions"":0,""churn"":0,""truncated"":false}"
src_205C_timeseries,924,"{""project_key"":""mpieniak01/Venom"",""date"":""2026-01-24"",""commits"":13,""authors"":2,""additions"":2883,""deletions"":1071,""churn"":3954,""truncated"":false}"
src_205C_timeseries,925,"{""project_key"":""mpieniak01/Venom"",""date"":""2026-01-25"",""commits"":1,""authors"":1,""additions"":11826,""deletions"":8046,""churn"":19872,""truncated"":false}"
src_205C_timeseries,926,"{""project_key"":""mpieniak01/Venom"",""date"":""2026-01-26"",""commits"":1,""authors"":1,""additions"":3547,""deletions"":2685,""churn"":6232,""truncated"":false}"
src_205C_timeseries,927,"{""project_key"":""mpieniak01/Venom"",""date"":""2026-01-27"",""commits"":6,""authors"":2,""additions"":1569,""deletions"":467,""churn"":2036,""truncated"":false}"
src_205C_timeseries,928,"{""project_key"":""mpieniak01/Venom"",""date"":""2026-01-28"",""commits"":3,""authors"":2,""additions"":44,""deletions"":25,""churn"":69,""truncated"":false}"
src_205C_timeseries,929,"{""project_key"":""mpieniak01/Venom"",""date"":""2026-01-29"",""commits"":0,""authors"":0,""additions"":0,""deletions"":0,""churn"":0,""truncated"":false}"
src_205C_timeseries,930,"{""project_key"":""mpieniak01/Venom"",""date"":""2026-01-30"",""commits"":11,""authors"":1,""additions"":3034,""deletions"":1574,""churn"":4608,""truncated"":false}"
src_205C_timeseries,931,"{""project_key"":""mpieniak01/Venom"",""date"":""2026-01-31"",""commits"":25,""authors"":1,""additions"":22001,""deletions"":40996,""churn"":62997,""truncated"":false}"
src_205C_timeseries,932,"{""project_key"":""mpieniak01/Venom"",""date"":""2026-02-01"",""commits"":14,""authors"":1,""additions"":5055,""deletions"":1754,""churn"":6809,""truncated"":false}"
src_205C_timeseries,933,"{""project_key"":""mpieniak01/Venom"",""date"":""2026-02-02"",""commits"":12,""authors"":1,""additions"":709,""deletions"":344,""churn"":1053,""truncated"":false}"
src_205C_timeseries,934,"{""project_key"":""mpieniak01/Venom"",""date"":""2026-02-03"",""commits"":8,""authors"":1,""additions"":1957,""deletions"":313,""churn"":2270,""truncated"":false}"
src_205C_timeseries,935,"{""project_key"":""mpieniak01/Venom"",""date"":""2026-02-04"",""commits"":3,""authors"":2,""additions"":67,""deletions"":11684,""churn"":11751,""truncated"":false}"
src_205C_timeseries,936,"{""project_key"":""mpieniak01/Venom"",""date"":""2026-02-05"",""commits"":13,""authors"":1,""additions"":2530,""deletions"":461,""churn"":2991,""truncated"":false}"
src_205C_timeseries,937,"{""project_key"":""mpieniak01/Venom"",""date"":""2026-02-06"",""commits"":64,""authors"":1,""additions"":25178,""deletions"":3459,""churn"":28637,""truncated"":false}"
src_205C_timeseries,938,"{""project_key"":""mpieniak01/Venom"",""date"":""2026-02-07"",""commits"":45,""authors"":2,""additions"":3421,""deletions"":1361,""churn"":4782,""truncated"":false}"
src_205C_timeseries,939,"{""project_key"":""mpieniak01/Venom"",""date"":""2026-02-08"",""commits"":143,""authors"":1,""additions"":23392,""deletions"":36472,""churn"":59864,""truncated"":false}"
src_205C_timeseries,940,"{""project_key"":""mpieniak01/Venom"",""date"":""2026-02-09"",""commits"":51,""authors"":1,""additions"":11441,""deletions"":5281,""churn"":16722,""truncated"":false}"
src_205C_timeseries,941,"{""project_key"":""mpieniak01/Venom"",""date"":""2026-02-10"",""commits"":30,""authors"":1,""additions"":7350,""deletions"":5975,""churn"":13325,""truncated"":false}"
src_205C_timeseries,942,"{""project_key"":""mpieniak01/Venom"",""date"":""2026-02-11"",""commits"":89,""authors"":2,""additions"":10935,""deletions"":1582,""churn"":12517,""truncated"":false}"
src_205C_timeseries,943,"{""project_key"":""mpieniak01/Venom"",""date"":""2026-02-12"",""commits"":73,""authors"":2,""additions"":8051,""deletions"":1590,""churn"":9641,""truncated"":false}"
src_205C_timeseries,944,"{""project_key"":""mpieniak01/Venom"",""date"":""2026-02-13"",""commits"":63,""authors"":2,""additions"":11238,""deletions"":4453,""churn"":15691,""truncated"":false}"
src_205C_timeseries,945,"{""project_key"":""mpieniak01/Venom"",""date"":""2026-02-14"",""commits"":79,""authors"":2,""additions"":27412,""deletions"":2666,""churn"":30078,""truncated"":false}"
src_205C_timeseries,946,"{""project_key"":""mpieniak01/Venom"",""date"":""2026-02-15"",""commits"":34,""authors"":2,""additions"":5357,""deletions"":10249,""churn"":15606,""truncated"":false}"
src_205C_timeseries,947,"{""project_key"":""mpieniak01/Venom"",""date"":""2026-02-16"",""commits"":31,""authors"":1,""additions"":27954,""deletions"":1017,""churn"":28971,""truncated"":false}"
src_205C_timeseries,948,"{""project_key"":""mpieniak01/Venom"",""date"":""2026-02-17"",""commits"":16,""authors"":2,""additions"":3057,""deletions"":2539,""churn"":5596,""truncated"":false}"
src_205C_timeseries,949,"{""project_key"":""mpieniak01/Venom"",""date"":""2026-02-18"",""commits"":53,""authors"":2,""additions"":11877,""deletions"":2403,""churn"":14280,""truncated"":false}"
src_205C_timeseries,950,"{""project_key"":""mpieniak01/Venom"",""date"":""2026-02-19"",""commits"":22,""authors"":2,""additions"":4392,""deletions"":287,""churn"":4679,""truncated"":false}"
src_205C_timeseries,951,"{""project_key"":""mpieniak01/Venom"",""date"":""2026-02-20"",""commits"":19,""authors"":1,""additions"":3053,""deletions"":427,""churn"":3480,""truncated"":false}"
src_205C_timeseries,952,"{""project_key"":""mpieniak01/Venom"",""date"":""2026-02-21"",""commits"":32,""authors"":3,""additions"":25907,""deletions"":13517,""churn"":39424,""truncated"":false}"
src_205C_timeseries,953,"{""project_key"":""mpieniak01/Venom"",""date"":""2026-02-22"",""commits"":15,""authors"":1,""additions"":6008,""deletions"":1222,""churn"":7230,""truncated"":false}"
src_205C_timeseries,954,"{""project_key"":""mpieniak01/Venom"",""date"":""2026-02-23"",""commits"":27,""authors"":2,""additions"":8522,""deletions"":2519,""churn"":11041,""truncated"":false}"
src_205C_timeseries,955,"{""project_key"":""mpieniak01/Venom"",""date"":""2026-02-24"",""commits"":43,""authors"":2,""additions"":13346,""deletions"":563,""churn"":13909,""truncated"":false}"
src_205C_timeseries,956,"{""project_key"":""mpieniak01/Venom"",""date"":""2026-02-25"",""commits"":26,""authors"":2,""additions"":1106,""deletions"":347,""churn"":1453,""truncated"":false}"
src_205C_timeseries,957,"{""project_key"":""mpieniak01/Venom"",""date"":""2026-02-26"",""commits"":22,""authors"":2,""additions"":2648,""deletions"":755,""churn"":3403,""truncated"":false}"
src_205C_timeseries,958,"{""project_key"":""mpieniak01/Venom"",""date"":""2026-02-27"",""commits"":37,""authors"":1,""additions"":18365,""deletions"":10185,""churn"":28550,""truncated"":false}"
src_205C_timeseries,959,"{""project_key"":""mpieniak01/Venom"",""date"":""2026-02-28"",""commits"":37,""authors"":1,""additions"":22689,""deletions"":7926,""churn"":30615,""truncated"":false}"
src_205C_timeseries,960,"{""project_key"":""mpieniak01/Venom"",""date"":""2026-03-01"",""commits"":26,""authors"":2,""additions"":17232,""deletions"":7280,""churn"":24512,""truncated"":false}"
src_205C_timeseries,961,"{""project_key"":""mpieniak01/Venom"",""date"":""2026-03-02"",""commits"":22,""authors"":2,""additions"":6618,""deletions"":1050,""churn"":7668,""truncated"":false}"
src_205C_timeseries,962,"{""project_key"":""mpieniak01/Venom"",""date"":""2026-03-03"",""commits"":26,""authors"":2,""additions"":9352,""deletions"":1827,""churn"":11179,""truncated"":false}"
src_205C_timeseries,963,"{""project_key"":""mpieniak01/Venom"",""date"":""2026-03-04"",""commits"":37,""authors"":1,""additions"":9898,""deletions"":1239,""churn"":11137,""truncated"":false}"
src_205C_timeseries,964,"{""project_key"":""mpieniak01/Venom"",""date"":""2026-03-05"",""commits"":29,""authors"":1,""additions"":7126,""deletions"":1608,""churn"":8734,""truncated"":false}"
src_205C_timeseries,965,"{""project_key"":""mpieniak01/Venom"",""date"":""2026-03-06"",""commits"":31,""authors"":1,""additions"":4699,""deletions"":2499,""churn"":7198,""truncated"":false}"
src_205C_timeseries,966,"{""project_key"":""mpieniak01/Venom"",""date"":""2026-03-07"",""commits"":12,""authors"":1,""additions"":8154,""deletions"":2162,""churn"":10316,""truncated"":false}"
src_205C_timeseries,967,"{""project_key"":""mpieniak01/Venom"",""date"":""2026-03-08"",""commits"":9,""authors"":1,""additions"":2678,""deletions"":380,""churn"":3058,""truncated"":false}"
src_205C_timeseries,968,"{""project_key"":""mpieniak01/Venom"",""date"":""2026-03-09"",""commits"":13,""authors"":1,""additions"":2251,""deletions"":980,""churn"":3231,""truncated"":false}"
src_205C_timeseries,969,"{""project_key"":""mpieniak01/Venom"",""date"":""2026-03-10"",""commits"":24,""authors"":1,""additions"":3370,""deletions"":985,""churn"":4355,""truncated"":false}"
src_205C_timeseries,970,"{""project_key"":""mpieniak01/Venom"",""date"":""2026-03-11"",""commits"":24,""authors"":1,""additions"":12959,""deletions"":12196,""churn"":25155,""truncated"":false}"
src_205C_timeseries,971,"{""project_key"":""mpieniak01/Venom"",""date"":""2026-03-12"",""commits"":30,""authors"":1,""additions"":6296,""deletions"":762,""churn"":7058,""truncated"":false}"
src_205C_timeseries,972,"{""project_key"":""mpieniak01/Venom"",""date"":""2026-03-13"",""commits"":24,""authors"":1,""additions"":4740,""deletions"":772,""churn"":5512,""truncated"":false}"
src_205C_timeseries,973,"{""project_key"":""mpieniak01/Venom"",""date"":""2026-03-14"",""commits"":12,""authors"":1,""additions"":6738,""deletions"":376,""churn"":7114,""truncated"":false}"
src_205C_timeseries,974,"{""project_key"":""mpieniak01/Venom"",""date"":""2026-03-15"",""commits"":9,""authors"":1,""additions"":1782,""deletions"":515,""churn"":2297,""truncated"":false}"
src_205C_timeseries,975,"{""project_key"":""mpieniak01/Venom"",""date"":""2026-03-16"",""commits"":1,""authors"":1,""additions"":1097,""deletions"":178,""churn"":1275,""truncated"":false}"
src_205C_timeseries,976,"{""project_key"":""mpieniak01/Venom"",""date"":""2026-03-17"",""commits"":1,""authors"":1,""additions"":1356,""deletions"":350,""churn"":1706,""truncated"":false}"
src_205C_timeseries,977,"{""project_key"":""mpieniak01/Venom"",""date"":""2026-03-18"",""commits"":1,""authors"":1,""additions"":2151,""deletions"":69,""churn"":2220,""truncated"":false}"
src_205C_timeseries,978,"{""project_key"":""mpieniak01/Venom"",""date"":""2026-03-19"",""commits"":0,""authors"":0,""additions"":0,""deletions"":0,""churn"":0,""truncated"":false}"
src_205C_timeseries,979,"{""project_key"":""mpieniak01/Venom"",""date"":""2026-03-20"",""commits"":0,""authors"":0,""additions"":0,""deletions"":0,""churn"":0,""truncated"":false}"
src_205C_timeseries,980,"{""project_key"":""mpieniak01/Venom"",""date"":""2026-03-21"",""commits"":0,""authors"":0,""additions"":0,""deletions"":0,""churn"":0,""truncated"":false}"
src_205C_timeseries,981,"{""project_key"":""mpieniak01/Venom"",""date"":""2026-03-22"",""commits"":1,""authors"":1,""additions"":11202,""deletions"":807,""churn"":12009,""truncated"":false}"
src_205C_timeseries,982,"{""project_key"":""mpieniak01/Venom"",""date"":""2026-03-23"",""commits"":0,""authors"":0,""additions"":0,""deletions"":0,""churn"":0,""truncated"":false}"
src_205C_timeseries,983,"{""project_key"":""mpieniak01/Venom"",""date"":""2026-03-24"",""commits"":0,""authors"":0,""additions"":0,""deletions"":0,""churn"":0,""truncated"":false}"
src_205C_timeseries,984,"{""project_key"":""mpieniak01/Venom"",""date"":""2026-03-25"",""commits"":0,""authors"":0,""additions"":0,""deletions"":0,""churn"":0,""truncated"":false}"
src_205C_timeseries,985,"{""project_key"":""mpieniak01/Venom"",""date"":""2026-03-26"",""commits"":0,""authors"":0,""additions"":0,""deletions"":0,""churn"":0,""truncated"":false}"
src_205C_timeseries,986,"{""project_key"":""mpieniak01/Venom"",""date"":""2026-03-27"",""commits"":0,""authors"":0,""additions"":0,""deletions"":0,""churn"":0,""truncated"":false}"
src_205C_timeseries,987,"{""project_key"":""mpieniak01/Venom"",""date"":""2026-03-28"",""commits"":0,""authors"":0,""additions"":0,""deletions"":0,""churn"":0,""truncated"":false}"
src_205C_timeseries,988,"{""project_key"":""mpieniak01/Venom"",""date"":""2026-03-29"",""commits"":0,""authors"":0,""additions"":0,""deletions"":0,""churn"":0,""truncated"":false}"
src_205C_timeseries,989,"{""project_key"":""mpieniak01/Venom"",""date"":""2026-03-30"",""commits"":0,""authors"":0,""additions"":0,""deletions"":0,""churn"":0,""truncated"":false}"
src_205C_timeseries,990,"{""project_key"":""mpieniak01/Venom"",""date"":""2026-03-31"",""commits"":0,""authors"":0,""additions"":0,""deletions"":0,""churn"":0,""truncated"":false}"
src_205D_timeseries,1,"{""project_key"":""FreedomIntelligence/OpenClaw-Medical-Skills"",""date"":""2026-01-01"",""pr_opened_count_daily"":0,""pr_merged_count_daily"":0,""pr_closed_not_merged_daily"":0,""pr_active_daily"":0,""pr_daily_avg_lead_time_hours"":null,""pr_daily_median_lead_time_hours"":null,""pr_daily_avg_review_latency_hours"":null,""lead_time_sample_size"":0}"
src_205D_timeseries,2,"{""project_key"":""FreedomIntelligence/OpenClaw-Medical-Skills"",""date"":""2026-01-02"",""pr_opened_count_daily"":0,""pr_merged_count_daily"":0,""pr_closed_not_merged_daily"":0,""pr_active_daily"":0,""pr_daily_avg_lead_time_hours"":null,""pr_daily_median_lead_time_hours"":null,""pr_daily_avg_review_latency_hours"":null,""lead_time_sample_size"":0}"
src_205D_timeseries,3,"{""project_key"":""FreedomIntelligence/OpenClaw-Medical-Skills"",""date"":""2026-01-03"",""pr_opened_count_daily"":0,""pr_merged_count_daily"":0,""pr_closed_not_merged_daily"":0,""pr_active_daily"":0,""pr_daily_avg_lead_time_hours"":null,""pr_daily_median_lead_time_hours"":null,""pr_daily_avg_review_latency_hours"":null,""lead_time_sample_size"":0}"
src_205D_timeseries,4,"{""project_key"":""FreedomIntelligence/OpenClaw-Medical-Skills"",""date"":""2026-01-04"",""pr_opened_count_daily"":0,""pr_merged_count_daily"":0,""pr_closed_not_merged_daily"":0,""pr_active_daily"":0,""pr_daily_avg_lead_time_hours"":null,""pr_daily_median_lead_time_hours"":null,""pr_daily_avg_review_latency_hours"":null,""lead_time_sample_size"":0}"
src_205D_timeseries,5,"{""project_key"":""FreedomIntelligence/OpenClaw-Medical-Skills"",""date"":""2026-01-05"",""pr_opened_count_daily"":0,""pr_merged_count_daily"":0,""pr_closed_not_merged_daily"":0,""pr_active_daily"":0,""pr_daily_avg_lead_time_hours"":null,""pr_daily_median_lead_time_hours"":null,""pr_daily_avg_review_latency_hours"":null,""lead_time_sample_size"":0}"
src_205D_timeseries,6,"{""project_key"":""FreedomIntelligence/OpenClaw-Medical-Skills"",""date"":""2026-01-06"",""pr_opened_count_daily"":0,""pr_merged_count_daily"":0,""pr_closed_not_merged_daily"":0,""pr_active_daily"":0,""pr_daily_avg_lead_time_hours"":null,""pr_daily_median_lead_time_hours"":null,""pr_daily_avg_review_latency_hours"":null,""lead_time_sample_size"":0}"
src_205D_timeseries,7,"{""project_key"":""FreedomIntelligence/OpenClaw-Medical-Skills"",""date"":""2026-01-07"",""pr_opened_count_daily"":0,""pr_merged_count_daily"":0,""pr_closed_not_merged_daily"":0,""pr_active_daily"":0,""pr_daily_avg_lead_time_hours"":null,""pr_daily_median_lead_time_hours"":null,""pr_daily_avg_review_latency_hours"":null,""lead_time_sample_size"":0}"
src_205D_timeseries,8,"{""project_key"":""FreedomIntelligence/OpenClaw-Medical-Skills"",""date"":""2026-01-08"",""pr_opened_count_daily"":0,""pr_merged_count_daily"":0,""pr_closed_not_merged_daily"":0,""pr_active_daily"":0,""pr_daily_avg_lead_time_hours"":null,""pr_daily_median_lead_time_hours"":null,""pr_daily_avg_review_latency_hours"":null,""lead_time_sample_size"":0}"
src_205D_timeseries,9,"{""project_key"":""FreedomIntelligence/OpenClaw-Medical-Skills"",""date"":""2026-01-09"",""pr_opened_count_daily"":0,""pr_merged_count_daily"":0,""pr_closed_not_merged_daily"":0,""pr_active_daily"":0,""pr_daily_avg_lead_time_hours"":null,""pr_daily_median_lead_time_hours"":null,""pr_daily_avg_review_latency_hours"":null,""lead_time_sample_size"":0}"
src_205D_timeseries,10,"{""project_key"":""FreedomIntelligence/OpenClaw-Medical-Skills"",""date"":""2026-01-10"",""pr_opened_count_daily"":0,""pr_merged_count_daily"":0,""pr_closed_not_merged_daily"":0,""pr_active_daily"":0,""pr_daily_avg_lead_time_hours"":null,""pr_daily_median_lead_time_hours"":null,""pr_daily_avg_review_latency_hours"":null,""lead_time_sample_size"":0}"
src_205D_timeseries,11,"{""project_key"":""FreedomIntelligence/OpenClaw-Medical-Skills"",""date"":""2026-01-11"",""pr_opened_count_daily"":0,""pr_merged_count_daily"":0,""pr_closed_not_merged_daily"":0,""pr_active_daily"":0,""pr_daily_avg_lead_time_hours"":null,""pr_daily_median_lead_time_hours"":null,""pr_daily_avg_review_latency_hours"":null,""lead_time_sample_size"":0}"
src_205D_timeseries,12,"{""project_key"":""FreedomIntelligence/OpenClaw-Medical-Skills"",""date"":""2026-01-12"",""pr_opened_count_daily"":0,""pr_merged_count_daily"":0,""pr_closed_not_merged_daily"":0,""pr_active_daily"":0,""pr_daily_avg_lead_time_hours"":null,""pr_daily_median_lead_time_hours"":null,""pr_daily_avg_review_latency_hours"":null,""lead_time_sample_size"":0}"
src_205D_timeseries,13,"{""project_key"":""FreedomIntelligence/OpenClaw-Medical-Skills"",""date"":""2026-01-13"",""pr_opened_count_daily"":0,""pr_merged_count_daily"":0,""pr_closed_not_merged_daily"":0,""pr_active_daily"":0,""pr_daily_avg_lead_time_hours"":null,""pr_daily_median_lead_time_hours"":null,""pr_daily_avg_review_latency_hours"":null,""lead_time_sample_size"":0}"
src_205D_timeseries,14,"{""project_key"":""FreedomIntelligence/OpenClaw-Medical-Skills"",""date"":""2026-01-14"",""pr_opened_count_daily"":0,""pr_merged_count_daily"":0,""pr_closed_not_merged_daily"":0,""pr_active_daily"":0,""pr_daily_avg_lead_time_hours"":null,""pr_daily_median_lead_time_hours"":null,""pr_daily_avg_review_latency_hours"":null,""lead_time_sample_size"":0}"
src_205D_timeseries,15,"{""project_key"":""FreedomIntelligence/OpenClaw-Medical-Skills"",""date"":""2026-01-15"",""pr_opened_count_daily"":0,""pr_merged_count_daily"":0,""pr_closed_not_merged_daily"":0,""pr_active_daily"":0,""pr_daily_avg_lead_time_hours"":null,""pr_daily_median_lead_time_hours"":null,""pr_daily_avg_review_latency_hours"":null,""lead_time_sample_size"":0}"
src_205D_timeseries,16,"{""project_key"":""FreedomIntelligence/OpenClaw-Medical-Skills"",""date"":""2026-01-16"",""pr_opened_count_daily"":0,""pr_merged_count_daily"":0,""pr_closed_not_merged_daily"":0,""pr_active_daily"":0,""pr_daily_avg_lead_time_hours"":null,""pr_daily_median_lead_time_hours"":null,""pr_daily_avg_review_latency_hours"":null,""lead_time_sample_size"":0}"
src_205D_timeseries,17,"{""project_key"":""FreedomIntelligence/OpenClaw-Medical-Skills"",""date"":""2026-01-17"",""pr_opened_count_daily"":0,""pr_merged_count_daily"":0,""pr_closed_not_merged_daily"":0,""pr_active_daily"":0,""pr_daily_avg_lead_time_hours"":null,""pr_daily_median_lead_time_hours"":null,""pr_daily_avg_review_latency_hours"":null,""lead_time_sample_size"":0}"
src_205D_timeseries,18,"{""project_key"":""FreedomIntelligence/OpenClaw-Medical-Skills"",""date"":""2026-01-18"",""pr_opened_count_daily"":0,""pr_merged_count_daily"":0,""pr_closed_not_merged_daily"":0,""pr_active_daily"":0,""pr_daily_avg_lead_time_hours"":null,""pr_daily_median_lead_time_hours"":null,""pr_daily_avg_review_latency_hours"":null,""lead_time_sample_size"":0}"
src_205D_timeseries,19,"{""project_key"":""FreedomIntelligence/OpenClaw-Medical-Skills"",""date"":""2026-01-19"",""pr_opened_count_daily"":0,""pr_merged_count_daily"":0,""pr_closed_not_merged_daily"":0,""pr_active_daily"":0,""pr_daily_avg_lead_time_hours"":null,""pr_daily_median_lead_time_hours"":null,""pr_daily_avg_review_latency_hours"":null,""lead_time_sample_size"":0}"
src_205D_timeseries,20,"{""project_key"":""FreedomIntelligence/OpenClaw-Medical-Skills"",""date"":""2026-01-20"",""pr_opened_count_daily"":0,""pr_merged_count_daily"":0,""pr_closed_not_merged_daily"":0,""pr_active_daily"":0,""pr_daily_avg_lead_time_hours"":null,""pr_daily_median_lead_time_hours"":null,""pr_daily_avg_review_latency_hours"":null,""lead_time_sample_size"":0}"
src_205D_timeseries,21,"{""project_key"":""FreedomIntelligence/OpenClaw-Medical-Skills"",""date"":""2026-01-21"",""pr_opened_count_daily"":0,""pr_merged_count_daily"":0,""pr_closed_not_merged_daily"":0,""pr_active_daily"":0,""pr_daily_avg_lead_time_hours"":null,""pr_daily_median_lead_time_hours"":null,""pr_daily_avg_review_latency_hours"":null,""lead_time_sample_size"":0}"
src_205D_timeseries,22,"{""project_key"":""FreedomIntelligence/OpenClaw-Medical-Skills"",""date"":""2026-01-22"",""pr_opened_count_daily"":0,""pr_merged_count_daily"":0,""pr_closed_not_merged_daily"":0,""pr_active_daily"":0,""pr_daily_avg_lead_time_hours"":null,""pr_daily_median_lead_time_hours"":null,""pr_daily_avg_review_latency_hours"":null,""lead_time_sample_size"":0}"
src_205D_timeseries,23,"{""project_key"":""FreedomIntelligence/OpenClaw-Medical-Skills"",""date"":""2026-01-23"",""pr_opened_count_daily"":0,""pr_merged_count_daily"":0,""pr_closed_not_merged_daily"":0,""pr_active_daily"":0,""pr_daily_avg_lead_time_hours"":null,""pr_daily_median_lead_time_hours"":null,""pr_daily_avg_review_latency_hours"":null,""lead_time_sample_size"":0}"
src_205D_timeseries,24,"{""project_key"":""FreedomIntelligence/OpenClaw-Medical-Skills"",""date"":""2026-01-24"",""pr_opened_count_daily"":0,""pr_merged_count_daily"":0,""pr_closed_not_merged_daily"":0,""pr_active_daily"":0,""pr_daily_avg_lead_time_hours"":null,""pr_daily_median_lead_time_hours"":null,""pr_daily_avg_review_latency_hours"":null,""lead_time_sample_size"":0}"
src_205D_timeseries,25,"{""project_key"":""FreedomIntelligence/OpenClaw-Medical-Skills"",""date"":""2026-01-25"",""pr_opened_count_daily"":0,""pr_merged_count_daily"":0,""pr_closed_not_merged_daily"":0,""pr_active_daily"":0,""pr_daily_avg_lead_time_hours"":null,""pr_daily_median_lead_time_hours"":null,""pr_daily_avg_review_latency_hours"":null,""lead_time_sample_size"":0}"
src_205D_timeseries,26,"{""project_key"":""FreedomIntelligence/OpenClaw-Medical-Skills"",""date"":""2026-01-26"",""pr_opened_count_daily"":0,""pr_merged_count_daily"":0,""pr_closed_not_merged_daily"":0,""pr_active_daily"":0,""pr_daily_avg_lead_time_hours"":null,""pr_daily_median_lead_time_hours"":null,""pr_daily_avg_review_latency_hours"":null,""lead_time_sample_size"":0}"
src_205D_timeseries,27,"{""project_key"":""FreedomIntelligence/OpenClaw-Medical-Skills"",""date"":""2026-01-27"",""pr_opened_count_daily"":0,""pr_merged_count_daily"":0,""pr_closed_not_merged_daily"":0,""pr_active_daily"":0,""pr_daily_avg_lead_time_hours"":null,""pr_daily_median_lead_time_hours"":null,""pr_daily_avg_review_latency_hours"":null,""lead_time_sample_size"":0}"
src_205D_timeseries,28,"{""project_key"":""FreedomIntelligence/OpenClaw-Medical-Skills"",""date"":""2026-01-28"",""pr_opened_count_daily"":0,""pr_merged_count_daily"":0,""pr_closed_not_merged_daily"":0,""pr_active_daily"":0,""pr_daily_avg_lead_time_hours"":null,""pr_daily_median_lead_time_hours"":null,""pr_daily_avg_review_latency_hours"":null,""lead_time_sample_size"":0}"
src_205D_timeseries,29,"{""project_key"":""FreedomIntelligence/OpenClaw-Medical-Skills"",""date"":""2026-01-29"",""pr_opened_count_daily"":0,""pr_merged_count_daily"":0,""pr_closed_not_merged_daily"":0,""pr_active_daily"":0,""pr_daily_avg_lead_time_hours"":null,""pr_daily_median_lead_time_hours"":null,""pr_daily_avg_review_latency_hours"":null,""lead_time_sample_size"":0}"
src_205D_timeseries,30,"{""project_key"":""FreedomIntelligence/OpenClaw-Medical-Skills"",""date"":""2026-01-30"",""pr_opened_count_daily"":0,""pr_merged_count_daily"":0,""pr_closed_not_merged_daily"":0,""pr_active_daily"":0,""pr_daily_avg_lead_time_hours"":null,""pr_daily_median_lead_time_hours"":null,""pr_daily_avg_review_latency_hours"":null,""lead_time_sample_size"":0}"
src_205D_timeseries,31,"{""project_key"":""FreedomIntelligence/OpenClaw-Medical-Skills"",""date"":""2026-01-31"",""pr_opened_count_daily"":0,""pr_merged_count_daily"":0,""pr_closed_not_merged_daily"":0,""pr_active_daily"":0,""pr_daily_avg_lead_time_hours"":null,""pr_daily_median_lead_time_hours"":null,""pr_daily_avg_review_latency_hours"":null,""lead_time_sample_size"":0}"
src_205D_timeseries,32,"{""project_key"":""FreedomIntelligence/OpenClaw-Medical-Skills"",""date"":""2026-02-01"",""pr_opened_count_daily"":0,""pr_merged_count_daily"":0,""pr_closed_not_merged_daily"":0,""pr_active_daily"":0,""pr_daily_avg_lead_time_hours"":null,""pr_daily_median_lead_time_hours"":null,""pr_daily_avg_review_latency_hours"":null,""lead_time_sample_size"":0}"
src_205D_timeseries,33,"{""project_key"":""FreedomIntelligence/OpenClaw-Medical-Skills"",""date"":""2026-02-02"",""pr_opened_count_daily"":0,""pr_merged_count_daily"":0,""pr_closed_not_merged_daily"":0,""pr_active_daily"":0,""pr_daily_avg_lead_time_hours"":null,""pr_daily_median_lead_time_hours"":null,""pr_daily_avg_review_latency_hours"":null,""lead_time_sample_size"":0}"
src_205D_timeseries,34,"{""project_key"":""FreedomIntelligence/OpenClaw-Medical-Skills"",""date"":""2026-02-03"",""pr_opened_count_daily"":0,""pr_merged_count_daily"":0,""pr_closed_not_merged_daily"":0,""pr_active_daily"":0,""pr_daily_avg_lead_time_hours"":null,""pr_daily_median_lead_time_hours"":null,""pr_daily_avg_review_latency_hours"":null,""lead_time_sample_size"":0}"
src_205D_timeseries,35,"{""project_key"":""FreedomIntelligence/OpenClaw-Medical-Skills"",""date"":""2026-02-04"",""pr_opened_count_daily"":0,""pr_merged_count_daily"":0,""pr_closed_not_merged_daily"":0,""pr_active_daily"":0,""pr_daily_avg_lead_time_hours"":null,""pr_daily_median_lead_time_hours"":null,""pr_daily_avg_review_latency_hours"":null,""lead_time_sample_size"":0}"
src_205D_timeseries,36,"{""project_key"":""FreedomIntelligence/OpenClaw-Medical-Skills"",""date"":""2026-02-05"",""pr_opened_count_daily"":0,""pr_merged_count_daily"":0,""pr_closed_not_merged_daily"":0,""pr_active_daily"":0,""pr_daily_avg_lead_time_hours"":null,""pr_daily_median_lead_time_hours"":null,""pr_daily_avg_review_latency_hours"":null,""lead_time_sample_size"":0}"
src_205D_timeseries,37,"{""project_key"":""FreedomIntelligence/OpenClaw-Medical-Skills"",""date"":""2026-02-06"",""pr_opened_count_daily"":0,""pr_merged_count_daily"":0,""pr_closed_not_merged_daily"":0,""pr_active_daily"":0,""pr_daily_avg_lead_time_hours"":null,""pr_daily_median_lead_time_hours"":null,""pr_daily_avg_review_latency_hours"":null,""lead_time_sample_size"":0}"
src_205D_timeseries,38,"{""project_key"":""FreedomIntelligence/OpenClaw-Medical-Skills"",""date"":""2026-02-07"",""pr_opened_count_daily"":0,""pr_merged_count_daily"":0,""pr_closed_not_merged_daily"":0,""pr_active_daily"":0,""pr_daily_avg_lead_time_hours"":null,""pr_daily_median_lead_time_hours"":null,""pr_daily_avg_review_latency_hours"":null,""lead_time_sample_size"":0}"
src_205D_timeseries,39,"{""project_key"":""FreedomIntelligence/OpenClaw-Medical-Skills"",""date"":""2026-02-08"",""pr_opened_count_daily"":0,""pr_merged_count_daily"":0,""pr_closed_not_merged_daily"":0,""pr_active_daily"":0,""pr_daily_avg_lead_time_hours"":null,""pr_daily_median_lead_time_hours"":null,""pr_daily_avg_review_latency_hours"":null,""lead_time_sample_size"":0}"
src_205D_timeseries,40,"{""project_key"":""FreedomIntelligence/OpenClaw-Medical-Skills"",""date"":""2026-02-09"",""pr_opened_count_daily"":0,""pr_merged_count_daily"":0,""pr_closed_not_merged_daily"":0,""pr_active_daily"":0,""pr_daily_avg_lead_time_hours"":null,""pr_daily_median_lead_time_hours"":null,""pr_daily_avg_review_latency_hours"":null,""lead_time_sample_size"":0}"
src_205D_timeseries,41,"{""project_key"":""FreedomIntelligence/OpenClaw-Medical-Skills"",""date"":""2026-02-10"",""pr_opened_count_daily"":0,""pr_merged_count_daily"":0,""pr_closed_not_merged_daily"":0,""pr_active_daily"":0,""pr_daily_avg_lead_time_hours"":null,""pr_daily_median_lead_time_hours"":null,""pr_daily_avg_review_latency_hours"":null,""lead_time_sample_size"":0}"
src_205D_timeseries,42,"{""project_key"":""FreedomIntelligence/OpenClaw-Medical-Skills"",""date"":""2026-02-11"",""pr_opened_count_daily"":0,""pr_merged_count_daily"":0,""pr_closed_not_merged_daily"":0,""pr_active_daily"":0,""pr_daily_avg_lead_time_hours"":null,""pr_daily_median_lead_time_hours"":null,""pr_daily_avg_review_latency_hours"":null,""lead_time_sample_size"":0}"
src_205D_timeseries,43,"{""project_key"":""FreedomIntelligence/OpenClaw-Medical-Skills"",""date"":""2026-02-12"",""pr_opened_count_daily"":0,""pr_merged_count_daily"":0,""pr_closed_not_merged_daily"":0,""pr_active_daily"":0,""pr_daily_avg_lead_time_hours"":null,""pr_daily_median_lead_time_hours"":null,""pr_daily_avg_review_latency_hours"":null,""lead_time_sample_size"":0}"
src_205D_timeseries,44,"{""project_key"":""FreedomIntelligence/OpenClaw-Medical-Skills"",""date"":""2026-02-13"",""pr_opened_count_daily"":0,""pr_merged_count_daily"":0,""pr_closed_not_merged_daily"":0,""pr_active_daily"":0,""pr_daily_avg_lead_time_hours"":null,""pr_daily_median_lead_time_hours"":null,""pr_daily_avg_review_latency_hours"":null,""lead_time_sample_size"":0}"
src_205D_timeseries,45,"{""project_key"":""FreedomIntelligence/OpenClaw-Medical-Skills"",""date"":""2026-02-14"",""pr_opened_count_daily"":0,""pr_merged_count_daily"":0,""pr_closed_not_merged_daily"":0,""pr_active_daily"":0,""pr_daily_avg_lead_time_hours"":null,""pr_daily_median_lead_time_hours"":null,""pr_daily_avg_review_latency_hours"":null,""lead_time_sample_size"":0}"
src_205D_timeseries,46,"{""project_key"":""FreedomIntelligence/OpenClaw-Medical-Skills"",""date"":""2026-02-15"",""pr_opened_count_daily"":0,""pr_merged_count_daily"":0,""pr_closed_not_merged_daily"":0,""pr_active_daily"":0,""pr_daily_avg_lead_time_hours"":null,""pr_daily_median_lead_time_hours"":null,""pr_daily_avg_review_latency_hours"":null,""lead_time_sample_size"":0}"
src_205D_timeseries,47,"{""project_key"":""FreedomIntelligence/OpenClaw-Medical-Skills"",""date"":""2026-02-16"",""pr_opened_count_daily"":0,""pr_merged_count_daily"":0,""pr_closed_not_merged_daily"":0,""pr_active_daily"":0,""pr_daily_avg_lead_time_hours"":null,""pr_daily_median_lead_time_hours"":null,""pr_daily_avg_review_latency_hours"":null,""lead_time_sample_size"":0}"
src_205D_timeseries,48,"{""project_key"":""FreedomIntelligence/OpenClaw-Medical-Skills"",""date"":""2026-02-17"",""pr_opened_count_daily"":0,""pr_merged_count_daily"":0,""pr_closed_not_merged_daily"":0,""pr_active_daily"":0,""pr_daily_avg_lead_time_hours"":null,""pr_daily_median_lead_time_hours"":null,""pr_daily_avg_review_latency_hours"":null,""lead_time_sample_size"":0}"
src_205D_timeseries,49,"{""project_key"":""FreedomIntelligence/OpenClaw-Medical-Skills"",""date"":""2026-02-18"",""pr_opened_count_daily"":0,""pr_merged_count_daily"":0,""pr_closed_not_merged_daily"":0,""pr_active_daily"":0,""pr_daily_avg_lead_time_hours"":null,""pr_daily_median_lead_time_hours"":null,""pr_daily_avg_review_latency_hours"":null,""lead_time_sample_size"":0}"
src_205D_timeseries,50,"{""project_key"":""FreedomIntelligence/OpenClaw-Medical-Skills"",""date"":""2026-02-19"",""pr_opened_count_daily"":0,""pr_merged_count_daily"":0,""pr_closed_not_merged_daily"":0,""pr_active_daily"":0,""pr_daily_avg_lead_time_hours"":null,""pr_daily_median_lead_time_hours"":null,""pr_daily_avg_review_latency_hours"":null,""lead_time_sample_size"":0}"
src_205D_timeseries,51,"{""project_key"":""FreedomIntelligence/OpenClaw-Medical-Skills"",""date"":""2026-02-20"",""pr_opened_count_daily"":0,""pr_merged_count_daily"":0,""pr_closed_not_merged_daily"":0,""pr_active_daily"":0,""pr_daily_avg_lead_time_hours"":null,""pr_daily_median_lead_time_hours"":null,""pr_daily_avg_review_latency_hours"":null,""lead_time_sample_size"":0}"
src_205D_timeseries,52,"{""project_key"":""FreedomIntelligence/OpenClaw-Medical-Skills"",""date"":""2026-02-21"",""pr_opened_count_daily"":0,""pr_merged_count_daily"":0,""pr_closed_not_merged_daily"":0,""pr_active_daily"":0,""pr_daily_avg_lead_time_hours"":null,""pr_daily_median_lead_time_hours"":null,""pr_daily_avg_review_latency_hours"":null,""lead_time_sample_size"":0}"
src_205D_timeseries,53,"{""project_key"":""FreedomIntelligence/OpenClaw-Medical-Skills"",""date"":""2026-02-22"",""pr_opened_count_daily"":0,""pr_merged_count_daily"":0,""pr_closed_not_merged_daily"":0,""pr_active_daily"":0,""pr_daily_avg_lead_time_hours"":null,""pr_daily_median_lead_time_hours"":null,""pr_daily_avg_review_latency_hours"":null,""lead_time_sample_size"":0}"
src_205D_timeseries,54,"{""project_key"":""FreedomIntelligence/OpenClaw-Medical-Skills"",""date"":""2026-02-23"",""pr_opened_count_daily"":0,""pr_merged_count_daily"":0,""pr_closed_not_merged_daily"":0,""pr_active_daily"":0,""pr_daily_avg_lead_time_hours"":null,""pr_daily_median_lead_time_hours"":null,""pr_daily_avg_review_latency_hours"":null,""lead_time_sample_size"":0}"
src_205D_timeseries,55,"{""project_key"":""FreedomIntelligence/OpenClaw-Medical-Skills"",""date"":""2026-02-24"",""pr_opened_count_daily"":0,""pr_merged_count_daily"":0,""pr_closed_not_merged_daily"":0,""pr_active_daily"":0,""pr_daily_avg_lead_time_hours"":null,""pr_daily_median_lead_time_hours"":null,""pr_daily_avg_review_latency_hours"":null,""lead_time_sample_size"":0}"
src_205D_timeseries,56,"{""project_key"":""FreedomIntelligence/OpenClaw-Medical-Skills"",""date"":""2026-02-25"",""pr_opened_count_daily"":0,""pr_merged_count_daily"":0,""pr_closed_not_merged_daily"":0,""pr_active_daily"":0,""pr_daily_avg_lead_time_hours"":null,""pr_daily_median_lead_time_hours"":null,""pr_daily_avg_review_latency_hours"":null,""lead_time_sample_size"":0}"
src_205D_timeseries,57,"{""project_key"":""FreedomIntelligence/OpenClaw-Medical-Skills"",""date"":""2026-02-26"",""pr_opened_count_daily"":0,""pr_merged_count_daily"":0,""pr_closed_not_merged_daily"":0,""pr_active_daily"":0,""pr_daily_avg_lead_time_hours"":null,""pr_daily_median_lead_time_hours"":null,""pr_daily_avg_review_latency_hours"":null,""lead_time_sample_size"":0}"
src_205D_timeseries,58,"{""project_key"":""FreedomIntelligence/OpenClaw-Medical-Skills"",""date"":""2026-02-27"",""pr_opened_count_daily"":0,""pr_merged_count_daily"":0,""pr_closed_not_merged_daily"":0,""pr_active_daily"":0,""pr_daily_avg_lead_time_hours"":null,""pr_daily_median_lead_time_hours"":null,""pr_daily_avg_review_latency_hours"":null,""lead_time_sample_size"":0}"
src_205D_timeseries,59,"{""project_key"":""FreedomIntelligence/OpenClaw-Medical-Skills"",""date"":""2026-02-28"",""pr_opened_count_daily"":0,""pr_merged_count_daily"":0,""pr_closed_not_merged_daily"":0,""pr_active_daily"":0,""pr_daily_avg_lead_time_hours"":null,""pr_daily_median_lead_time_hours"":null,""pr_daily_avg_review_latency_hours"":null,""lead_time_sample_size"":0}"
src_205D_timeseries,60,"{""project_key"":""FreedomIntelligence/OpenClaw-Medical-Skills"",""date"":""2026-03-01"",""pr_opened_count_daily"":0,""pr_merged_count_daily"":0,""pr_closed_not_merged_daily"":0,""pr_active_daily"":0,""pr_daily_avg_lead_time_hours"":null,""pr_daily_median_lead_time_hours"":null,""pr_daily_avg_review_latency_hours"":null,""lead_time_sample_size"":0}"
src_205D_timeseries,61,"{""project_key"":""FreedomIntelligence/OpenClaw-Medical-Skills"",""date"":""2026-03-02"",""pr_opened_count_daily"":0,""pr_merged_count_daily"":0,""pr_closed_not_merged_daily"":0,""pr_active_daily"":0,""pr_daily_avg_lead_time_hours"":null,""pr_daily_median_lead_time_hours"":null,""pr_daily_avg_review_latency_hours"":null,""lead_time_sample_size"":0}"
src_205D_timeseries,62,"{""project_key"":""FreedomIntelligence/OpenClaw-Medical-Skills"",""date"":""2026-03-03"",""pr_opened_count_daily"":0,""pr_merged_count_daily"":0,""pr_closed_not_merged_daily"":0,""pr_active_daily"":0,""pr_daily_avg_lead_time_hours"":null,""pr_daily_median_lead_time_hours"":null,""pr_daily_avg_review_latency_hours"":null,""lead_time_sample_size"":0}"
src_205D_timeseries,63,"{""project_key"":""FreedomIntelligence/OpenClaw-Medical-Skills"",""date"":""2026-03-04"",""pr_opened_count_daily"":0,""pr_merged_count_daily"":0,""pr_closed_not_merged_daily"":0,""pr_active_daily"":0,""pr_daily_avg_lead_time_hours"":null,""pr_daily_median_lead_time_hours"":null,""pr_daily_avg_review_latency_hours"":null,""lead_time_sample_size"":0}"
src_205D_timeseries,64,"{""project_key"":""FreedomIntelligence/OpenClaw-Medical-Skills"",""date"":""2026-03-05"",""pr_opened_count_daily"":0,""pr_merged_count_daily"":0,""pr_closed_not_merged_daily"":0,""pr_active_daily"":0,""pr_daily_avg_lead_time_hours"":null,""pr_daily_median_lead_time_hours"":null,""pr_daily_avg_review_latency_hours"":null,""lead_time_sample_size"":0}"
src_205D_timeseries,65,"{""project_key"":""FreedomIntelligence/OpenClaw-Medical-Skills"",""date"":""2026-03-06"",""pr_opened_count_daily"":0,""pr_merged_count_daily"":0,""pr_closed_not_merged_daily"":0,""pr_active_daily"":0,""pr_daily_avg_lead_time_hours"":null,""pr_daily_median_lead_time_hours"":null,""pr_daily_avg_review_latency_hours"":null,""lead_time_sample_size"":0}"
src_205D_timeseries,66,"{""project_key"":""FreedomIntelligence/OpenClaw-Medical-Skills"",""date"":""2026-03-07"",""pr_opened_count_daily"":0,""pr_merged_count_daily"":0,""pr_closed_not_merged_daily"":0,""pr_active_daily"":0,""pr_daily_avg_lead_time_hours"":null,""pr_daily_median_lead_time_hours"":null,""pr_daily_avg_review_latency_hours"":null,""lead_time_sample_size"":0}"
src_205D_timeseries,67,"{""project_key"":""FreedomIntelligence/OpenClaw-Medical-Skills"",""date"":""2026-03-08"",""pr_opened_count_daily"":0,""pr_merged_count_daily"":0,""pr_closed_not_merged_daily"":0,""pr_active_daily"":0,""pr_daily_avg_lead_time_hours"":null,""pr_daily_median_lead_time_hours"":null,""pr_daily_avg_review_latency_hours"":null,""lead_time_sample_size"":0}"
src_205D_timeseries,68,"{""project_key"":""FreedomIntelligence/OpenClaw-Medical-Skills"",""date"":""2026-03-09"",""pr_opened_count_daily"":0,""pr_merged_count_daily"":0,""pr_closed_not_merged_daily"":0,""pr_active_daily"":0,""pr_daily_avg_lead_time_hours"":null,""pr_daily_median_lead_time_hours"":null,""pr_daily_avg_review_latency_hours"":null,""lead_time_sample_size"":0}"
src_205D_timeseries,69,"{""project_key"":""FreedomIntelligence/OpenClaw-Medical-Skills"",""date"":""2026-03-10"",""pr_opened_count_daily"":6,""pr_merged_count_daily"":5,""pr_closed_not_merged_daily"":1,""pr_active_daily"":0,""pr_daily_avg_lead_time_hours"":0.1951,""pr_daily_median_lead_time_hours"":0.0631,""pr_daily_avg_review_latency_hours"":null,""lead_time_sample_size"":5}"
src_205D_timeseries,70,"{""project_key"":""FreedomIntelligence/OpenClaw-Medical-Skills"",""date"":""2026-03-11"",""pr_opened_count_daily"":1,""pr_merged_count_daily"":1,""pr_closed_not_merged_daily"":0,""pr_active_daily"":0,""pr_daily_avg_lead_time_hours"":0.0956,""pr_daily_median_lead_time_hours"":0.0956,""pr_daily_avg_review_latency_hours"":null,""lead_time_sample_size"":1}"
src_205D_timeseries,71,"{""project_key"":""FreedomIntelligence/OpenClaw-Medical-Skills"",""date"":""2026-03-12"",""pr_opened_count_daily"":0,""pr_merged_count_daily"":0,""pr_closed_not_merged_daily"":0,""pr_active_daily"":0,""pr_daily_avg_lead_time_hours"":null,""pr_daily_median_lead_time_hours"":null,""pr_daily_avg_review_latency_hours"":null,""lead_time_sample_size"":0}"
src_205D_timeseries,72,"{""project_key"":""FreedomIntelligence/OpenClaw-Medical-Skills"",""date"":""2026-03-13"",""pr_opened_count_daily"":0,""pr_merged_count_daily"":0,""pr_closed_not_merged_daily"":0,""pr_active_daily"":0,""pr_daily_avg_lead_time_hours"":null,""pr_daily_median_lead_time_hours"":null,""pr_daily_avg_review_latency_hours"":null,""lead_time_sample_size"":0}"
src_205D_timeseries,73,"{""project_key"":""FreedomIntelligence/OpenClaw-Medical-Skills"",""date"":""2026-03-14"",""pr_opened_count_daily"":1,""pr_merged_count_daily"":0,""pr_closed_not_merged_daily"":0,""pr_active_daily"":1,""pr_daily_avg_lead_time_hours"":null,""pr_daily_median_lead_time_hours"":null,""pr_daily_avg_review_latency_hours"":null,""lead_time_sample_size"":0}"
src_205D_timeseries,74,"{""project_key"":""FreedomIntelligence/OpenClaw-Medical-Skills"",""date"":""2026-03-15"",""pr_opened_count_daily"":0,""pr_merged_count_daily"":1,""pr_closed_not_merged_daily"":0,""pr_active_daily"":0,""pr_daily_avg_lead_time_hours"":13.7919,""pr_daily_median_lead_time_hours"":13.7919,""pr_daily_avg_review_latency_hours"":null,""lead_time_sample_size"":1}"
src_205D_timeseries,75,"{""project_key"":""FreedomIntelligence/OpenClaw-Medical-Skills"",""date"":""2026-03-16"",""pr_opened_count_daily"":0,""pr_merged_count_daily"":0,""pr_closed_not_merged_daily"":0,""pr_active_daily"":0,""pr_daily_avg_lead_time_hours"":null,""pr_daily_median_lead_time_hours"":null,""pr_daily_avg_review_latency_hours"":null,""lead_time_sample_size"":0}"
src_205D_timeseries,76,"{""project_key"":""FreedomIntelligence/OpenClaw-Medical-Skills"",""date"":""2026-03-17"",""pr_opened_count_daily"":0,""pr_merged_count_daily"":0,""pr_closed_not_merged_daily"":0,""pr_active_daily"":0,""pr_daily_avg_lead_time_hours"":null,""pr_daily_median_lead_time_hours"":null,""pr_daily_avg_review_latency_hours"":null,""lead_time_sample_size"":0}"
src_205D_timeseries,77,"{""project_key"":""FreedomIntelligence/OpenClaw-Medical-Skills"",""date"":""2026-03-18"",""pr_opened_count_daily"":0,""pr_merged_count_daily"":0,""pr_closed_not_merged_daily"":0,""pr_active_daily"":0,""pr_daily_avg_lead_time_hours"":null,""pr_daily_median_lead_time_hours"":null,""pr_daily_avg_review_latency_hours"":null,""lead_time_sample_size"":0}"
src_205D_timeseries,78,"{""project_key"":""FreedomIntelligence/OpenClaw-Medical-Skills"",""date"":""2026-03-19"",""pr_opened_count_daily"":0,""pr_merged_count_daily"":0,""pr_closed_not_merged_daily"":0,""pr_active_daily"":0,""pr_daily_avg_lead_time_hours"":null,""pr_daily_median_lead_time_hours"":null,""pr_daily_avg_review_latency_hours"":null,""lead_time_sample_size"":0}"
src_205D_timeseries,79,"{""project_key"":""FreedomIntelligence/OpenClaw-Medical-Skills"",""date"":""2026-03-20"",""pr_opened_count_daily"":1,""pr_merged_count_daily"":0,""pr_closed_not_merged_daily"":0,""pr_active_daily"":1,""pr_daily_avg_lead_time_hours"":null,""pr_daily_median_lead_time_hours"":null,""pr_daily_avg_review_latency_hours"":null,""lead_time_sample_size"":0}"
src_205D_timeseries,80,"{""project_key"":""FreedomIntelligence/OpenClaw-Medical-Skills"",""date"":""2026-03-21"",""pr_opened_count_daily"":1,""pr_merged_count_daily"":1,""pr_closed_not_merged_daily"":0,""pr_active_daily"":1,""pr_daily_avg_lead_time_hours"":17.1267,""pr_daily_median_lead_time_hours"":17.1267,""pr_daily_avg_review_latency_hours"":null,""lead_time_sample_size"":1}"
src_205D_timeseries,81,"{""project_key"":""FreedomIntelligence/OpenClaw-Medical-Skills"",""date"":""2026-03-22"",""pr_opened_count_daily"":0,""pr_merged_count_daily"":0,""pr_closed_not_merged_daily"":1,""pr_active_daily"":0,""pr_daily_avg_lead_time_hours"":null,""pr_daily_median_lead_time_hours"":null,""pr_daily_avg_review_latency_hours"":null,""lead_time_sample_size"":0}"
src_205D_timeseries,82,"{""project_key"":""FreedomIntelligence/OpenClaw-Medical-Skills"",""date"":""2026-03-23"",""pr_opened_count_daily"":0,""pr_merged_count_daily"":0,""pr_closed_not_merged_daily"":0,""pr_active_daily"":0,""pr_daily_avg_lead_time_hours"":null,""pr_daily_median_lead_time_hours"":null,""pr_daily_avg_review_latency_hours"":null,""lead_time_sample_size"":0}"
src_205D_timeseries,83,"{""project_key"":""FreedomIntelligence/OpenClaw-Medical-Skills"",""date"":""2026-03-24"",""pr_opened_count_daily"":0,""pr_merged_count_daily"":0,""pr_closed_not_merged_daily"":0,""pr_active_daily"":0,""pr_daily_avg_lead_time_hours"":null,""pr_daily_median_lead_time_hours"":null,""pr_daily_avg_review_latency_hours"":null,""lead_time_sample_size"":0}"
src_205D_timeseries,84,"{""project_key"":""FreedomIntelligence/OpenClaw-Medical-Skills"",""date"":""2026-03-25"",""pr_opened_count_daily"":1,""pr_merged_count_daily"":0,""pr_closed_not_merged_daily"":0,""pr_active_daily"":1,""pr_daily_avg_lead_time_hours"":null,""pr_daily_median_lead_time_hours"":null,""pr_daily_avg_review_latency_hours"":null,""lead_time_sample_size"":0}"
src_205D_timeseries,85,"{""project_key"":""FreedomIntelligence/OpenClaw-Medical-Skills"",""date"":""2026-03-26"",""pr_opened_count_daily"":1,""pr_merged_count_daily"":1,""pr_closed_not_merged_daily"":0,""pr_active_daily"":1,""pr_daily_avg_lead_time_hours"":12.3867,""pr_daily_median_lead_time_hours"":12.3867,""pr_daily_avg_review_latency_hours"":null,""lead_time_sample_size"":1}"
src_205D_timeseries,86,"{""project_key"":""FreedomIntelligence/OpenClaw-Medical-Skills"",""date"":""2026-03-27"",""pr_opened_count_daily"":0,""pr_merged_count_daily"":1,""pr_closed_not_merged_daily"":0,""pr_active_daily"":0,""pr_daily_avg_lead_time_hours"":15.59,""pr_daily_median_lead_time_hours"":15.59,""pr_daily_avg_review_latency_hours"":null,""lead_time_sample_size"":1}"
src_205D_timeseries,87,"{""project_key"":""FreedomIntelligence/OpenClaw-Medical-Skills"",""date"":""2026-03-28"",""pr_opened_count_daily"":0,""pr_merged_count_daily"":0,""pr_closed_not_merged_daily"":0,""pr_active_daily"":0,""pr_daily_avg_lead_time_hours"":null,""pr_daily_median_lead_time_hours"":null,""pr_daily_avg_review_latency_hours"":null,""lead_time_sample_size"":0}"
src_205D_timeseries,88,"{""project_key"":""FreedomIntelligence/OpenClaw-Medical-Skills"",""date"":""2026-03-29"",""pr_opened_count_daily"":0,""pr_merged_count_daily"":0,""pr_closed_not_merged_daily"":0,""pr_active_daily"":0,""pr_daily_avg_lead_time_hours"":null,""pr_daily_median_lead_time_hours"":null,""pr_daily_avg_review_latency_hours"":null,""lead_time_sample_size"":0}"
src_205D_timeseries,89,"{""project_key"":""FreedomIntelligence/OpenClaw-Medical-Skills"",""date"":""2026-03-30"",""pr_opened_count_daily"":0,""pr_merged_count_daily"":0,""pr_closed_not_merged_daily"":0,""pr_active_daily"":0,""pr_daily_avg_lead_time_hours"":null,""pr_daily_median_lead_time_hours"":null,""pr_daily_avg_review_latency_hours"":null,""lead_time_sample_size"":0}"
src_205D_timeseries,90,"{""project_key"":""FreedomIntelligence/OpenClaw-Medical-Skills"",""date"":""2026-03-31"",""pr_opened_count_daily"":0,""pr_merged_count_daily"":0,""pr_closed_not_merged_daily"":0,""pr_active_daily"":0,""pr_daily_avg_lead_time_hours"":null,""pr_daily_median_lead_time_hours"":null,""pr_daily_avg_review_latency_hours"":null,""lead_time_sample_size"":0}"
src_205D_timeseries,91,"{""project_key"":""JefferyHcool/BiliNote"",""date"":""2026-01-01"",""pr_opened_count_daily"":0,""pr_merged_count_daily"":0,""pr_closed_not_merged_daily"":0,""pr_active_daily"":0,""pr_daily_avg_lead_time_hours"":null,""pr_daily_median_lead_time_hours"":null,""pr_daily_avg_review_latency_hours"":null,""lead_time_sample_size"":0}"
src_205D_timeseries,92,"{""project_key"":""JefferyHcool/BiliNote"",""date"":""2026-01-02"",""pr_opened_count_daily"":0,""pr_merged_count_daily"":0,""pr_closed_not_merged_daily"":0,""pr_active_daily"":0,""pr_daily_avg_lead_time_hours"":null,""pr_daily_median_lead_time_hours"":null,""pr_daily_avg_review_latency_hours"":null,""lead_time_sample_size"":0}"
src_205D_timeseries,93,"{""project_key"":""JefferyHcool/BiliNote"",""date"":""2026-01-03"",""pr_opened_count_daily"":2,""pr_merged_count_daily"":0,""pr_closed_not_merged_daily"":0,""pr_active_daily"":2,""pr_daily_avg_lead_time_hours"":null,""pr_daily_median_lead_time_hours"":null,""pr_daily_avg_review_latency_hours"":null,""lead_time_sample_size"":0}"
src_205D_timeseries,94,"{""project_key"":""JefferyHcool/BiliNote"",""date"":""2026-01-04"",""pr_opened_count_daily"":0,""pr_merged_count_daily"":0,""pr_closed_not_merged_daily"":0,""pr_active_daily"":2,""pr_daily_avg_lead_time_hours"":null,""pr_daily_median_lead_time_hours"":null,""pr_daily_avg_review_latency_hours"":null,""lead_time_sample_size"":0}"
src_205D_timeseries,95,"{""project_key"":""JefferyHcool/BiliNote"",""date"":""2026-01-05"",""pr_opened_count_daily"":0,""pr_merged_count_daily"":0,""pr_closed_not_merged_daily"":0,""pr_active_daily"":2,""pr_daily_avg_lead_time_hours"":null,""pr_daily_median_lead_time_hours"":null,""pr_daily_avg_review_latency_hours"":null,""lead_time_sample_size"":0}"
src_205D_timeseries,96,"{""project_key"":""JefferyHcool/BiliNote"",""date"":""2026-01-06"",""pr_opened_count_daily"":0,""pr_merged_count_daily"":0,""pr_closed_not_merged_daily"":0,""pr_active_daily"":2,""pr_daily_avg_lead_time_hours"":null,""pr_daily_median_lead_time_hours"":null,""pr_daily_avg_review_latency_hours"":null,""lead_time_sample_size"":0}"
src_205D_timeseries,97,"{""project_key"":""JefferyHcool/BiliNote"",""date"":""2026-01-07"",""pr_opened_count_daily"":0,""pr_merged_count_daily"":0,""pr_closed_not_merged_daily"":0,""pr_active_daily"":2,""pr_daily_avg_lead_time_hours"":null,""pr_daily_median_lead_time_hours"":null,""pr_daily_avg_review_latency_hours"":null,""lead_time_sample_size"":0}"
src_205D_timeseries,98,"{""project_key"":""JefferyHcool/BiliNote"",""date"":""2026-01-08"",""pr_opened_count_daily"":0,""pr_merged_count_daily"":0,""pr_closed_not_merged_daily"":0,""pr_active_daily"":2,""pr_daily_avg_lead_time_hours"":null,""pr_daily_median_lead_time_hours"":null,""pr_daily_avg_review_latency_hours"":null,""lead_time_sample_size"":0}"
src_205D_timeseries,99,"{""project_key"":""JefferyHcool/BiliNote"",""date"":""2026-01-09"",""pr_opened_count_daily"":0,""pr_merged_count_daily"":0,""pr_closed_not_merged_daily"":0,""pr_active_daily"":2,""pr_daily_avg_lead_time_hours"":null,""pr_daily_median_lead_time_hours"":null,""pr_daily_avg_review_latency_hours"":null,""lead_time_sample_size"":0}"
src_205D_timeseries,100,"{""project_key"":""JefferyHcool/BiliNote"",""date"":""2026-01-10"",""pr_opened_count_daily"":0,""pr_merged_count_daily"":0,""pr_closed_not_merged_daily"":0,""pr_active_daily"":2,""pr_daily_avg_lead_time_hours"":null,""pr_daily_median_lead_time_hours"":null,""pr_daily_avg_review_latency_hours"":null,""lead_time_sample_size"":0}"
src_205D_timeseries,101,"{""project_key"":""JefferyHcool/BiliNote"",""date"":""2026-01-11"",""pr_opened_count_daily"":0,""pr_merged_count_daily"":0,""pr_closed_not_merged_daily"":0,""pr_active_daily"":2,""pr_daily_avg_lead_time_hours"":null,""pr_daily_median_lead_time_hours"":null,""pr_daily_avg_review_latency_hours"":null,""lead_time_sample_size"":0}"
src_205D_timeseries,102,"{""project_key"":""JefferyHcool/BiliNote"",""date"":""2026-01-12"",""pr_opened_count_daily"":0,""pr_merged_count_daily"":0,""pr_closed_not_merged_daily"":0,""pr_active_daily"":2,""pr_daily_avg_lead_time_hours"":null,""pr_daily_median_lead_time_hours"":null,""pr_daily_avg_review_latency_hours"":null,""lead_time_sample_size"":0}"
src_205D_timeseries,103,"{""project_key"":""JefferyHcool/BiliNote"",""date"":""2026-01-13"",""pr_opened_count_daily"":0,""pr_merged_count_daily"":0,""pr_closed_not_merged_daily"":0,""pr_active_daily"":2,""pr_daily_avg_lead_time_hours"":null,""pr_daily_median_lead_time_hours"":null,""pr_daily_avg_review_latency_hours"":null,""lead_time_sample_size"":0}"
src_205D_timeseries,104,"{""project_key"":""JefferyHcool/BiliNote"",""date"":""2026-01-14"",""pr_opened_count_daily"":0,""pr_merged_count_daily"":0,""pr_closed_not_merged_daily"":0,""pr_active_daily"":2,""pr_daily_avg_lead_time_hours"":null,""pr_daily_median_lead_time_hours"":null,""pr_daily_avg_review_latency_hours"":null,""lead_time_sample_size"":0}"
src_205D_timeseries,105,"{""project_key"":""JefferyHcool/BiliNote"",""date"":""2026-01-15"",""pr_opened_count_daily"":0,""pr_merged_count_daily"":0,""pr_closed_not_merged_daily"":0,""pr_active_daily"":2,""pr_daily_avg_lead_time_hours"":null,""pr_daily_median_lead_time_hours"":null,""pr_daily_avg_review_latency_hours"":null,""lead_time_sample_size"":0}"
src_205D_timeseries,106,"{""project_key"":""JefferyHcool/BiliNote"",""date"":""2026-01-16"",""pr_opened_count_daily"":0,""pr_merged_count_daily"":0,""pr_closed_not_merged_daily"":0,""pr_active_daily"":2,""pr_daily_avg_lead_time_hours"":null,""pr_daily_median_lead_time_hours"":null,""pr_daily_avg_review_latency_hours"":null,""lead_time_sample_size"":0}"
src_205D_timeseries,107,"{""project_key"":""JefferyHcool/BiliNote"",""date"":""2026-01-17"",""pr_opened_count_daily"":0,""pr_merged_count_daily"":0,""pr_closed_not_merged_daily"":0,""pr_active_daily"":2,""pr_daily_avg_lead_time_hours"":null,""pr_daily_median_lead_time_hours"":null,""pr_daily_avg_review_latency_hours"":null,""lead_time_sample_size"":0}"
src_205D_timeseries,108,"{""project_key"":""JefferyHcool/BiliNote"",""date"":""2026-01-18"",""pr_opened_count_daily"":0,""pr_merged_count_daily"":0,""pr_closed_not_merged_daily"":0,""pr_active_daily"":2,""pr_daily_avg_lead_time_hours"":null,""pr_daily_median_lead_time_hours"":null,""pr_daily_avg_review_latency_hours"":null,""lead_time_sample_size"":0}"
src_205D_timeseries,109,"{""project_key"":""JefferyHcool/BiliNote"",""date"":""2026-01-19"",""pr_opened_count_daily"":0,""pr_merged_count_daily"":0,""pr_closed_not_merged_daily"":0,""pr_active_daily"":2,""pr_daily_avg_lead_time_hours"":null,""pr_daily_median_lead_time_hours"":null,""pr_daily_avg_review_latency_hours"":null,""lead_time_sample_size"":0}"
src_205D_timeseries,110,"{""project_key"":""JefferyHcool/BiliNote"",""date"":""2026-01-20"",""pr_opened_count_daily"":0,""pr_merged_count_daily"":0,""pr_closed_not_merged_daily"":0,""pr_active_daily"":2,""pr_daily_avg_lead_time_hours"":null,""pr_daily_median_lead_time_hours"":null,""pr_daily_avg_review_latency_hours"":null,""lead_time_sample_size"":0}"
src_205D_timeseries,111,"{""project_key"":""JefferyHcool/BiliNote"",""date"":""2026-01-21"",""pr_opened_count_daily"":0,""pr_merged_count_daily"":0,""pr_closed_not_merged_daily"":0,""pr_active_daily"":2,""pr_daily_avg_lead_time_hours"":null,""pr_daily_median_lead_time_hours"":null,""pr_daily_avg_review_latency_hours"":null,""lead_time_sample_size"":0}"
src_205D_timeseries,112,"{""project_key"":""JefferyHcool/BiliNote"",""date"":""2026-01-22"",""pr_opened_count_daily"":0,""pr_merged_count_daily"":0,""pr_closed_not_merged_daily"":0,""pr_active_daily"":2,""pr_daily_avg_lead_time_hours"":null,""pr_daily_median_lead_time_hours"":null,""pr_daily_avg_review_latency_hours"":null,""lead_time_sample_size"":0}"
src_205D_timeseries,113,"{""project_key"":""JefferyHcool/BiliNote"",""date"":""2026-01-23"",""pr_opened_count_daily"":0,""pr_merged_count_daily"":0,""pr_closed_not_merged_daily"":0,""pr_active_daily"":2,""pr_daily_avg_lead_time_hours"":null,""pr_daily_median_lead_time_hours"":null,""pr_daily_avg_review_latency_hours"":null,""lead_time_sample_size"":0}"
src_205D_timeseries,114,"{""project_key"":""JefferyHcool/BiliNote"",""date"":""2026-01-24"",""pr_opened_count_daily"":1,""pr_merged_count_daily"":0,""pr_closed_not_merged_daily"":0,""pr_active_daily"":3,""pr_daily_avg_lead_time_hours"":null,""pr_daily_median_lead_time_hours"":null,""pr_daily_avg_review_latency_hours"":null,""lead_time_sample_size"":0}"
src_205D_timeseries,115,"{""project_key"":""JefferyHcool/BiliNote"",""date"":""2026-01-25"",""pr_opened_count_daily"":0,""pr_merged_count_daily"":0,""pr_closed_not_merged_daily"":0,""pr_active_daily"":3,""pr_daily_avg_lead_time_hours"":null,""pr_daily_median_lead_time_hours"":null,""pr_daily_avg_review_latency_hours"":null,""lead_time_sample_size"":0}"
src_205D_timeseries,116,"{""project_key"":""JefferyHcool/BiliNote"",""date"":""2026-01-26"",""pr_opened_count_daily"":0,""pr_merged_count_daily"":0,""pr_closed_not_merged_daily"":0,""pr_active_daily"":3,""pr_daily_avg_lead_time_hours"":null,""pr_daily_median_lead_time_hours"":null,""pr_daily_avg_review_latency_hours"":null,""lead_time_sample_size"":0}"
src_205D_timeseries,117,"{""project_key"":""JefferyHcool/BiliNote"",""date"":""2026-01-27"",""pr_opened_count_daily"":1,""pr_merged_count_daily"":0,""pr_closed_not_merged_daily"":0,""pr_active_daily"":4,""pr_daily_avg_lead_time_hours"":null,""pr_daily_median_lead_time_hours"":null,""pr_daily_avg_review_latency_hours"":null,""lead_time_sample_size"":0}"
src_205D_timeseries,118,"{""project_key"":""JefferyHcool/BiliNote"",""date"":""2026-01-28"",""pr_opened_count_daily"":0,""pr_merged_count_daily"":0,""pr_closed_not_merged_daily"":0,""pr_active_daily"":4,""pr_daily_avg_lead_time_hours"":null,""pr_daily_median_lead_time_hours"":null,""pr_daily_avg_review_latency_hours"":null,""lead_time_sample_size"":0}"
src_205D_timeseries,119,"{""project_key"":""JefferyHcool/BiliNote"",""date"":""2026-01-29"",""pr_opened_count_daily"":0,""pr_merged_count_daily"":0,""pr_closed_not_merged_daily"":0,""pr_active_daily"":4,""pr_daily_avg_lead_time_hours"":null,""pr_daily_median_lead_time_hours"":null,""pr_daily_avg_review_latency_hours"":null,""lead_time_sample_size"":0}"
src_205D_timeseries,120,"{""project_key"":""JefferyHcool/BiliNote"",""date"":""2026-01-30"",""pr_opened_count_daily"":0,""pr_merged_count_daily"":0,""pr_closed_not_merged_daily"":0,""pr_active_daily"":4,""pr_daily_avg_lead_time_hours"":null,""pr_daily_median_lead_time_hours"":null,""pr_daily_avg_review_latency_hours"":null,""lead_time_sample_size"":0}"
src_205D_timeseries,121,"{""project_key"":""JefferyHcool/BiliNote"",""date"":""2026-01-31"",""pr_opened_count_daily"":0,""pr_merged_count_daily"":0,""pr_closed_not_merged_daily"":0,""pr_active_daily"":4,""pr_daily_avg_lead_time_hours"":null,""pr_daily_median_lead_time_hours"":null,""pr_daily_avg_review_latency_hours"":null,""lead_time_sample_size"":0}"
src_205D_timeseries,122,"{""project_key"":""JefferyHcool/BiliNote"",""date"":""2026-02-01"",""pr_opened_count_daily"":0,""pr_merged_count_daily"":0,""pr_closed_not_merged_daily"":0,""pr_active_daily"":4,""pr_daily_avg_lead_time_hours"":null,""pr_daily_median_lead_time_hours"":null,""pr_daily_avg_review_latency_hours"":null,""lead_time_sample_size"":0}"
src_205D_timeseries,123,"{""project_key"":""JefferyHcool/BiliNote"",""date"":""2026-02-02"",""pr_opened_count_daily"":0,""pr_merged_count_daily"":0,""pr_closed_not_merged_daily"":0,""pr_active_daily"":4,""pr_daily_avg_lead_time_hours"":null,""pr_daily_median_lead_time_hours"":null,""pr_daily_avg_review_latency_hours"":null,""lead_time_sample_size"":0}"
src_205D_timeseries,124,"{""project_key"":""JefferyHcool/BiliNote"",""date"":""2026-02-03"",""pr_opened_count_daily"":0,""pr_merged_count_daily"":0,""pr_closed_not_merged_daily"":0,""pr_active_daily"":4,""pr_daily_avg_lead_time_hours"":null,""pr_daily_median_lead_time_hours"":null,""pr_daily_avg_review_latency_hours"":null,""lead_time_sample_size"":0}"
src_205D_timeseries,125,"{""project_key"":""JefferyHcool/BiliNote"",""date"":""2026-02-04"",""pr_opened_count_daily"":0,""pr_merged_count_daily"":0,""pr_closed_not_merged_daily"":0,""pr_active_daily"":4,""pr_daily_avg_lead_time_hours"":null,""pr_daily_median_lead_time_hours"":null,""pr_daily_avg_review_latency_hours"":null,""lead_time_sample_size"":0}"
src_205D_timeseries,126,"{""project_key"":""JefferyHcool/BiliNote"",""date"":""2026-02-05"",""pr_opened_count_daily"":2,""pr_merged_count_daily"":3,""pr_closed_not_merged_daily"":0,""pr_active_daily"":3,""pr_daily_avg_lead_time_hours"":360.0537,""pr_daily_median_lead_time_hours"":286.8611,""pr_daily_avg_review_latency_hours"":null,""lead_time_sample_size"":3}"
src_205D_timeseries,127,"{""project_key"":""JefferyHcool/BiliNote"",""date"":""2026-02-06"",""pr_opened_count_daily"":2,""pr_merged_count_daily"":0,""pr_closed_not_merged_daily"":0,""pr_active_daily"":5,""pr_daily_avg_lead_time_hours"":null,""pr_daily_median_lead_time_hours"":null,""pr_daily_avg_review_latency_hours"":null,""lead_time_sample_size"":0}"
src_205D_timeseries,128,"{""project_key"":""JefferyHcool/BiliNote"",""date"":""2026-02-07"",""pr_opened_count_daily"":0,""pr_merged_count_daily"":0,""pr_closed_not_merged_daily"":0,""pr_active_daily"":5,""pr_daily_avg_lead_time_hours"":null,""pr_daily_median_lead_time_hours"":null,""pr_daily_avg_review_latency_hours"":null,""lead_time_sample_size"":0}"
src_205D_timeseries,129,"{""project_key"":""JefferyHcool/BiliNote"",""date"":""2026-02-08"",""pr_opened_count_daily"":0,""pr_merged_count_daily"":0,""pr_closed_not_merged_daily"":0,""pr_active_daily"":5,""pr_daily_avg_lead_time_hours"":null,""pr_daily_median_lead_time_hours"":null,""pr_daily_avg_review_latency_hours"":null,""lead_time_sample_size"":0}"
src_205D_timeseries,130,"{""project_key"":""JefferyHcool/BiliNote"",""date"":""2026-02-09"",""pr_opened_count_daily"":0,""pr_merged_count_daily"":0,""pr_closed_not_merged_daily"":0,""pr_active_daily"":5,""pr_daily_avg_lead_time_hours"":null,""pr_daily_median_lead_time_hours"":null,""pr_daily_avg_review_latency_hours"":null,""lead_time_sample_size"":0}"
src_205D_timeseries,131,"{""project_key"":""JefferyHcool/BiliNote"",""date"":""2026-02-10"",""pr_opened_count_daily"":0,""pr_merged_count_daily"":0,""pr_closed_not_merged_daily"":0,""pr_active_daily"":5,""pr_daily_avg_lead_time_hours"":null,""pr_daily_median_lead_time_hours"":null,""pr_daily_avg_review_latency_hours"":null,""lead_time_sample_size"":0}"
src_205D_timeseries,132,"{""project_key"":""JefferyHcool/BiliNote"",""date"":""2026-02-11"",""pr_opened_count_daily"":0,""pr_merged_count_daily"":0,""pr_closed_not_merged_daily"":0,""pr_active_daily"":5,""pr_daily_avg_lead_time_hours"":null,""pr_daily_median_lead_time_hours"":null,""pr_daily_avg_review_latency_hours"":null,""lead_time_sample_size"":0}"
src_205D_timeseries,133,"{""project_key"":""JefferyHcool/BiliNote"",""date"":""2026-02-12"",""pr_opened_count_daily"":1,""pr_merged_count_daily"":0,""pr_closed_not_merged_daily"":0,""pr_active_daily"":6,""pr_daily_avg_lead_time_hours"":null,""pr_daily_median_lead_time_hours"":null,""pr_daily_avg_review_latency_hours"":null,""lead_time_sample_size"":0}"
src_205D_timeseries,134,"{""project_key"":""JefferyHcool/BiliNote"",""date"":""2026-02-13"",""pr_opened_count_daily"":0,""pr_merged_count_daily"":0,""pr_closed_not_merged_daily"":0,""pr_active_daily"":6,""pr_daily_avg_lead_time_hours"":null,""pr_daily_median_lead_time_hours"":null,""pr_daily_avg_review_latency_hours"":null,""lead_time_sample_size"":0}"
src_205D_timeseries,135,"{""project_key"":""JefferyHcool/BiliNote"",""date"":""2026-02-14"",""pr_opened_count_daily"":0,""pr_merged_count_daily"":0,""pr_closed_not_merged_daily"":0,""pr_active_daily"":6,""pr_daily_avg_lead_time_hours"":null,""pr_daily_median_lead_time_hours"":null,""pr_daily_avg_review_latency_hours"":null,""lead_time_sample_size"":0}"
src_205D_timeseries,136,"{""project_key"":""JefferyHcool/BiliNote"",""date"":""2026-02-15"",""pr_opened_count_daily"":0,""pr_merged_count_daily"":0,""pr_closed_not_merged_daily"":0,""pr_active_daily"":6,""pr_daily_avg_lead_time_hours"":null,""pr_daily_median_lead_time_hours"":null,""pr_daily_avg_review_latency_hours"":null,""lead_time_sample_size"":0}"
src_205D_timeseries,137,"{""project_key"":""JefferyHcool/BiliNote"",""date"":""2026-02-16"",""pr_opened_count_daily"":0,""pr_merged_count_daily"":0,""pr_closed_not_merged_daily"":0,""pr_active_daily"":6,""pr_daily_avg_lead_time_hours"":null,""pr_daily_median_lead_time_hours"":null,""pr_daily_avg_review_latency_hours"":null,""lead_time_sample_size"":0}"
src_205D_timeseries,138,"{""project_key"":""JefferyHcool/BiliNote"",""date"":""2026-02-17"",""pr_opened_count_daily"":0,""pr_merged_count_daily"":0,""pr_closed_not_merged_daily"":0,""pr_active_daily"":6,""pr_daily_avg_lead_time_hours"":null,""pr_daily_median_lead_time_hours"":null,""pr_daily_avg_review_latency_hours"":null,""lead_time_sample_size"":0}"
src_205D_timeseries,139,"{""project_key"":""JefferyHcool/BiliNote"",""date"":""2026-02-18"",""pr_opened_count_daily"":0,""pr_merged_count_daily"":0,""pr_closed_not_merged_daily"":0,""pr_active_daily"":6,""pr_daily_avg_lead_time_hours"":null,""pr_daily_median_lead_time_hours"":null,""pr_daily_avg_review_latency_hours"":null,""lead_time_sample_size"":0}"
src_205D_timeseries,140,"{""project_key"":""JefferyHcool/BiliNote"",""date"":""2026-02-19"",""pr_opened_count_daily"":0,""pr_merged_count_daily"":0,""pr_closed_not_merged_daily"":0,""pr_active_daily"":6,""pr_daily_avg_lead_time_hours"":null,""pr_daily_median_lead_time_hours"":null,""pr_daily_avg_review_latency_hours"":null,""lead_time_sample_size"":0}"
src_205D_timeseries,141,"{""project_key"":""JefferyHcool/BiliNote"",""date"":""2026-02-20"",""pr_opened_count_daily"":0,""pr_merged_count_daily"":0,""pr_closed_not_merged_daily"":0,""pr_active_daily"":6,""pr_daily_avg_lead_time_hours"":null,""pr_daily_median_lead_time_hours"":null,""pr_daily_avg_review_latency_hours"":null,""lead_time_sample_size"":0}"
src_205D_timeseries,142,"{""project_key"":""JefferyHcool/BiliNote"",""date"":""2026-02-21"",""pr_opened_count_daily"":0,""pr_merged_count_daily"":0,""pr_closed_not_merged_daily"":0,""pr_active_daily"":6,""pr_daily_avg_lead_time_hours"":null,""pr_daily_median_lead_time_hours"":null,""pr_daily_avg_review_latency_hours"":null,""lead_time_sample_size"":0}"
src_205D_timeseries,143,"{""project_key"":""JefferyHcool/BiliNote"",""date"":""2026-02-22"",""pr_opened_count_daily"":0,""pr_merged_count_daily"":0,""pr_closed_not_merged_daily"":0,""pr_active_daily"":6,""pr_daily_avg_lead_time_hours"":null,""pr_daily_median_lead_time_hours"":null,""pr_daily_avg_review_latency_hours"":null,""lead_time_sample_size"":0}"
src_205D_timeseries,144,"{""project_key"":""JefferyHcool/BiliNote"",""date"":""2026-02-23"",""pr_opened_count_daily"":0,""pr_merged_count_daily"":0,""pr_closed_not_merged_daily"":0,""pr_active_daily"":6,""pr_daily_avg_lead_time_hours"":null,""pr_daily_median_lead_time_hours"":null,""pr_daily_avg_review_latency_hours"":null,""lead_time_sample_size"":0}"
src_205D_timeseries,145,"{""project_key"":""JefferyHcool/BiliNote"",""date"":""2026-02-24"",""pr_opened_count_daily"":0,""pr_merged_count_daily"":0,""pr_closed_not_merged_daily"":0,""pr_active_daily"":6,""pr_daily_avg_lead_time_hours"":null,""pr_daily_median_lead_time_hours"":null,""pr_daily_avg_review_latency_hours"":null,""lead_time_sample_size"":0}"
src_205D_timeseries,146,"{""project_key"":""JefferyHcool/BiliNote"",""date"":""2026-02-25"",""pr_opened_count_daily"":1,""pr_merged_count_daily"":0,""pr_closed_not_merged_daily"":0,""pr_active_daily"":7,""pr_daily_avg_lead_time_hours"":null,""pr_daily_median_lead_time_hours"":null,""pr_daily_avg_review_latency_hours"":null,""lead_time_sample_size"":0}"
src_205D_timeseries,147,"{""project_key"":""JefferyHcool/BiliNote"",""date"":""2026-02-26"",""pr_opened_count_daily"":0,""pr_merged_count_daily"":0,""pr_closed_not_merged_daily"":0,""pr_active_daily"":7,""pr_daily_avg_lead_time_hours"":null,""pr_daily_median_lead_time_hours"":null,""pr_daily_avg_review_latency_hours"":null,""lead_time_sample_size"":0}"
src_205D_timeseries,148,"{""project_key"":""JefferyHcool/BiliNote"",""date"":""2026-02-27"",""pr_opened_count_daily"":0,""pr_merged_count_daily"":0,""pr_closed_not_merged_daily"":0,""pr_active_daily"":7,""pr_daily_avg_lead_time_hours"":null,""pr_daily_median_lead_time_hours"":null,""pr_daily_avg_review_latency_hours"":null,""lead_time_sample_size"":0}"
src_205D_timeseries,149,"{""project_key"":""JefferyHcool/BiliNote"",""date"":""2026-02-28"",""pr_opened_count_daily"":0,""pr_merged_count_daily"":0,""pr_closed_not_merged_daily"":0,""pr_active_daily"":7,""pr_daily_avg_lead_time_hours"":null,""pr_daily_median_lead_time_hours"":null,""pr_daily_avg_review_latency_hours"":null,""lead_time_sample_size"":0}"
src_205D_timeseries,150,"{""project_key"":""JefferyHcool/BiliNote"",""date"":""2026-03-01"",""pr_opened_count_daily"":0,""pr_merged_count_daily"":0,""pr_closed_not_merged_daily"":0,""pr_active_daily"":7,""pr_daily_avg_lead_time_hours"":null,""pr_daily_median_lead_time_hours"":null,""pr_daily_avg_review_latency_hours"":null,""lead_time_sample_size"":0}"
src_205D_timeseries,151,"{""project_key"":""JefferyHcool/BiliNote"",""date"":""2026-03-02"",""pr_opened_count_daily"":0,""pr_merged_count_daily"":0,""pr_closed_not_merged_daily"":0,""pr_active_daily"":7,""pr_daily_avg_lead_time_hours"":null,""pr_daily_median_lead_time_hours"":null,""pr_daily_avg_review_latency_hours"":null,""lead_time_sample_size"":0}"
src_205D_timeseries,152,"{""project_key"":""JefferyHcool/BiliNote"",""date"":""2026-03-03"",""pr_opened_count_daily"":0,""pr_merged_count_daily"":0,""pr_closed_not_merged_daily"":0,""pr_active_daily"":7,""pr_daily_avg_lead_time_hours"":null,""pr_daily_median_lead_time_hours"":null,""pr_daily_avg_review_latency_hours"":null,""lead_time_sample_size"":0}"
src_205D_timeseries,153,"{""project_key"":""JefferyHcool/BiliNote"",""date"":""2026-03-04"",""pr_opened_count_daily"":0,""pr_merged_count_daily"":0,""pr_closed_not_merged_daily"":0,""pr_active_daily"":7,""pr_daily_avg_lead_time_hours"":null,""pr_daily_median_lead_time_hours"":null,""pr_daily_avg_review_latency_hours"":null,""lead_time_sample_size"":0}"
src_205D_timeseries,154,"{""project_key"":""JefferyHcool/BiliNote"",""date"":""2026-03-05"",""pr_opened_count_daily"":0,""pr_merged_count_daily"":0,""pr_closed_not_merged_daily"":0,""pr_active_daily"":7,""pr_daily_avg_lead_time_hours"":null,""pr_daily_median_lead_time_hours"":null,""pr_daily_avg_review_latency_hours"":null,""lead_time_sample_size"":0}"
src_205D_timeseries,155,"{""project_key"":""JefferyHcool/BiliNote"",""date"":""2026-03-06"",""pr_opened_count_daily"":0,""pr_merged_count_daily"":0,""pr_closed_not_merged_daily"":0,""pr_active_daily"":7,""pr_daily_avg_lead_time_hours"":null,""pr_daily_median_lead_time_hours"":null,""pr_daily_avg_review_latency_hours"":null,""lead_time_sample_size"":0}"
src_205D_timeseries,156,"{""project_key"":""JefferyHcool/BiliNote"",""date"":""2026-03-07"",""pr_opened_count_daily"":0,""pr_merged_count_daily"":0,""pr_closed_not_merged_daily"":0,""pr_active_daily"":7,""pr_daily_avg_lead_time_hours"":null,""pr_daily_median_lead_time_hours"":null,""pr_daily_avg_review_latency_hours"":null,""lead_time_sample_size"":0}"
src_205D_timeseries,157,"{""project_key"":""JefferyHcool/BiliNote"",""date"":""2026-03-08"",""pr_opened_count_daily"":0,""pr_merged_count_daily"":0,""pr_closed_not_merged_daily"":0,""pr_active_daily"":7,""pr_daily_avg_lead_time_hours"":null,""pr_daily_median_lead_time_hours"":null,""pr_daily_avg_review_latency_hours"":null,""lead_time_sample_size"":0}"
src_205D_timeseries,158,"{""project_key"":""JefferyHcool/BiliNote"",""date"":""2026-03-09"",""pr_opened_count_daily"":0,""pr_merged_count_daily"":0,""pr_closed_not_merged_daily"":0,""pr_active_daily"":7,""pr_daily_avg_lead_time_hours"":null,""pr_daily_median_lead_time_hours"":null,""pr_daily_avg_review_latency_hours"":null,""lead_time_sample_size"":0}"
src_205D_timeseries,159,"{""project_key"":""JefferyHcool/BiliNote"",""date"":""2026-03-10"",""pr_opened_count_daily"":0,""pr_merged_count_daily"":0,""pr_closed_not_merged_daily"":0,""pr_active_daily"":7,""pr_daily_avg_lead_time_hours"":null,""pr_daily_median_lead_time_hours"":null,""pr_daily_avg_review_latency_hours"":null,""lead_time_sample_size"":0}"
src_205D_timeseries,160,"{""project_key"":""JefferyHcool/BiliNote"",""date"":""2026-03-11"",""pr_opened_count_daily"":0,""pr_merged_count_daily"":0,""pr_closed_not_merged_daily"":0,""pr_active_daily"":7,""pr_daily_avg_lead_time_hours"":null,""pr_daily_median_lead_time_hours"":null,""pr_daily_avg_review_latency_hours"":null,""lead_time_sample_size"":0}"
src_205D_timeseries,161,"{""project_key"":""JefferyHcool/BiliNote"",""date"":""2026-03-12"",""pr_opened_count_daily"":0,""pr_merged_count_daily"":0,""pr_closed_not_merged_daily"":0,""pr_active_daily"":7,""pr_daily_avg_lead_time_hours"":null,""pr_daily_median_lead_time_hours"":null,""pr_daily_avg_review_latency_hours"":null,""lead_time_sample_size"":0}"
src_205D_timeseries,162,"{""project_key"":""JefferyHcool/BiliNote"",""date"":""2026-03-13"",""pr_opened_count_daily"":0,""pr_merged_count_daily"":0,""pr_closed_not_merged_daily"":0,""pr_active_daily"":7,""pr_daily_avg_lead_time_hours"":null,""pr_daily_median_lead_time_hours"":null,""pr_daily_avg_review_latency_hours"":null,""lead_time_sample_size"":0}"
src_205D_timeseries,163,"{""project_key"":""JefferyHcool/BiliNote"",""date"":""2026-03-14"",""pr_opened_count_daily"":0,""pr_merged_count_daily"":0,""pr_closed_not_merged_daily"":0,""pr_active_daily"":7,""pr_daily_avg_lead_time_hours"":null,""pr_daily_median_lead_time_hours"":null,""pr_daily_avg_review_latency_hours"":null,""lead_time_sample_size"":0}"
src_205D_timeseries,164,"{""project_key"":""JefferyHcool/BiliNote"",""date"":""2026-03-15"",""pr_opened_count_daily"":0,""pr_merged_count_daily"":0,""pr_closed_not_merged_daily"":0,""pr_active_daily"":7,""pr_daily_avg_lead_time_hours"":null,""pr_daily_median_lead_time_hours"":null,""pr_daily_avg_review_latency_hours"":null,""lead_time_sample_size"":0}"
src_205D_timeseries,165,"{""project_key"":""JefferyHcool/BiliNote"",""date"":""2026-03-16"",""pr_opened_count_daily"":0,""pr_merged_count_daily"":0,""pr_closed_not_merged_daily"":0,""pr_active_daily"":7,""pr_daily_avg_lead_time_hours"":null,""pr_daily_median_lead_time_hours"":null,""pr_daily_avg_review_latency_hours"":null,""lead_time_sample_size"":0}"
src_205D_timeseries,166,"{""project_key"":""JefferyHcool/BiliNote"",""date"":""2026-03-17"",""pr_opened_count_daily"":0,""pr_merged_count_daily"":0,""pr_closed_not_merged_daily"":0,""pr_active_daily"":7,""pr_daily_avg_lead_time_hours"":null,""pr_daily_median_lead_time_hours"":null,""pr_daily_avg_review_latency_hours"":null,""lead_time_sample_size"":0}"
src_205D_timeseries,167,"{""project_key"":""JefferyHcool/BiliNote"",""date"":""2026-03-18"",""pr_opened_count_daily"":0,""pr_merged_count_daily"":0,""pr_closed_not_merged_daily"":0,""pr_active_daily"":7,""pr_daily_avg_lead_time_hours"":null,""pr_daily_median_lead_time_hours"":null,""pr_daily_avg_review_latency_hours"":null,""lead_time_sample_size"":0}"
src_205D_timeseries,168,"{""project_key"":""JefferyHcool/BiliNote"",""date"":""2026-03-19"",""pr_opened_count_daily"":0,""pr_merged_count_daily"":0,""pr_closed_not_merged_daily"":0,""pr_active_daily"":7,""pr_daily_avg_lead_time_hours"":null,""pr_daily_median_lead_time_hours"":null,""pr_daily_avg_review_latency_hours"":null,""lead_time_sample_size"":0}"
src_205D_timeseries,169,"{""project_key"":""JefferyHcool/BiliNote"",""date"":""2026-03-20"",""pr_opened_count_daily"":0,""pr_merged_count_daily"":4,""pr_closed_not_merged_daily"":0,""pr_active_daily"":3,""pr_daily_avg_lead_time_hours"":863.4606,""pr_daily_median_lead_time_hours"":935.1414,""pr_daily_avg_review_latency_hours"":null,""lead_time_sample_size"":4}"
src_205D_timeseries,170,"{""project_key"":""JefferyHcool/BiliNote"",""date"":""2026-03-21"",""pr_opened_count_daily"":1,""pr_merged_count_daily"":0,""pr_closed_not_merged_daily"":0,""pr_active_daily"":4,""pr_daily_avg_lead_time_hours"":null,""pr_daily_median_lead_time_hours"":null,""pr_daily_avg_review_latency_hours"":null,""lead_time_sample_size"":0}"
src_205D_timeseries,171,"{""project_key"":""JefferyHcool/BiliNote"",""date"":""2026-03-22"",""pr_opened_count_daily"":0,""pr_merged_count_daily"":0,""pr_closed_not_merged_daily"":0,""pr_active_daily"":4,""pr_daily_avg_lead_time_hours"":null,""pr_daily_median_lead_time_hours"":null,""pr_daily_avg_review_latency_hours"":null,""lead_time_sample_size"":0}"
src_205D_timeseries,172,"{""project_key"":""JefferyHcool/BiliNote"",""date"":""2026-03-23"",""pr_opened_count_daily"":14,""pr_merged_count_daily"":14,""pr_closed_not_merged_daily"":1,""pr_active_daily"":3,""pr_daily_avg_lead_time_hours"":0.0029,""pr_daily_median_lead_time_hours"":0.0022,""pr_daily_avg_review_latency_hours"":null,""lead_time_sample_size"":14}"
src_205D_timeseries,173,"{""project_key"":""JefferyHcool/BiliNote"",""date"":""2026-03-24"",""pr_opened_count_daily"":0,""pr_merged_count_daily"":0,""pr_closed_not_merged_daily"":0,""pr_active_daily"":3,""pr_daily_avg_lead_time_hours"":null,""pr_daily_median_lead_time_hours"":null,""pr_daily_avg_review_latency_hours"":null,""lead_time_sample_size"":0}"
src_205D_timeseries,174,"{""project_key"":""JefferyHcool/BiliNote"",""date"":""2026-03-25"",""pr_opened_count_daily"":0,""pr_merged_count_daily"":0,""pr_closed_not_merged_daily"":0,""pr_active_daily"":3,""pr_daily_avg_lead_time_hours"":null,""pr_daily_median_lead_time_hours"":null,""pr_daily_avg_review_latency_hours"":null,""lead_time_sample_size"":0}"
src_205D_timeseries,175,"{""project_key"":""JefferyHcool/BiliNote"",""date"":""2026-03-26"",""pr_opened_count_daily"":0,""pr_merged_count_daily"":0,""pr_closed_not_merged_daily"":0,""pr_active_daily"":3,""pr_daily_avg_lead_time_hours"":null,""pr_daily_median_lead_time_hours"":null,""pr_daily_avg_review_latency_hours"":null,""lead_time_sample_size"":0}"
src_205D_timeseries,176,"{""project_key"":""JefferyHcool/BiliNote"",""date"":""2026-03-27"",""pr_opened_count_daily"":0,""pr_merged_count_daily"":0,""pr_closed_not_merged_daily"":0,""pr_active_daily"":3,""pr_daily_avg_lead_time_hours"":null,""pr_daily_median_lead_time_hours"":null,""pr_daily_avg_review_latency_hours"":null,""lead_time_sample_size"":0}"
src_205D_timeseries,177,"{""project_key"":""JefferyHcool/BiliNote"",""date"":""2026-03-28"",""pr_opened_count_daily"":0,""pr_merged_count_daily"":0,""pr_closed_not_merged_daily"":0,""pr_active_daily"":3,""pr_daily_avg_lead_time_hours"":null,""pr_daily_median_lead_time_hours"":null,""pr_daily_avg_review_latency_hours"":null,""lead_time_sample_size"":0}"
src_205D_timeseries,178,"{""project_key"":""JefferyHcool/BiliNote"",""date"":""2026-03-29"",""pr_opened_count_daily"":0,""pr_merged_count_daily"":0,""pr_closed_not_merged_daily"":0,""pr_active_daily"":3,""pr_daily_avg_lead_time_hours"":null,""pr_daily_median_lead_time_hours"":null,""pr_daily_avg_review_latency_hours"":null,""lead_time_sample_size"":0}"
src_205D_timeseries,179,"{""project_key"":""JefferyHcool/BiliNote"",""date"":""2026-03-30"",""pr_opened_count_daily"":0,""pr_merged_count_daily"":0,""pr_closed_not_merged_daily"":0,""pr_active_daily"":3,""pr_daily_avg_lead_time_hours"":null,""pr_daily_median_lead_time_hours"":null,""pr_daily_avg_review_latency_hours"":null,""lead_time_sample_size"":0}"
src_205D_timeseries,180,"{""project_key"":""JefferyHcool/BiliNote"",""date"":""2026-03-31"",""pr_opened_count_daily"":0,""pr_merged_count_daily"":0,""pr_closed_not_merged_daily"":0,""pr_active_daily"":3,""pr_daily_avg_lead_time_hours"":null,""pr_daily_median_lead_time_hours"":null,""pr_daily_avg_review_latency_hours"":null,""lead_time_sample_size"":0}"
src_205D_timeseries,181,"{""project_key"":""allenai/olmocr"",""date"":""2026-01-01"",""pr_opened_count_daily"":0,""pr_merged_count_daily"":0,""pr_closed_not_merged_daily"":0,""pr_active_daily"":14,""pr_daily_avg_lead_time_hours"":null,""pr_daily_median_lead_time_hours"":null,""pr_daily_avg_review_latency_hours"":null,""lead_time_sample_size"":0}"
src_205D_timeseries,182,"{""project_key"":""allenai/olmocr"",""date"":""2026-01-02"",""pr_opened_count_daily"":1,""pr_merged_count_daily"":0,""pr_closed_not_merged_daily"":1,""pr_active_daily"":14,""pr_daily_avg_lead_time_hours"":null,""pr_daily_median_lead_time_hours"":null,""pr_daily_avg_review_latency_hours"":null,""lead_time_sample_size"":0}"
src_205D_timeseries,183,"{""project_key"":""allenai/olmocr"",""date"":""2026-01-03"",""pr_opened_count_daily"":0,""pr_merged_count_daily"":0,""pr_closed_not_merged_daily"":0,""pr_active_daily"":14,""pr_daily_avg_lead_time_hours"":null,""pr_daily_median_lead_time_hours"":null,""pr_daily_avg_review_latency_hours"":null,""lead_time_sample_size"":0}"
src_205D_timeseries,184,"{""project_key"":""allenai/olmocr"",""date"":""2026-01-04"",""pr_opened_count_daily"":0,""pr_merged_count_daily"":0,""pr_closed_not_merged_daily"":0,""pr_active_daily"":14,""pr_daily_avg_lead_time_hours"":null,""pr_daily_median_lead_time_hours"":null,""pr_daily_avg_review_latency_hours"":null,""lead_time_sample_size"":0}"
src_205D_timeseries,185,"{""project_key"":""allenai/olmocr"",""date"":""2026-01-05"",""pr_opened_count_daily"":2,""pr_merged_count_daily"":0,""pr_closed_not_merged_daily"":2,""pr_active_daily"":14,""pr_daily_avg_lead_time_hours"":null,""pr_daily_median_lead_time_hours"":null,""pr_daily_avg_review_latency_hours"":null,""lead_time_sample_size"":0}"
src_205D_timeseries,186,"{""project_key"":""allenai/olmocr"",""date"":""2026-01-06"",""pr_opened_count_daily"":0,""pr_merged_count_daily"":0,""pr_closed_not_merged_daily"":0,""pr_active_daily"":14,""pr_daily_avg_lead_time_hours"":null,""pr_daily_median_lead_time_hours"":null,""pr_daily_avg_review_latency_hours"":null,""lead_time_sample_size"":0}"
src_205D_timeseries,187,"{""project_key"":""allenai/olmocr"",""date"":""2026-01-07"",""pr_opened_count_daily"":0,""pr_merged_count_daily"":0,""pr_closed_not_merged_daily"":0,""pr_active_daily"":14,""pr_daily_avg_lead_time_hours"":null,""pr_daily_median_lead_time_hours"":null,""pr_daily_avg_review_latency_hours"":null,""lead_time_sample_size"":0}"
src_205D_timeseries,188,"{""project_key"":""allenai/olmocr"",""date"":""2026-01-08"",""pr_opened_count_daily"":0,""pr_merged_count_daily"":0,""pr_closed_not_merged_daily"":0,""pr_active_daily"":14,""pr_daily_avg_lead_time_hours"":null,""pr_daily_median_lead_time_hours"":null,""pr_daily_avg_review_latency_hours"":null,""lead_time_sample_size"":0}"
src_205D_timeseries,189,"{""project_key"":""allenai/olmocr"",""date"":""2026-01-09"",""pr_opened_count_daily"":0,""pr_merged_count_daily"":0,""pr_closed_not_merged_daily"":0,""pr_active_daily"":14,""pr_daily_avg_lead_time_hours"":null,""pr_daily_median_lead_time_hours"":null,""pr_daily_avg_review_latency_hours"":null,""lead_time_sample_size"":0}"
src_205D_timeseries,190,"{""project_key"":""allenai/olmocr"",""date"":""2026-01-10"",""pr_opened_count_daily"":0,""pr_merged_count_daily"":0,""pr_closed_not_merged_daily"":0,""pr_active_daily"":14,""pr_daily_avg_lead_time_hours"":null,""pr_daily_median_lead_time_hours"":null,""pr_daily_avg_review_latency_hours"":null,""lead_time_sample_size"":0}"
src_205D_timeseries,191,"{""project_key"":""allenai/olmocr"",""date"":""2026-01-11"",""pr_opened_count_daily"":0,""pr_merged_count_daily"":0,""pr_closed_not_merged_daily"":0,""pr_active_daily"":14,""pr_daily_avg_lead_time_hours"":null,""pr_daily_median_lead_time_hours"":null,""pr_daily_avg_review_latency_hours"":null,""lead_time_sample_size"":0}"
src_205D_timeseries,192,"{""project_key"":""allenai/olmocr"",""date"":""2026-01-12"",""pr_opened_count_daily"":0,""pr_merged_count_daily"":0,""pr_closed_not_merged_daily"":0,""pr_active_daily"":14,""pr_daily_avg_lead_time_hours"":null,""pr_daily_median_lead_time_hours"":null,""pr_daily_avg_review_latency_hours"":null,""lead_time_sample_size"":0}"
src_205D_timeseries,193,"{""project_key"":""allenai/olmocr"",""date"":""2026-01-13"",""pr_opened_count_daily"":1,""pr_merged_count_daily"":0,""pr_closed_not_merged_daily"":0,""pr_active_daily"":15,""pr_daily_avg_lead_time_hours"":null,""pr_daily_median_lead_time_hours"":null,""pr_daily_avg_review_latency_hours"":null,""lead_time_sample_size"":0}"
src_205D_timeseries,194,"{""project_key"":""allenai/olmocr"",""date"":""2026-01-14"",""pr_opened_count_daily"":0,""pr_merged_count_daily"":0,""pr_closed_not_merged_daily"":0,""pr_active_daily"":15,""pr_daily_avg_lead_time_hours"":null,""pr_daily_median_lead_time_hours"":null,""pr_daily_avg_review_latency_hours"":null,""lead_time_sample_size"":0}"
src_205D_timeseries,195,"{""project_key"":""allenai/olmocr"",""date"":""2026-01-15"",""pr_opened_count_daily"":1,""pr_merged_count_daily"":0,""pr_closed_not_merged_daily"":0,""pr_active_daily"":16,""pr_daily_avg_lead_time_hours"":null,""pr_daily_median_lead_time_hours"":null,""pr_daily_avg_review_latency_hours"":null,""lead_time_sample_size"":0}"
src_205D_timeseries,196,"{""project_key"":""allenai/olmocr"",""date"":""2026-01-16"",""pr_opened_count_daily"":1,""pr_merged_count_daily"":0,""pr_closed_not_merged_daily"":1,""pr_active_daily"":16,""pr_daily_avg_lead_time_hours"":null,""pr_daily_median_lead_time_hours"":null,""pr_daily_avg_review_latency_hours"":null,""lead_time_sample_size"":0}"
src_205D_timeseries,197,"{""project_key"":""allenai/olmocr"",""date"":""2026-01-17"",""pr_opened_count_daily"":0,""pr_merged_count_daily"":0,""pr_closed_not_merged_daily"":0,""pr_active_daily"":16,""pr_daily_avg_lead_time_hours"":null,""pr_daily_median_lead_time_hours"":null,""pr_daily_avg_review_latency_hours"":null,""lead_time_sample_size"":0}"
src_205D_timeseries,198,"{""project_key"":""allenai/olmocr"",""date"":""2026-01-18"",""pr_opened_count_daily"":0,""pr_merged_count_daily"":0,""pr_closed_not_merged_daily"":0,""pr_active_daily"":16,""pr_daily_avg_lead_time_hours"":null,""pr_daily_median_lead_time_hours"":null,""pr_daily_avg_review_latency_hours"":null,""lead_time_sample_size"":0}"
src_205D_timeseries,199,"{""project_key"":""allenai/olmocr"",""date"":""2026-01-19"",""pr_opened_count_daily"":0,""pr_merged_count_daily"":0,""pr_closed_not_merged_daily"":0,""pr_active_daily"":16,""pr_daily_avg_lead_time_hours"":null,""pr_daily_median_lead_time_hours"":null,""pr_daily_avg_review_latency_hours"":null,""lead_time_sample_size"":0}"
src_205D_timeseries,200,"{""project_key"":""allenai/olmocr"",""date"":""2026-01-20"",""pr_opened_count_daily"":1,""pr_merged_count_daily"":0,""pr_closed_not_merged_daily"":1,""pr_active_daily"":16,""pr_daily_avg_lead_time_hours"":null,""pr_daily_median_lead_time_hours"":null,""pr_daily_avg_review_latency_hours"":null,""lead_time_sample_size"":0}"
src_205D_timeseries,201,"{""project_key"":""allenai/olmocr"",""date"":""2026-01-21"",""pr_opened_count_daily"":0,""pr_merged_count_daily"":0,""pr_closed_not_merged_daily"":0,""pr_active_daily"":16,""pr_daily_avg_lead_time_hours"":null,""pr_daily_median_lead_time_hours"":null,""pr_daily_avg_review_latency_hours"":null,""lead_time_sample_size"":0}"
src_205D_timeseries,202,"{""project_key"":""allenai/olmocr"",""date"":""2026-01-22"",""pr_opened_count_daily"":0,""pr_merged_count_daily"":0,""pr_closed_not_merged_daily"":0,""pr_active_daily"":16,""pr_daily_avg_lead_time_hours"":null,""pr_daily_median_lead_time_hours"":null,""pr_daily_avg_review_latency_hours"":null,""lead_time_sample_size"":0}"
src_205D_timeseries,203,"{""project_key"":""allenai/olmocr"",""date"":""2026-01-23"",""pr_opened_count_daily"":0,""pr_merged_count_daily"":0,""pr_closed_not_merged_daily"":0,""pr_active_daily"":16,""pr_daily_avg_lead_time_hours"":null,""pr_daily_median_lead_time_hours"":null,""pr_daily_avg_review_latency_hours"":null,""lead_time_sample_size"":0}"
src_205D_timeseries,204,"{""project_key"":""allenai/olmocr"",""date"":""2026-01-24"",""pr_opened_count_daily"":0,""pr_merged_count_daily"":0,""pr_closed_not_merged_daily"":0,""pr_active_daily"":16,""pr_daily_avg_lead_time_hours"":null,""pr_daily_median_lead_time_hours"":null,""pr_daily_avg_review_latency_hours"":null,""lead_time_sample_size"":0}"
src_205D_timeseries,205,"{""project_key"":""allenai/olmocr"",""date"":""2026-01-25"",""pr_opened_count_daily"":0,""pr_merged_count_daily"":0,""pr_closed_not_merged_daily"":0,""pr_active_daily"":16,""pr_daily_avg_lead_time_hours"":null,""pr_daily_median_lead_time_hours"":null,""pr_daily_avg_review_latency_hours"":null,""lead_time_sample_size"":0}"
src_205D_timeseries,206,"{""project_key"":""allenai/olmocr"",""date"":""2026-01-26"",""pr_opened_count_daily"":2,""pr_merged_count_daily"":0,""pr_closed_not_merged_daily"":2,""pr_active_daily"":16,""pr_daily_avg_lead_time_hours"":null,""pr_daily_median_lead_time_hours"":null,""pr_daily_avg_review_latency_hours"":null,""lead_time_sample_size"":0}"
src_205D_timeseries,207,"{""project_key"":""allenai/olmocr"",""date"":""2026-01-27"",""pr_opened_count_daily"":0,""pr_merged_count_daily"":0,""pr_closed_not_merged_daily"":0,""pr_active_daily"":16,""pr_daily_avg_lead_time_hours"":null,""pr_daily_median_lead_time_hours"":null,""pr_daily_avg_review_latency_hours"":null,""lead_time_sample_size"":0}"
src_205D_timeseries,208,"{""project_key"":""allenai/olmocr"",""date"":""2026-01-28"",""pr_opened_count_daily"":0,""pr_merged_count_daily"":0,""pr_closed_not_merged_daily"":0,""pr_active_daily"":16,""pr_daily_avg_lead_time_hours"":null,""pr_daily_median_lead_time_hours"":null,""pr_daily_avg_review_latency_hours"":null,""lead_time_sample_size"":0}"
src_205D_timeseries,209,"{""project_key"":""allenai/olmocr"",""date"":""2026-01-29"",""pr_opened_count_daily"":1,""pr_merged_count_daily"":0,""pr_closed_not_merged_daily"":1,""pr_active_daily"":16,""pr_daily_avg_lead_time_hours"":null,""pr_daily_median_lead_time_hours"":null,""pr_daily_avg_review_latency_hours"":null,""lead_time_sample_size"":0}"
src_205D_timeseries,210,"{""project_key"":""allenai/olmocr"",""date"":""2026-01-30"",""pr_opened_count_daily"":0,""pr_merged_count_daily"":0,""pr_closed_not_merged_daily"":0,""pr_active_daily"":16,""pr_daily_avg_lead_time_hours"":null,""pr_daily_median_lead_time_hours"":null,""pr_daily_avg_review_latency_hours"":null,""lead_time_sample_size"":0}"
src_205D_timeseries,211,"{""project_key"":""allenai/olmocr"",""date"":""2026-01-31"",""pr_opened_count_daily"":0,""pr_merged_count_daily"":0,""pr_closed_not_merged_daily"":0,""pr_active_daily"":16,""pr_daily_avg_lead_time_hours"":null,""pr_daily_median_lead_time_hours"":null,""pr_daily_avg_review_latency_hours"":null,""lead_time_sample_size"":0}"
src_205D_timeseries,212,"{""project_key"":""allenai/olmocr"",""date"":""2026-02-01"",""pr_opened_count_daily"":0,""pr_merged_count_daily"":0,""pr_closed_not_merged_daily"":0,""pr_active_daily"":16,""pr_daily_avg_lead_time_hours"":null,""pr_daily_median_lead_time_hours"":null,""pr_daily_avg_review_latency_hours"":null,""lead_time_sample_size"":0}"
src_205D_timeseries,213,"{""project_key"":""allenai/olmocr"",""date"":""2026-02-02"",""pr_opened_count_daily"":0,""pr_merged_count_daily"":0,""pr_closed_not_merged_daily"":0,""pr_active_daily"":16,""pr_daily_avg_lead_time_hours"":null,""pr_daily_median_lead_time_hours"":null,""pr_daily_avg_review_latency_hours"":null,""lead_time_sample_size"":0}"
src_205D_timeseries,214,"{""project_key"":""allenai/olmocr"",""date"":""2026-02-03"",""pr_opened_count_daily"":0,""pr_merged_count_daily"":0,""pr_closed_not_merged_daily"":0,""pr_active_daily"":16,""pr_daily_avg_lead_time_hours"":null,""pr_daily_median_lead_time_hours"":null,""pr_daily_avg_review_latency_hours"":null,""lead_time_sample_size"":0}"
src_205D_timeseries,215,"{""project_key"":""allenai/olmocr"",""date"":""2026-02-04"",""pr_opened_count_daily"":0,""pr_merged_count_daily"":0,""pr_closed_not_merged_daily"":0,""pr_active_daily"":16,""pr_daily_avg_lead_time_hours"":null,""pr_daily_median_lead_time_hours"":null,""pr_daily_avg_review_latency_hours"":null,""lead_time_sample_size"":0}"
src_205D_timeseries,216,"{""project_key"":""allenai/olmocr"",""date"":""2026-02-05"",""pr_opened_count_daily"":2,""pr_merged_count_daily"":0,""pr_closed_not_merged_daily"":2,""pr_active_daily"":16,""pr_daily_avg_lead_time_hours"":null,""pr_daily_median_lead_time_hours"":null,""pr_daily_avg_review_latency_hours"":null,""lead_time_sample_size"":0}"
src_205D_timeseries,217,"{""project_key"":""allenai/olmocr"",""date"":""2026-02-06"",""pr_opened_count_daily"":0,""pr_merged_count_daily"":0,""pr_closed_not_merged_daily"":0,""pr_active_daily"":16,""pr_daily_avg_lead_time_hours"":null,""pr_daily_median_lead_time_hours"":null,""pr_daily_avg_review_latency_hours"":null,""lead_time_sample_size"":0}"
src_205D_timeseries,218,"{""project_key"":""allenai/olmocr"",""date"":""2026-02-07"",""pr_opened_count_daily"":0,""pr_merged_count_daily"":0,""pr_closed_not_merged_daily"":0,""pr_active_daily"":16,""pr_daily_avg_lead_time_hours"":null,""pr_daily_median_lead_time_hours"":null,""pr_daily_avg_review_latency_hours"":null,""lead_time_sample_size"":0}"
src_205D_timeseries,219,"{""project_key"":""allenai/olmocr"",""date"":""2026-02-08"",""pr_opened_count_daily"":0,""pr_merged_count_daily"":0,""pr_closed_not_merged_daily"":0,""pr_active_daily"":16,""pr_daily_avg_lead_time_hours"":null,""pr_daily_median_lead_time_hours"":null,""pr_daily_avg_review_latency_hours"":null,""lead_time_sample_size"":0}"
src_205D_timeseries,220,"{""project_key"":""allenai/olmocr"",""date"":""2026-02-09"",""pr_opened_count_daily"":0,""pr_merged_count_daily"":0,""pr_closed_not_merged_daily"":0,""pr_active_daily"":16,""pr_daily_avg_lead_time_hours"":null,""pr_daily_median_lead_time_hours"":null,""pr_daily_avg_review_latency_hours"":null,""lead_time_sample_size"":0}"
src_205D_timeseries,221,"{""project_key"":""allenai/olmocr"",""date"":""2026-02-10"",""pr_opened_count_daily"":0,""pr_merged_count_daily"":0,""pr_closed_not_merged_daily"":0,""pr_active_daily"":16,""pr_daily_avg_lead_time_hours"":null,""pr_daily_median_lead_time_hours"":null,""pr_daily_avg_review_latency_hours"":null,""lead_time_sample_size"":0}"
src_205D_timeseries,222,"{""project_key"":""allenai/olmocr"",""date"":""2026-02-11"",""pr_opened_count_daily"":0,""pr_merged_count_daily"":0,""pr_closed_not_merged_daily"":0,""pr_active_daily"":16,""pr_daily_avg_lead_time_hours"":null,""pr_daily_median_lead_time_hours"":null,""pr_daily_avg_review_latency_hours"":null,""lead_time_sample_size"":0}"
src_205D_timeseries,223,"{""project_key"":""allenai/olmocr"",""date"":""2026-02-12"",""pr_opened_count_daily"":0,""pr_merged_count_daily"":0,""pr_closed_not_merged_daily"":0,""pr_active_daily"":16,""pr_daily_avg_lead_time_hours"":null,""pr_daily_median_lead_time_hours"":null,""pr_daily_avg_review_latency_hours"":null,""lead_time_sample_size"":0}"
src_205D_timeseries,224,"{""project_key"":""allenai/olmocr"",""date"":""2026-02-13"",""pr_opened_count_daily"":1,""pr_merged_count_daily"":0,""pr_closed_not_merged_daily"":0,""pr_active_daily"":17,""pr_daily_avg_lead_time_hours"":null,""pr_daily_median_lead_time_hours"":null,""pr_daily_avg_review_latency_hours"":null,""lead_time_sample_size"":0}"
src_205D_timeseries,225,"{""project_key"":""allenai/olmocr"",""date"":""2026-02-14"",""pr_opened_count_daily"":0,""pr_merged_count_daily"":0,""pr_closed_not_merged_daily"":0,""pr_active_daily"":17,""pr_daily_avg_lead_time_hours"":null,""pr_daily_median_lead_time_hours"":null,""pr_daily_avg_review_latency_hours"":null,""lead_time_sample_size"":0}"
src_205D_timeseries,226,"{""project_key"":""allenai/olmocr"",""date"":""2026-02-15"",""pr_opened_count_daily"":0,""pr_merged_count_daily"":0,""pr_closed_not_merged_daily"":0,""pr_active_daily"":17,""pr_daily_avg_lead_time_hours"":null,""pr_daily_median_lead_time_hours"":null,""pr_daily_avg_review_latency_hours"":null,""lead_time_sample_size"":0}"
src_205D_timeseries,227,"{""project_key"":""allenai/olmocr"",""date"":""2026-02-16"",""pr_opened_count_daily"":1,""pr_merged_count_daily"":0,""pr_closed_not_merged_daily"":1,""pr_active_daily"":17,""pr_daily_avg_lead_time_hours"":null,""pr_daily_median_lead_time_hours"":null,""pr_daily_avg_review_latency_hours"":null,""lead_time_sample_size"":0}"
src_205D_timeseries,228,"{""project_key"":""allenai/olmocr"",""date"":""2026-02-17"",""pr_opened_count_daily"":0,""pr_merged_count_daily"":0,""pr_closed_not_merged_daily"":0,""pr_active_daily"":17,""pr_daily_avg_lead_time_hours"":null,""pr_daily_median_lead_time_hours"":null,""pr_daily_avg_review_latency_hours"":null,""lead_time_sample_size"":0}"
src_205D_timeseries,229,"{""project_key"":""allenai/olmocr"",""date"":""2026-02-18"",""pr_opened_count_daily"":0,""pr_merged_count_daily"":0,""pr_closed_not_merged_daily"":0,""pr_active_daily"":17,""pr_daily_avg_lead_time_hours"":null,""pr_daily_median_lead_time_hours"":null,""pr_daily_avg_review_latency_hours"":null,""lead_time_sample_size"":0}"
src_205D_timeseries,230,"{""project_key"":""allenai/olmocr"",""date"":""2026-02-19"",""pr_opened_count_daily"":0,""pr_merged_count_daily"":0,""pr_closed_not_merged_daily"":0,""pr_active_daily"":17,""pr_daily_avg_lead_time_hours"":null,""pr_daily_median_lead_time_hours"":null,""pr_daily_avg_review_latency_hours"":null,""lead_time_sample_size"":0}"
src_205D_timeseries,231,"{""project_key"":""allenai/olmocr"",""date"":""2026-02-20"",""pr_opened_count_daily"":0,""pr_merged_count_daily"":0,""pr_closed_not_merged_daily"":0,""pr_active_daily"":17,""pr_daily_avg_lead_time_hours"":null,""pr_daily_median_lead_time_hours"":null,""pr_daily_avg_review_latency_hours"":null,""lead_time_sample_size"":0}"
src_205D_timeseries,232,"{""project_key"":""allenai/olmocr"",""date"":""2026-02-21"",""pr_opened_count_daily"":0,""pr_merged_count_daily"":0,""pr_closed_not_merged_daily"":0,""pr_active_daily"":17,""pr_daily_avg_lead_time_hours"":null,""pr_daily_median_lead_time_hours"":null,""pr_daily_avg_review_latency_hours"":null,""lead_time_sample_size"":0}"
src_205D_timeseries,233,"{""project_key"":""allenai/olmocr"",""date"":""2026-02-22"",""pr_opened_count_daily"":0,""pr_merged_count_daily"":0,""pr_closed_not_merged_daily"":0,""pr_active_daily"":17,""pr_daily_avg_lead_time_hours"":null,""pr_daily_median_lead_time_hours"":null,""pr_daily_avg_review_latency_hours"":null,""lead_time_sample_size"":0}"
src_205D_timeseries,234,"{""project_key"":""allenai/olmocr"",""date"":""2026-02-23"",""pr_opened_count_daily"":0,""pr_merged_count_daily"":0,""pr_closed_not_merged_daily"":0,""pr_active_daily"":17,""pr_daily_avg_lead_time_hours"":null,""pr_daily_median_lead_time_hours"":null,""pr_daily_avg_review_latency_hours"":null,""lead_time_sample_size"":0}"
src_205D_timeseries,235,"{""project_key"":""allenai/olmocr"",""date"":""2026-02-24"",""pr_opened_count_daily"":0,""pr_merged_count_daily"":0,""pr_closed_not_merged_daily"":0,""pr_active_daily"":17,""pr_daily_avg_lead_time_hours"":null,""pr_daily_median_lead_time_hours"":null,""pr_daily_avg_review_latency_hours"":null,""lead_time_sample_size"":0}"
src_205D_timeseries,236,"{""project_key"":""allenai/olmocr"",""date"":""2026-02-25"",""pr_opened_count_daily"":0,""pr_merged_count_daily"":0,""pr_closed_not_merged_daily"":0,""pr_active_daily"":17,""pr_daily_avg_lead_time_hours"":null,""pr_daily_median_lead_time_hours"":null,""pr_daily_avg_review_latency_hours"":null,""lead_time_sample_size"":0}"
src_205D_timeseries,237,"{""project_key"":""allenai/olmocr"",""date"":""2026-02-26"",""pr_opened_count_daily"":0,""pr_merged_count_daily"":0,""pr_closed_not_merged_daily"":0,""pr_active_daily"":17,""pr_daily_avg_lead_time_hours"":null,""pr_daily_median_lead_time_hours"":null,""pr_daily_avg_review_latency_hours"":null,""lead_time_sample_size"":0}"
src_205D_timeseries,238,"{""project_key"":""allenai/olmocr"",""date"":""2026-02-27"",""pr_opened_count_daily"":0,""pr_merged_count_daily"":0,""pr_closed_not_merged_daily"":0,""pr_active_daily"":17,""pr_daily_avg_lead_time_hours"":null,""pr_daily_median_lead_time_hours"":null,""pr_daily_avg_review_latency_hours"":null,""lead_time_sample_size"":0}"
src_205D_timeseries,239,"{""project_key"":""allenai/olmocr"",""date"":""2026-02-28"",""pr_opened_count_daily"":0,""pr_merged_count_daily"":0,""pr_closed_not_merged_daily"":0,""pr_active_daily"":17,""pr_daily_avg_lead_time_hours"":null,""pr_daily_median_lead_time_hours"":null,""pr_daily_avg_review_latency_hours"":null,""lead_time_sample_size"":0}"
src_205D_timeseries,240,"{""project_key"":""allenai/olmocr"",""date"":""2026-03-01"",""pr_opened_count_daily"":0,""pr_merged_count_daily"":0,""pr_closed_not_merged_daily"":0,""pr_active_daily"":17,""pr_daily_avg_lead_time_hours"":null,""pr_daily_median_lead_time_hours"":null,""pr_daily_avg_review_latency_hours"":null,""lead_time_sample_size"":0}"
src_205D_timeseries,241,"{""project_key"":""allenai/olmocr"",""date"":""2026-03-02"",""pr_opened_count_daily"":0,""pr_merged_count_daily"":0,""pr_closed_not_merged_daily"":0,""pr_active_daily"":17,""pr_daily_avg_lead_time_hours"":null,""pr_daily_median_lead_time_hours"":null,""pr_daily_avg_review_latency_hours"":null,""lead_time_sample_size"":0}"
src_205D_timeseries,242,"{""project_key"":""allenai/olmocr"",""date"":""2026-03-03"",""pr_opened_count_daily"":0,""pr_merged_count_daily"":0,""pr_closed_not_merged_daily"":0,""pr_active_daily"":17,""pr_daily_avg_lead_time_hours"":null,""pr_daily_median_lead_time_hours"":null,""pr_daily_avg_review_latency_hours"":null,""lead_time_sample_size"":0}"
src_205D_timeseries,243,"{""project_key"":""allenai/olmocr"",""date"":""2026-03-04"",""pr_opened_count_daily"":0,""pr_merged_count_daily"":0,""pr_closed_not_merged_daily"":0,""pr_active_daily"":17,""pr_daily_avg_lead_time_hours"":null,""pr_daily_median_lead_time_hours"":null,""pr_daily_avg_review_latency_hours"":null,""lead_time_sample_size"":0}"
src_205D_timeseries,244,"{""project_key"":""allenai/olmocr"",""date"":""2026-03-05"",""pr_opened_count_daily"":0,""pr_merged_count_daily"":0,""pr_closed_not_merged_daily"":0,""pr_active_daily"":17,""pr_daily_avg_lead_time_hours"":null,""pr_daily_median_lead_time_hours"":null,""pr_daily_avg_review_latency_hours"":null,""lead_time_sample_size"":0}"
src_205D_timeseries,245,"{""project_key"":""allenai/olmocr"",""date"":""2026-03-06"",""pr_opened_count_daily"":1,""pr_merged_count_daily"":0,""pr_closed_not_merged_daily"":0,""pr_active_daily"":18,""pr_daily_avg_lead_time_hours"":null,""pr_daily_median_lead_time_hours"":null,""pr_daily_avg_review_latency_hours"":null,""lead_time_sample_size"":0}"
src_205D_timeseries,246,"{""project_key"":""allenai/olmocr"",""date"":""2026-03-07"",""pr_opened_count_daily"":0,""pr_merged_count_daily"":0,""pr_closed_not_merged_daily"":0,""pr_active_daily"":18,""pr_daily_avg_lead_time_hours"":null,""pr_daily_median_lead_time_hours"":null,""pr_daily_avg_review_latency_hours"":null,""lead_time_sample_size"":0}"
src_205D_timeseries,247,"{""project_key"":""allenai/olmocr"",""date"":""2026-03-08"",""pr_opened_count_daily"":0,""pr_merged_count_daily"":0,""pr_closed_not_merged_daily"":0,""pr_active_daily"":18,""pr_daily_avg_lead_time_hours"":null,""pr_daily_median_lead_time_hours"":null,""pr_daily_avg_review_latency_hours"":null,""lead_time_sample_size"":0}"
src_205D_timeseries,248,"{""project_key"":""allenai/olmocr"",""date"":""2026-03-09"",""pr_opened_count_daily"":0,""pr_merged_count_daily"":0,""pr_closed_not_merged_daily"":0,""pr_active_daily"":18,""pr_daily_avg_lead_time_hours"":null,""pr_daily_median_lead_time_hours"":null,""pr_daily_avg_review_latency_hours"":null,""lead_time_sample_size"":0}"
src_205D_timeseries,249,"{""project_key"":""allenai/olmocr"",""date"":""2026-03-10"",""pr_opened_count_daily"":0,""pr_merged_count_daily"":0,""pr_closed_not_merged_daily"":0,""pr_active_daily"":18,""pr_daily_avg_lead_time_hours"":null,""pr_daily_median_lead_time_hours"":null,""pr_daily_avg_review_latency_hours"":null,""lead_time_sample_size"":0}"
src_205D_timeseries,250,"{""project_key"":""allenai/olmocr"",""date"":""2026-03-11"",""pr_opened_count_daily"":0,""pr_merged_count_daily"":0,""pr_closed_not_merged_daily"":0,""pr_active_daily"":18,""pr_daily_avg_lead_time_hours"":null,""pr_daily_median_lead_time_hours"":null,""pr_daily_avg_review_latency_hours"":null,""lead_time_sample_size"":0}"
src_205D_timeseries,251,"{""project_key"":""allenai/olmocr"",""date"":""2026-03-12"",""pr_opened_count_daily"":0,""pr_merged_count_daily"":1,""pr_closed_not_merged_daily"":0,""pr_active_daily"":17,""pr_daily_avg_lead_time_hours"":137.275,""pr_daily_median_lead_time_hours"":137.275,""pr_daily_avg_review_latency_hours"":null,""lead_time_sample_size"":1}"
src_205D_timeseries,252,"{""project_key"":""allenai/olmocr"",""date"":""2026-03-13"",""pr_opened_count_daily"":0,""pr_merged_count_daily"":0,""pr_closed_not_merged_daily"":0,""pr_active_daily"":17,""pr_daily_avg_lead_time_hours"":null,""pr_daily_median_lead_time_hours"":null,""pr_daily_avg_review_latency_hours"":null,""lead_time_sample_size"":0}"
src_205D_timeseries,253,"{""project_key"":""allenai/olmocr"",""date"":""2026-03-14"",""pr_opened_count_daily"":0,""pr_merged_count_daily"":0,""pr_closed_not_merged_daily"":0,""pr_active_daily"":17,""pr_daily_avg_lead_time_hours"":null,""pr_daily_median_lead_time_hours"":null,""pr_daily_avg_review_latency_hours"":null,""lead_time_sample_size"":0}"
src_205D_timeseries,254,"{""project_key"":""allenai/olmocr"",""date"":""2026-03-15"",""pr_opened_count_daily"":0,""pr_merged_count_daily"":0,""pr_closed_not_merged_daily"":0,""pr_active_daily"":17,""pr_daily_avg_lead_time_hours"":null,""pr_daily_median_lead_time_hours"":null,""pr_daily_avg_review_latency_hours"":null,""lead_time_sample_size"":0}"
src_205D_timeseries,255,"{""project_key"":""allenai/olmocr"",""date"":""2026-03-16"",""pr_opened_count_daily"":0,""pr_merged_count_daily"":0,""pr_closed_not_merged_daily"":0,""pr_active_daily"":17,""pr_daily_avg_lead_time_hours"":null,""pr_daily_median_lead_time_hours"":null,""pr_daily_avg_review_latency_hours"":null,""lead_time_sample_size"":0}"
src_205D_timeseries,256,"{""project_key"":""allenai/olmocr"",""date"":""2026-03-17"",""pr_opened_count_daily"":0,""pr_merged_count_daily"":0,""pr_closed_not_merged_daily"":0,""pr_active_daily"":17,""pr_daily_avg_lead_time_hours"":null,""pr_daily_median_lead_time_hours"":null,""pr_daily_avg_review_latency_hours"":null,""lead_time_sample_size"":0}"
src_205D_timeseries,257,"{""project_key"":""allenai/olmocr"",""date"":""2026-03-18"",""pr_opened_count_daily"":0,""pr_merged_count_daily"":0,""pr_closed_not_merged_daily"":0,""pr_active_daily"":17,""pr_daily_avg_lead_time_hours"":null,""pr_daily_median_lead_time_hours"":null,""pr_daily_avg_review_latency_hours"":null,""lead_time_sample_size"":0}"
src_205D_timeseries,258,"{""project_key"":""allenai/olmocr"",""date"":""2026-03-19"",""pr_opened_count_daily"":0,""pr_merged_count_daily"":0,""pr_closed_not_merged_daily"":0,""pr_active_daily"":17,""pr_daily_avg_lead_time_hours"":null,""pr_daily_median_lead_time_hours"":null,""pr_daily_avg_review_latency_hours"":null,""lead_time_sample_size"":0}"
src_205D_timeseries,259,"{""project_key"":""allenai/olmocr"",""date"":""2026-03-20"",""pr_opened_count_daily"":0,""pr_merged_count_daily"":0,""pr_closed_not_merged_daily"":0,""pr_active_daily"":17,""pr_daily_avg_lead_time_hours"":null,""pr_daily_median_lead_time_hours"":null,""pr_daily_avg_review_latency_hours"":null,""lead_time_sample_size"":0}"
src_205D_timeseries,260,"{""project_key"":""allenai/olmocr"",""date"":""2026-03-21"",""pr_opened_count_daily"":0,""pr_merged_count_daily"":0,""pr_closed_not_merged_daily"":0,""pr_active_daily"":17,""pr_daily_avg_lead_time_hours"":null,""pr_daily_median_lead_time_hours"":null,""pr_daily_avg_review_latency_hours"":null,""lead_time_sample_size"":0}"
src_205D_timeseries,261,"{""project_key"":""allenai/olmocr"",""date"":""2026-03-22"",""pr_opened_count_daily"":0,""pr_merged_count_daily"":0,""pr_closed_not_merged_daily"":0,""pr_active_daily"":17,""pr_daily_avg_lead_time_hours"":null,""pr_daily_median_lead_time_hours"":null,""pr_daily_avg_review_latency_hours"":null,""lead_time_sample_size"":0}"
src_205D_timeseries,262,"{""project_key"":""allenai/olmocr"",""date"":""2026-03-23"",""pr_opened_count_daily"":0,""pr_merged_count_daily"":0,""pr_closed_not_merged_daily"":0,""pr_active_daily"":17,""pr_daily_avg_lead_time_hours"":null,""pr_daily_median_lead_time_hours"":null,""pr_daily_avg_review_latency_hours"":null,""lead_time_sample_size"":0}"
src_205D_timeseries,263,"{""project_key"":""allenai/olmocr"",""date"":""2026-03-24"",""pr_opened_count_daily"":0,""pr_merged_count_daily"":0,""pr_closed_not_merged_daily"":0,""pr_active_daily"":17,""pr_daily_avg_lead_time_hours"":null,""pr_daily_median_lead_time_hours"":null,""pr_daily_avg_review_latency_hours"":null,""lead_time_sample_size"":0}"
src_205D_timeseries,264,"{""project_key"":""allenai/olmocr"",""date"":""2026-03-25"",""pr_opened_count_daily"":0,""pr_merged_count_daily"":0,""pr_closed_not_merged_daily"":0,""pr_active_daily"":17,""pr_daily_avg_lead_time_hours"":null,""pr_daily_median_lead_time_hours"":null,""pr_daily_avg_review_latency_hours"":null,""lead_time_sample_size"":0}"
src_205D_timeseries,265,"{""project_key"":""allenai/olmocr"",""date"":""2026-03-26"",""pr_opened_count_daily"":0,""pr_merged_count_daily"":0,""pr_closed_not_merged_daily"":0,""pr_active_daily"":17,""pr_daily_avg_lead_time_hours"":null,""pr_daily_median_lead_time_hours"":null,""pr_daily_avg_review_latency_hours"":null,""lead_time_sample_size"":0}"
src_205D_timeseries,266,"{""project_key"":""allenai/olmocr"",""date"":""2026-03-27"",""pr_opened_count_daily"":0,""pr_merged_count_daily"":0,""pr_closed_not_merged_daily"":0,""pr_active_daily"":17,""pr_daily_avg_lead_time_hours"":null,""pr_daily_median_lead_time_hours"":null,""pr_daily_avg_review_latency_hours"":null,""lead_time_sample_size"":0}"
src_205D_timeseries,267,"{""project_key"":""allenai/olmocr"",""date"":""2026-03-28"",""pr_opened_count_daily"":0,""pr_merged_count_daily"":0,""pr_closed_not_merged_daily"":0,""pr_active_daily"":17,""pr_daily_avg_lead_time_hours"":null,""pr_daily_median_lead_time_hours"":null,""pr_daily_avg_review_latency_hours"":null,""lead_time_sample_size"":0}"
src_205D_timeseries,268,"{""project_key"":""allenai/olmocr"",""date"":""2026-03-29"",""pr_opened_count_daily"":0,""pr_merged_count_daily"":0,""pr_closed_not_merged_daily"":0,""pr_active_daily"":17,""pr_daily_avg_lead_time_hours"":null,""pr_daily_median_lead_time_hours"":null,""pr_daily_avg_review_latency_hours"":null,""lead_time_sample_size"":0}"
src_205D_timeseries,269,"{""project_key"":""allenai/olmocr"",""date"":""2026-03-30"",""pr_opened_count_daily"":0,""pr_merged_count_daily"":0,""pr_closed_not_merged_daily"":0,""pr_active_daily"":17,""pr_daily_avg_lead_time_hours"":null,""pr_daily_median_lead_time_hours"":null,""pr_daily_avg_review_latency_hours"":null,""lead_time_sample_size"":0}"
src_205D_timeseries,270,"{""project_key"":""allenai/olmocr"",""date"":""2026-03-31"",""pr_opened_count_daily"":0,""pr_merged_count_daily"":0,""pr_closed_not_merged_daily"":0,""pr_active_daily"":17,""pr_daily_avg_lead_time_hours"":null,""pr_daily_median_lead_time_hours"":null,""pr_daily_avg_review_latency_hours"":null,""lead_time_sample_size"":0}"
src_205D_timeseries,271,"{""project_key"":""hiddify/Hiddify-Manager"",""date"":""2026-01-01"",""pr_opened_count_daily"":0,""pr_merged_count_daily"":0,""pr_closed_not_merged_daily"":0,""pr_active_daily"":14,""pr_daily_avg_lead_time_hours"":null,""pr_daily_median_lead_time_hours"":null,""pr_daily_avg_review_latency_hours"":null,""lead_time_sample_size"":0}"
src_205D_timeseries,272,"{""project_key"":""hiddify/Hiddify-Manager"",""date"":""2026-01-02"",""pr_opened_count_daily"":0,""pr_merged_count_daily"":0,""pr_closed_not_merged_daily"":0,""pr_active_daily"":14,""pr_daily_avg_lead_time_hours"":null,""pr_daily_median_lead_time_hours"":null,""pr_daily_avg_review_latency_hours"":null,""lead_time_sample_size"":0}"
src_205D_timeseries,273,"{""project_key"":""hiddify/Hiddify-Manager"",""date"":""2026-01-03"",""pr_opened_count_daily"":0,""pr_merged_count_daily"":0,""pr_closed_not_merged_daily"":0,""pr_active_daily"":14,""pr_daily_avg_lead_time_hours"":null,""pr_daily_median_lead_time_hours"":null,""pr_daily_avg_review_latency_hours"":null,""lead_time_sample_size"":0}"
src_205D_timeseries,274,"{""project_key"":""hiddify/Hiddify-Manager"",""date"":""2026-01-04"",""pr_opened_count_daily"":0,""pr_merged_count_daily"":0,""pr_closed_not_merged_daily"":0,""pr_active_daily"":14,""pr_daily_avg_lead_time_hours"":null,""pr_daily_median_lead_time_hours"":null,""pr_daily_avg_review_latency_hours"":null,""lead_time_sample_size"":0}"
src_205D_timeseries,275,"{""project_key"":""hiddify/Hiddify-Manager"",""date"":""2026-01-05"",""pr_opened_count_daily"":0,""pr_merged_count_daily"":0,""pr_closed_not_merged_daily"":0,""pr_active_daily"":14,""pr_daily_avg_lead_time_hours"":null,""pr_daily_median_lead_time_hours"":null,""pr_daily_avg_review_latency_hours"":null,""lead_time_sample_size"":0}"
src_205D_timeseries,276,"{""project_key"":""hiddify/Hiddify-Manager"",""date"":""2026-01-06"",""pr_opened_count_daily"":0,""pr_merged_count_daily"":0,""pr_closed_not_merged_daily"":0,""pr_active_daily"":14,""pr_daily_avg_lead_time_hours"":null,""pr_daily_median_lead_time_hours"":null,""pr_daily_avg_review_latency_hours"":null,""lead_time_sample_size"":0}"
src_205D_timeseries,277,"{""project_key"":""hiddify/Hiddify-Manager"",""date"":""2026-01-07"",""pr_opened_count_daily"":0,""pr_merged_count_daily"":0,""pr_closed_not_merged_daily"":0,""pr_active_daily"":14,""pr_daily_avg_lead_time_hours"":null,""pr_daily_median_lead_time_hours"":null,""pr_daily_avg_review_latency_hours"":null,""lead_time_sample_size"":0}"
src_205D_timeseries,278,"{""project_key"":""hiddify/Hiddify-Manager"",""date"":""2026-01-08"",""pr_opened_count_daily"":0,""pr_merged_count_daily"":0,""pr_closed_not_merged_daily"":0,""pr_active_daily"":14,""pr_daily_avg_lead_time_hours"":null,""pr_daily_median_lead_time_hours"":null,""pr_daily_avg_review_latency_hours"":null,""lead_time_sample_size"":0}"
src_205D_timeseries,279,"{""project_key"":""hiddify/Hiddify-Manager"",""date"":""2026-01-09"",""pr_opened_count_daily"":0,""pr_merged_count_daily"":0,""pr_closed_not_merged_daily"":0,""pr_active_daily"":14,""pr_daily_avg_lead_time_hours"":null,""pr_daily_median_lead_time_hours"":null,""pr_daily_avg_review_latency_hours"":null,""lead_time_sample_size"":0}"
src_205D_timeseries,280,"{""project_key"":""hiddify/Hiddify-Manager"",""date"":""2026-01-10"",""pr_opened_count_daily"":0,""pr_merged_count_daily"":0,""pr_closed_not_merged_daily"":0,""pr_active_daily"":14,""pr_daily_avg_lead_time_hours"":null,""pr_daily_median_lead_time_hours"":null,""pr_daily_avg_review_latency_hours"":null,""lead_time_sample_size"":0}"
src_205D_timeseries,281,"{""project_key"":""hiddify/Hiddify-Manager"",""date"":""2026-01-11"",""pr_opened_count_daily"":0,""pr_merged_count_daily"":0,""pr_closed_not_merged_daily"":0,""pr_active_daily"":14,""pr_daily_avg_lead_time_hours"":null,""pr_daily_median_lead_time_hours"":null,""pr_daily_avg_review_latency_hours"":null,""lead_time_sample_size"":0}"
src_205D_timeseries,282,"{""project_key"":""hiddify/Hiddify-Manager"",""date"":""2026-01-12"",""pr_opened_count_daily"":0,""pr_merged_count_daily"":0,""pr_closed_not_merged_daily"":0,""pr_active_daily"":14,""pr_daily_avg_lead_time_hours"":null,""pr_daily_median_lead_time_hours"":null,""pr_daily_avg_review_latency_hours"":null,""lead_time_sample_size"":0}"
src_205D_timeseries,283,"{""project_key"":""hiddify/Hiddify-Manager"",""date"":""2026-01-13"",""pr_opened_count_daily"":0,""pr_merged_count_daily"":0,""pr_closed_not_merged_daily"":0,""pr_active_daily"":14,""pr_daily_avg_lead_time_hours"":null,""pr_daily_median_lead_time_hours"":null,""pr_daily_avg_review_latency_hours"":null,""lead_time_sample_size"":0}"
src_205D_timeseries,284,"{""project_key"":""hiddify/Hiddify-Manager"",""date"":""2026-01-14"",""pr_opened_count_daily"":0,""pr_merged_count_daily"":0,""pr_closed_not_merged_daily"":0,""pr_active_daily"":14,""pr_daily_avg_lead_time_hours"":null,""pr_daily_median_lead_time_hours"":null,""pr_daily_avg_review_latency_hours"":null,""lead_time_sample_size"":0}"
src_205D_timeseries,285,"{""project_key"":""hiddify/Hiddify-Manager"",""date"":""2026-01-15"",""pr_opened_count_daily"":0,""pr_merged_count_daily"":0,""pr_closed_not_merged_daily"":0,""pr_active_daily"":14,""pr_daily_avg_lead_time_hours"":null,""pr_daily_median_lead_time_hours"":null,""pr_daily_avg_review_latency_hours"":null,""lead_time_sample_size"":0}"
src_205D_timeseries,286,"{""project_key"":""hiddify/Hiddify-Manager"",""date"":""2026-01-16"",""pr_opened_count_daily"":0,""pr_merged_count_daily"":0,""pr_closed_not_merged_daily"":0,""pr_active_daily"":14,""pr_daily_avg_lead_time_hours"":null,""pr_daily_median_lead_time_hours"":null,""pr_daily_avg_review_latency_hours"":null,""lead_time_sample_size"":0}"
src_205D_timeseries,287,"{""project_key"":""hiddify/Hiddify-Manager"",""date"":""2026-01-17"",""pr_opened_count_daily"":0,""pr_merged_count_daily"":0,""pr_closed_not_merged_daily"":0,""pr_active_daily"":14,""pr_daily_avg_lead_time_hours"":null,""pr_daily_median_lead_time_hours"":null,""pr_daily_avg_review_latency_hours"":null,""lead_time_sample_size"":0}"
src_205D_timeseries,288,"{""project_key"":""hiddify/Hiddify-Manager"",""date"":""2026-01-18"",""pr_opened_count_daily"":0,""pr_merged_count_daily"":0,""pr_closed_not_merged_daily"":0,""pr_active_daily"":14,""pr_daily_avg_lead_time_hours"":null,""pr_daily_median_lead_time_hours"":null,""pr_daily_avg_review_latency_hours"":null,""lead_time_sample_size"":0}"
src_205D_timeseries,289,"{""project_key"":""hiddify/Hiddify-Manager"",""date"":""2026-01-19"",""pr_opened_count_daily"":0,""pr_merged_count_daily"":0,""pr_closed_not_merged_daily"":0,""pr_active_daily"":14,""pr_daily_avg_lead_time_hours"":null,""pr_daily_median_lead_time_hours"":null,""pr_daily_avg_review_latency_hours"":null,""lead_time_sample_size"":0}"
src_205D_timeseries,290,"{""project_key"":""hiddify/Hiddify-Manager"",""date"":""2026-01-20"",""pr_opened_count_daily"":0,""pr_merged_count_daily"":0,""pr_closed_not_merged_daily"":0,""pr_active_daily"":14,""pr_daily_avg_lead_time_hours"":null,""pr_daily_median_lead_time_hours"":null,""pr_daily_avg_review_latency_hours"":null,""lead_time_sample_size"":0}"
src_205D_timeseries,291,"{""project_key"":""hiddify/Hiddify-Manager"",""date"":""2026-01-21"",""pr_opened_count_daily"":0,""pr_merged_count_daily"":0,""pr_closed_not_merged_daily"":0,""pr_active_daily"":14,""pr_daily_avg_lead_time_hours"":null,""pr_daily_median_lead_time_hours"":null,""pr_daily_avg_review_latency_hours"":null,""lead_time_sample_size"":0}"
src_205D_timeseries,292,"{""project_key"":""hiddify/Hiddify-Manager"",""date"":""2026-01-22"",""pr_opened_count_daily"":0,""pr_merged_count_daily"":0,""pr_closed_not_merged_daily"":0,""pr_active_daily"":14,""pr_daily_avg_lead_time_hours"":null,""pr_daily_median_lead_time_hours"":null,""pr_daily_avg_review_latency_hours"":null,""lead_time_sample_size"":0}"
src_205D_timeseries,293,"{""project_key"":""hiddify/Hiddify-Manager"",""date"":""2026-01-23"",""pr_opened_count_daily"":1,""pr_merged_count_daily"":0,""pr_closed_not_merged_daily"":1,""pr_active_daily"":14,""pr_daily_avg_lead_time_hours"":null,""pr_daily_median_lead_time_hours"":null,""pr_daily_avg_review_latency_hours"":null,""lead_time_sample_size"":0}"
src_205D_timeseries,294,"{""project_key"":""hiddify/Hiddify-Manager"",""date"":""2026-01-24"",""pr_opened_count_daily"":0,""pr_merged_count_daily"":0,""pr_closed_not_merged_daily"":0,""pr_active_daily"":14,""pr_daily_avg_lead_time_hours"":null,""pr_daily_median_lead_time_hours"":null,""pr_daily_avg_review_latency_hours"":null,""lead_time_sample_size"":0}"
src_205D_timeseries,295,"{""project_key"":""hiddify/Hiddify-Manager"",""date"":""2026-01-25"",""pr_opened_count_daily"":0,""pr_merged_count_daily"":0,""pr_closed_not_merged_daily"":0,""pr_active_daily"":14,""pr_daily_avg_lead_time_hours"":null,""pr_daily_median_lead_time_hours"":null,""pr_daily_avg_review_latency_hours"":null,""lead_time_sample_size"":0}"
src_205D_timeseries,296,"{""project_key"":""hiddify/Hiddify-Manager"",""date"":""2026-01-26"",""pr_opened_count_daily"":1,""pr_merged_count_daily"":0,""pr_closed_not_merged_daily"":1,""pr_active_daily"":14,""pr_daily_avg_lead_time_hours"":null,""pr_daily_median_lead_time_hours"":null,""pr_daily_avg_review_latency_hours"":null,""lead_time_sample_size"":0}"
src_205D_timeseries,297,"{""project_key"":""hiddify/Hiddify-Manager"",""date"":""2026-01-27"",""pr_opened_count_daily"":0,""pr_merged_count_daily"":0,""pr_closed_not_merged_daily"":0,""pr_active_daily"":14,""pr_daily_avg_lead_time_hours"":null,""pr_daily_median_lead_time_hours"":null,""pr_daily_avg_review_latency_hours"":null,""lead_time_sample_size"":0}"
src_205D_timeseries,298,"{""project_key"":""hiddify/Hiddify-Manager"",""date"":""2026-01-28"",""pr_opened_count_daily"":0,""pr_merged_count_daily"":0,""pr_closed_not_merged_daily"":0,""pr_active_daily"":14,""pr_daily_avg_lead_time_hours"":null,""pr_daily_median_lead_time_hours"":null,""pr_daily_avg_review_latency_hours"":null,""lead_time_sample_size"":0}"
src_205D_timeseries,299,"{""project_key"":""hiddify/Hiddify-Manager"",""date"":""2026-01-29"",""pr_opened_count_daily"":0,""pr_merged_count_daily"":0,""pr_closed_not_merged_daily"":0,""pr_active_daily"":14,""pr_daily_avg_lead_time_hours"":null,""pr_daily_median_lead_time_hours"":null,""pr_daily_avg_review_latency_hours"":null,""lead_time_sample_size"":0}"
src_205D_timeseries,300,"{""project_key"":""hiddify/Hiddify-Manager"",""date"":""2026-01-30"",""pr_opened_count_daily"":0,""pr_merged_count_daily"":0,""pr_closed_not_merged_daily"":0,""pr_active_daily"":14,""pr_daily_avg_lead_time_hours"":null,""pr_daily_median_lead_time_hours"":null,""pr_daily_avg_review_latency_hours"":null,""lead_time_sample_size"":0}"
src_205D_timeseries,301,"{""project_key"":""hiddify/Hiddify-Manager"",""date"":""2026-01-31"",""pr_opened_count_daily"":0,""pr_merged_count_daily"":0,""pr_closed_not_merged_daily"":0,""pr_active_daily"":14,""pr_daily_avg_lead_time_hours"":null,""pr_daily_median_lead_time_hours"":null,""pr_daily_avg_review_latency_hours"":null,""lead_time_sample_size"":0}"
src_205D_timeseries,302,"{""project_key"":""hiddify/Hiddify-Manager"",""date"":""2026-02-01"",""pr_opened_count_daily"":0,""pr_merged_count_daily"":0,""pr_closed_not_merged_daily"":0,""pr_active_daily"":14,""pr_daily_avg_lead_time_hours"":null,""pr_daily_median_lead_time_hours"":null,""pr_daily_avg_review_latency_hours"":null,""lead_time_sample_size"":0}"
src_205D_timeseries,303,"{""project_key"":""hiddify/Hiddify-Manager"",""date"":""2026-02-02"",""pr_opened_count_daily"":0,""pr_merged_count_daily"":0,""pr_closed_not_merged_daily"":0,""pr_active_daily"":14,""pr_daily_avg_lead_time_hours"":null,""pr_daily_median_lead_time_hours"":null,""pr_daily_avg_review_latency_hours"":null,""lead_time_sample_size"":0}"
src_205D_timeseries,304,"{""project_key"":""hiddify/Hiddify-Manager"",""date"":""2026-02-03"",""pr_opened_count_daily"":0,""pr_merged_count_daily"":0,""pr_closed_not_merged_daily"":0,""pr_active_daily"":14,""pr_daily_avg_lead_time_hours"":null,""pr_daily_median_lead_time_hours"":null,""pr_daily_avg_review_latency_hours"":null,""lead_time_sample_size"":0}"
src_205D_timeseries,305,"{""project_key"":""hiddify/Hiddify-Manager"",""date"":""2026-02-04"",""pr_opened_count_daily"":0,""pr_merged_count_daily"":0,""pr_closed_not_merged_daily"":0,""pr_active_daily"":14,""pr_daily_avg_lead_time_hours"":null,""pr_daily_median_lead_time_hours"":null,""pr_daily_avg_review_latency_hours"":null,""lead_time_sample_size"":0}"
src_205D_timeseries,306,"{""project_key"":""hiddify/Hiddify-Manager"",""date"":""2026-02-05"",""pr_opened_count_daily"":0,""pr_merged_count_daily"":0,""pr_closed_not_merged_daily"":0,""pr_active_daily"":14,""pr_daily_avg_lead_time_hours"":null,""pr_daily_median_lead_time_hours"":null,""pr_daily_avg_review_latency_hours"":null,""lead_time_sample_size"":0}"
src_205D_timeseries,307,"{""project_key"":""hiddify/Hiddify-Manager"",""date"":""2026-02-06"",""pr_opened_count_daily"":0,""pr_merged_count_daily"":0,""pr_closed_not_merged_daily"":0,""pr_active_daily"":14,""pr_daily_avg_lead_time_hours"":null,""pr_daily_median_lead_time_hours"":null,""pr_daily_avg_review_latency_hours"":null,""lead_time_sample_size"":0}"
src_205D_timeseries,308,"{""project_key"":""hiddify/Hiddify-Manager"",""date"":""2026-02-07"",""pr_opened_count_daily"":2,""pr_merged_count_daily"":0,""pr_closed_not_merged_daily"":0,""pr_active_daily"":16,""pr_daily_avg_lead_time_hours"":null,""pr_daily_median_lead_time_hours"":null,""pr_daily_avg_review_latency_hours"":null,""lead_time_sample_size"":0}"
src_205D_timeseries,309,"{""project_key"":""hiddify/Hiddify-Manager"",""date"":""2026-02-08"",""pr_opened_count_daily"":1,""pr_merged_count_daily"":2,""pr_closed_not_merged_daily"":0,""pr_active_daily"":15,""pr_daily_avg_lead_time_hours"":17.6653,""pr_daily_median_lead_time_hours"":17.6653,""pr_daily_avg_review_latency_hours"":null,""lead_time_sample_size"":2}"
src_205D_timeseries,310,"{""project_key"":""hiddify/Hiddify-Manager"",""date"":""2026-02-09"",""pr_opened_count_daily"":2,""pr_merged_count_daily"":3,""pr_closed_not_merged_daily"":2,""pr_active_daily"":12,""pr_daily_avg_lead_time_hours"":2426.4471,""pr_daily_median_lead_time_hours"":2353.6211,""pr_daily_avg_review_latency_hours"":null,""lead_time_sample_size"":3}"
src_205D_timeseries,311,"{""project_key"":""hiddify/Hiddify-Manager"",""date"":""2026-02-10"",""pr_opened_count_daily"":0,""pr_merged_count_daily"":0,""pr_closed_not_merged_daily"":0,""pr_active_daily"":12,""pr_daily_avg_lead_time_hours"":null,""pr_daily_median_lead_time_hours"":null,""pr_daily_avg_review_latency_hours"":null,""lead_time_sample_size"":0}"
src_205D_timeseries,312,"{""project_key"":""hiddify/Hiddify-Manager"",""date"":""2026-02-11"",""pr_opened_count_daily"":1,""pr_merged_count_daily"":0,""pr_closed_not_merged_daily"":1,""pr_active_daily"":12,""pr_daily_avg_lead_time_hours"":null,""pr_daily_median_lead_time_hours"":null,""pr_daily_avg_review_latency_hours"":null,""lead_time_sample_size"":0}"
src_205D_timeseries,313,"{""project_key"":""hiddify/Hiddify-Manager"",""date"":""2026-02-12"",""pr_opened_count_daily"":2,""pr_merged_count_daily"":2,""pr_closed_not_merged_daily"":1,""pr_active_daily"":11,""pr_daily_avg_lead_time_hours"":12.3694,""pr_daily_median_lead_time_hours"":12.3694,""pr_daily_avg_review_latency_hours"":null,""lead_time_sample_size"":2}"
src_205D_timeseries,314,"{""project_key"":""hiddify/Hiddify-Manager"",""date"":""2026-02-13"",""pr_opened_count_daily"":1,""pr_merged_count_daily"":0,""pr_closed_not_merged_daily"":0,""pr_active_daily"":12,""pr_daily_avg_lead_time_hours"":null,""pr_daily_median_lead_time_hours"":null,""pr_daily_avg_review_latency_hours"":null,""lead_time_sample_size"":0}"
src_205D_timeseries,315,"{""project_key"":""hiddify/Hiddify-Manager"",""date"":""2026-02-14"",""pr_opened_count_daily"":1,""pr_merged_count_daily"":0,""pr_closed_not_merged_daily"":0,""pr_active_daily"":13,""pr_daily_avg_lead_time_hours"":null,""pr_daily_median_lead_time_hours"":null,""pr_daily_avg_review_latency_hours"":null,""lead_time_sample_size"":0}"
src_205D_timeseries,316,"{""project_key"":""hiddify/Hiddify-Manager"",""date"":""2026-02-15"",""pr_opened_count_daily"":0,""pr_merged_count_daily"":1,""pr_closed_not_merged_daily"":1,""pr_active_daily"":11,""pr_daily_avg_lead_time_hours"":22.5561,""pr_daily_median_lead_time_hours"":22.5561,""pr_daily_avg_review_latency_hours"":null,""lead_time_sample_size"":1}"
src_205D_timeseries,317,"{""project_key"":""hiddify/Hiddify-Manager"",""date"":""2026-02-16"",""pr_opened_count_daily"":0,""pr_merged_count_daily"":0,""pr_closed_not_merged_daily"":0,""pr_active_daily"":11,""pr_daily_avg_lead_time_hours"":null,""pr_daily_median_lead_time_hours"":null,""pr_daily_avg_review_latency_hours"":null,""lead_time_sample_size"":0}"
src_205D_timeseries,318,"{""project_key"":""hiddify/Hiddify-Manager"",""date"":""2026-02-17"",""pr_opened_count_daily"":1,""pr_merged_count_daily"":0,""pr_closed_not_merged_daily"":0,""pr_active_daily"":12,""pr_daily_avg_lead_time_hours"":null,""pr_daily_median_lead_time_hours"":null,""pr_daily_avg_review_latency_hours"":null,""lead_time_sample_size"":0}"
src_205D_timeseries,319,"{""project_key"":""hiddify/Hiddify-Manager"",""date"":""2026-02-18"",""pr_opened_count_daily"":0,""pr_merged_count_daily"":0,""pr_closed_not_merged_daily"":0,""pr_active_daily"":12,""pr_daily_avg_lead_time_hours"":null,""pr_daily_median_lead_time_hours"":null,""pr_daily_avg_review_latency_hours"":null,""lead_time_sample_size"":0}"
src_205D_timeseries,320,"{""project_key"":""hiddify/Hiddify-Manager"",""date"":""2026-02-19"",""pr_opened_count_daily"":0,""pr_merged_count_daily"":0,""pr_closed_not_merged_daily"":0,""pr_active_daily"":12,""pr_daily_avg_lead_time_hours"":null,""pr_daily_median_lead_time_hours"":null,""pr_daily_avg_review_latency_hours"":null,""lead_time_sample_size"":0}"
src_205D_timeseries,321,"{""project_key"":""hiddify/Hiddify-Manager"",""date"":""2026-02-20"",""pr_opened_count_daily"":1,""pr_merged_count_daily"":0,""pr_closed_not_merged_daily"":2,""pr_active_daily"":11,""pr_daily_avg_lead_time_hours"":null,""pr_daily_median_lead_time_hours"":null,""pr_daily_avg_review_latency_hours"":null,""lead_time_sample_size"":0}"
src_205D_timeseries,322,"{""project_key"":""hiddify/Hiddify-Manager"",""date"":""2026-02-21"",""pr_opened_count_daily"":0,""pr_merged_count_daily"":0,""pr_closed_not_merged_daily"":0,""pr_active_daily"":11,""pr_daily_avg_lead_time_hours"":null,""pr_daily_median_lead_time_hours"":null,""pr_daily_avg_review_latency_hours"":null,""lead_time_sample_size"":0}"
src_205D_timeseries,323,"{""project_key"":""hiddify/Hiddify-Manager"",""date"":""2026-02-22"",""pr_opened_count_daily"":0,""pr_merged_count_daily"":0,""pr_closed_not_merged_daily"":0,""pr_active_daily"":11,""pr_daily_avg_lead_time_hours"":null,""pr_daily_median_lead_time_hours"":null,""pr_daily_avg_review_latency_hours"":null,""lead_time_sample_size"":0}"
src_205D_timeseries,324,"{""project_key"":""hiddify/Hiddify-Manager"",""date"":""2026-02-23"",""pr_opened_count_daily"":1,""pr_merged_count_daily"":0,""pr_closed_not_merged_daily"":0,""pr_active_daily"":12,""pr_daily_avg_lead_time_hours"":null,""pr_daily_median_lead_time_hours"":null,""pr_daily_avg_review_latency_hours"":null,""lead_time_sample_size"":0}"
src_205D_timeseries,325,"{""project_key"":""hiddify/Hiddify-Manager"",""date"":""2026-02-24"",""pr_opened_count_daily"":0,""pr_merged_count_daily"":0,""pr_closed_not_merged_daily"":0,""pr_active_daily"":12,""pr_daily_avg_lead_time_hours"":null,""pr_daily_median_lead_time_hours"":null,""pr_daily_avg_review_latency_hours"":null,""lead_time_sample_size"":0}"
src_205D_timeseries,326,"{""project_key"":""hiddify/Hiddify-Manager"",""date"":""2026-02-25"",""pr_opened_count_daily"":0,""pr_merged_count_daily"":0,""pr_closed_not_merged_daily"":0,""pr_active_daily"":12,""pr_daily_avg_lead_time_hours"":null,""pr_daily_median_lead_time_hours"":null,""pr_daily_avg_review_latency_hours"":null,""lead_time_sample_size"":0}"
src_205D_timeseries,327,"{""project_key"":""hiddify/Hiddify-Manager"",""date"":""2026-02-26"",""pr_opened_count_daily"":0,""pr_merged_count_daily"":0,""pr_closed_not_merged_daily"":0,""pr_active_daily"":12,""pr_daily_avg_lead_time_hours"":null,""pr_daily_median_lead_time_hours"":null,""pr_daily_avg_review_latency_hours"":null,""lead_time_sample_size"":0}"
src_205D_timeseries,328,"{""project_key"":""hiddify/Hiddify-Manager"",""date"":""2026-02-27"",""pr_opened_count_daily"":0,""pr_merged_count_daily"":0,""pr_closed_not_merged_daily"":0,""pr_active_daily"":12,""pr_daily_avg_lead_time_hours"":null,""pr_daily_median_lead_time_hours"":null,""pr_daily_avg_review_latency_hours"":null,""lead_time_sample_size"":0}"
src_205D_timeseries,329,"{""project_key"":""hiddify/Hiddify-Manager"",""date"":""2026-02-28"",""pr_opened_count_daily"":0,""pr_merged_count_daily"":0,""pr_closed_not_merged_daily"":0,""pr_active_daily"":12,""pr_daily_avg_lead_time_hours"":null,""pr_daily_median_lead_time_hours"":null,""pr_daily_avg_review_latency_hours"":null,""lead_time_sample_size"":0}"
src_205D_timeseries,330,"{""project_key"":""hiddify/Hiddify-Manager"",""date"":""2026-03-01"",""pr_opened_count_daily"":0,""pr_merged_count_daily"":0,""pr_closed_not_merged_daily"":0,""pr_active_daily"":12,""pr_daily_avg_lead_time_hours"":null,""pr_daily_median_lead_time_hours"":null,""pr_daily_avg_review_latency_hours"":null,""lead_time_sample_size"":0}"
src_205D_timeseries,331,"{""project_key"":""hiddify/Hiddify-Manager"",""date"":""2026-03-02"",""pr_opened_count_daily"":0,""pr_merged_count_daily"":0,""pr_closed_not_merged_daily"":0,""pr_active_daily"":12,""pr_daily_avg_lead_time_hours"":null,""pr_daily_median_lead_time_hours"":null,""pr_daily_avg_review_latency_hours"":null,""lead_time_sample_size"":0}"
src_205D_timeseries,332,"{""project_key"":""hiddify/Hiddify-Manager"",""date"":""2026-03-03"",""pr_opened_count_daily"":0,""pr_merged_count_daily"":0,""pr_closed_not_merged_daily"":0,""pr_active_daily"":12,""pr_daily_avg_lead_time_hours"":null,""pr_daily_median_lead_time_hours"":null,""pr_daily_avg_review_latency_hours"":null,""lead_time_sample_size"":0}"
src_205D_timeseries,333,"{""project_key"":""hiddify/Hiddify-Manager"",""date"":""2026-03-04"",""pr_opened_count_daily"":0,""pr_merged_count_daily"":0,""pr_closed_not_merged_daily"":0,""pr_active_daily"":12,""pr_daily_avg_lead_time_hours"":null,""pr_daily_median_lead_time_hours"":null,""pr_daily_avg_review_latency_hours"":null,""lead_time_sample_size"":0}"
src_205D_timeseries,334,"{""project_key"":""hiddify/Hiddify-Manager"",""date"":""2026-03-05"",""pr_opened_count_daily"":0,""pr_merged_count_daily"":0,""pr_closed_not_merged_daily"":1,""pr_active_daily"":11,""pr_daily_avg_lead_time_hours"":null,""pr_daily_median_lead_time_hours"":null,""pr_daily_avg_review_latency_hours"":null,""lead_time_sample_size"":0}"
src_205D_timeseries,335,"{""project_key"":""hiddify/Hiddify-Manager"",""date"":""2026-03-06"",""pr_opened_count_daily"":0,""pr_merged_count_daily"":0,""pr_closed_not_merged_daily"":0,""pr_active_daily"":11,""pr_daily_avg_lead_time_hours"":null,""pr_daily_median_lead_time_hours"":null,""pr_daily_avg_review_latency_hours"":null,""lead_time_sample_size"":0}"
src_205D_timeseries,336,"{""project_key"":""hiddify/Hiddify-Manager"",""date"":""2026-03-07"",""pr_opened_count_daily"":0,""pr_merged_count_daily"":0,""pr_closed_not_merged_daily"":0,""pr_active_daily"":11,""pr_daily_avg_lead_time_hours"":null,""pr_daily_median_lead_time_hours"":null,""pr_daily_avg_review_latency_hours"":null,""lead_time_sample_size"":0}"
src_205D_timeseries,337,"{""project_key"":""hiddify/Hiddify-Manager"",""date"":""2026-03-08"",""pr_opened_count_daily"":0,""pr_merged_count_daily"":0,""pr_closed_not_merged_daily"":0,""pr_active_daily"":11,""pr_daily_avg_lead_time_hours"":null,""pr_daily_median_lead_time_hours"":null,""pr_daily_avg_review_latency_hours"":null,""lead_time_sample_size"":0}"
src_205D_timeseries,338,"{""project_key"":""hiddify/Hiddify-Manager"",""date"":""2026-03-09"",""pr_opened_count_daily"":0,""pr_merged_count_daily"":0,""pr_closed_not_merged_daily"":0,""pr_active_daily"":11,""pr_daily_avg_lead_time_hours"":null,""pr_daily_median_lead_time_hours"":null,""pr_daily_avg_review_latency_hours"":null,""lead_time_sample_size"":0}"
src_205D_timeseries,339,"{""project_key"":""hiddify/Hiddify-Manager"",""date"":""2026-03-10"",""pr_opened_count_daily"":0,""pr_merged_count_daily"":0,""pr_closed_not_merged_daily"":0,""pr_active_daily"":11,""pr_daily_avg_lead_time_hours"":null,""pr_daily_median_lead_time_hours"":null,""pr_daily_avg_review_latency_hours"":null,""lead_time_sample_size"":0}"
src_205D_timeseries,340,"{""project_key"":""hiddify/Hiddify-Manager"",""date"":""2026-03-11"",""pr_opened_count_daily"":0,""pr_merged_count_daily"":0,""pr_closed_not_merged_daily"":0,""pr_active_daily"":11,""pr_daily_avg_lead_time_hours"":null,""pr_daily_median_lead_time_hours"":null,""pr_daily_avg_review_latency_hours"":null,""lead_time_sample_size"":0}"
src_205D_timeseries,341,"{""project_key"":""hiddify/Hiddify-Manager"",""date"":""2026-03-12"",""pr_opened_count_daily"":0,""pr_merged_count_daily"":0,""pr_closed_not_merged_daily"":0,""pr_active_daily"":11,""pr_daily_avg_lead_time_hours"":null,""pr_daily_median_lead_time_hours"":null,""pr_daily_avg_review_latency_hours"":null,""lead_time_sample_size"":0}"
src_205D_timeseries,342,"{""project_key"":""hiddify/Hiddify-Manager"",""date"":""2026-03-13"",""pr_opened_count_daily"":0,""pr_merged_count_daily"":0,""pr_closed_not_merged_daily"":0,""pr_active_daily"":11,""pr_daily_avg_lead_time_hours"":null,""pr_daily_median_lead_time_hours"":null,""pr_daily_avg_review_latency_hours"":null,""lead_time_sample_size"":0}"
src_205D_timeseries,343,"{""project_key"":""hiddify/Hiddify-Manager"",""date"":""2026-03-14"",""pr_opened_count_daily"":1,""pr_merged_count_daily"":0,""pr_closed_not_merged_daily"":0,""pr_active_daily"":12,""pr_daily_avg_lead_time_hours"":null,""pr_daily_median_lead_time_hours"":null,""pr_daily_avg_review_latency_hours"":null,""lead_time_sample_size"":0}"
src_205D_timeseries,344,"{""project_key"":""hiddify/Hiddify-Manager"",""date"":""2026-03-15"",""pr_opened_count_daily"":0,""pr_merged_count_daily"":0,""pr_closed_not_merged_daily"":0,""pr_active_daily"":12,""pr_daily_avg_lead_time_hours"":null,""pr_daily_median_lead_time_hours"":null,""pr_daily_avg_review_latency_hours"":null,""lead_time_sample_size"":0}"
src_205D_timeseries,345,"{""project_key"":""hiddify/Hiddify-Manager"",""date"":""2026-03-16"",""pr_opened_count_daily"":0,""pr_merged_count_daily"":0,""pr_closed_not_merged_daily"":0,""pr_active_daily"":12,""pr_daily_avg_lead_time_hours"":null,""pr_daily_median_lead_time_hours"":null,""pr_daily_avg_review_latency_hours"":null,""lead_time_sample_size"":0}"
src_205D_timeseries,346,"{""project_key"":""hiddify/Hiddify-Manager"",""date"":""2026-03-17"",""pr_opened_count_daily"":0,""pr_merged_count_daily"":0,""pr_closed_not_merged_daily"":0,""pr_active_daily"":12,""pr_daily_avg_lead_time_hours"":null,""pr_daily_median_lead_time_hours"":null,""pr_daily_avg_review_latency_hours"":null,""lead_time_sample_size"":0}"
src_205D_timeseries,347,"{""project_key"":""hiddify/Hiddify-Manager"",""date"":""2026-03-18"",""pr_opened_count_daily"":0,""pr_merged_count_daily"":0,""pr_closed_not_merged_daily"":0,""pr_active_daily"":12,""pr_daily_avg_lead_time_hours"":null,""pr_daily_median_lead_time_hours"":null,""pr_daily_avg_review_latency_hours"":null,""lead_time_sample_size"":0}"
src_205D_timeseries,348,"{""project_key"":""hiddify/Hiddify-Manager"",""date"":""2026-03-19"",""pr_opened_count_daily"":0,""pr_merged_count_daily"":0,""pr_closed_not_merged_daily"":0,""pr_active_daily"":12,""pr_daily_avg_lead_time_hours"":null,""pr_daily_median_lead_time_hours"":null,""pr_daily_avg_review_latency_hours"":null,""lead_time_sample_size"":0}"
src_205D_timeseries,349,"{""project_key"":""hiddify/Hiddify-Manager"",""date"":""2026-03-20"",""pr_opened_count_daily"":0,""pr_merged_count_daily"":0,""pr_closed_not_merged_daily"":0,""pr_active_daily"":12,""pr_daily_avg_lead_time_hours"":null,""pr_daily_median_lead_time_hours"":null,""pr_daily_avg_review_latency_hours"":null,""lead_time_sample_size"":0}"
src_205D_timeseries,350,"{""project_key"":""hiddify/Hiddify-Manager"",""date"":""2026-03-21"",""pr_opened_count_daily"":0,""pr_merged_count_daily"":0,""pr_closed_not_merged_daily"":0,""pr_active_daily"":12,""pr_daily_avg_lead_time_hours"":null,""pr_daily_median_lead_time_hours"":null,""pr_daily_avg_review_latency_hours"":null,""lead_time_sample_size"":0}"
src_205D_timeseries,351,"{""project_key"":""hiddify/Hiddify-Manager"",""date"":""2026-03-22"",""pr_opened_count_daily"":0,""pr_merged_count_daily"":0,""pr_closed_not_merged_daily"":0,""pr_active_daily"":12,""pr_daily_avg_lead_time_hours"":null,""pr_daily_median_lead_time_hours"":null,""pr_daily_avg_review_latency_hours"":null,""lead_time_sample_size"":0}"
src_205D_timeseries,352,"{""project_key"":""hiddify/Hiddify-Manager"",""date"":""2026-03-23"",""pr_opened_count_daily"":0,""pr_merged_count_daily"":0,""pr_closed_not_merged_daily"":0,""pr_active_daily"":12,""pr_daily_avg_lead_time_hours"":null,""pr_daily_median_lead_time_hours"":null,""pr_daily_avg_review_latency_hours"":null,""lead_time_sample_size"":0}"
src_205D_timeseries,353,"{""project_key"":""hiddify/Hiddify-Manager"",""date"":""2026-03-24"",""pr_opened_count_daily"":0,""pr_merged_count_daily"":0,""pr_closed_not_merged_daily"":0,""pr_active_daily"":12,""pr_daily_avg_lead_time_hours"":null,""pr_daily_median_lead_time_hours"":null,""pr_daily_avg_review_latency_hours"":null,""lead_time_sample_size"":0}"
src_205D_timeseries,354,"{""project_key"":""hiddify/Hiddify-Manager"",""date"":""2026-03-25"",""pr_opened_count_daily"":0,""pr_merged_count_daily"":0,""pr_closed_not_merged_daily"":0,""pr_active_daily"":12,""pr_daily_avg_lead_time_hours"":null,""pr_daily_median_lead_time_hours"":null,""pr_daily_avg_review_latency_hours"":null,""lead_time_sample_size"":0}"
src_205D_timeseries,355,"{""project_key"":""hiddify/Hiddify-Manager"",""date"":""2026-03-26"",""pr_opened_count_daily"":1,""pr_merged_count_daily"":0,""pr_closed_not_merged_daily"":0,""pr_active_daily"":13,""pr_daily_avg_lead_time_hours"":null,""pr_daily_median_lead_time_hours"":null,""pr_daily_avg_review_latency_hours"":null,""lead_time_sample_size"":0}"
src_205D_timeseries,356,"{""project_key"":""hiddify/Hiddify-Manager"",""date"":""2026-03-27"",""pr_opened_count_daily"":0,""pr_merged_count_daily"":0,""pr_closed_not_merged_daily"":0,""pr_active_daily"":13,""pr_daily_avg_lead_time_hours"":null,""pr_daily_median_lead_time_hours"":null,""pr_daily_avg_review_latency_hours"":null,""lead_time_sample_size"":0}"
src_205D_timeseries,357,"{""project_key"":""hiddify/Hiddify-Manager"",""date"":""2026-03-28"",""pr_opened_count_daily"":0,""pr_merged_count_daily"":0,""pr_closed_not_merged_daily"":1,""pr_active_daily"":12,""pr_daily_avg_lead_time_hours"":null,""pr_daily_median_lead_time_hours"":null,""pr_daily_avg_review_latency_hours"":null,""lead_time_sample_size"":0}"
src_205D_timeseries,358,"{""project_key"":""hiddify/Hiddify-Manager"",""date"":""2026-03-29"",""pr_opened_count_daily"":0,""pr_merged_count_daily"":0,""pr_closed_not_merged_daily"":0,""pr_active_daily"":12,""pr_daily_avg_lead_time_hours"":null,""pr_daily_median_lead_time_hours"":null,""pr_daily_avg_review_latency_hours"":null,""lead_time_sample_size"":0}"
src_205D_timeseries,359,"{""project_key"":""hiddify/Hiddify-Manager"",""date"":""2026-03-30"",""pr_opened_count_daily"":0,""pr_merged_count_daily"":0,""pr_closed_not_merged_daily"":0,""pr_active_daily"":12,""pr_daily_avg_lead_time_hours"":null,""pr_daily_median_lead_time_hours"":null,""pr_daily_avg_review_latency_hours"":null,""lead_time_sample_size"":0}"
src_205D_timeseries,360,"{""project_key"":""hiddify/Hiddify-Manager"",""date"":""2026-03-31"",""pr_opened_count_daily"":0,""pr_merged_count_daily"":0,""pr_closed_not_merged_daily"":0,""pr_active_daily"":12,""pr_daily_avg_lead_time_hours"":null,""pr_daily_median_lead_time_hours"":null,""pr_daily_avg_review_latency_hours"":null,""lead_time_sample_size"":0}"
src_205D_timeseries,361,"{""project_key"":""khoj-ai/khoj"",""date"":""2026-01-01"",""pr_opened_count_daily"":0,""pr_merged_count_daily"":0,""pr_closed_not_merged_daily"":0,""pr_active_daily"":10,""pr_daily_avg_lead_time_hours"":null,""pr_daily_median_lead_time_hours"":null,""pr_daily_avg_review_latency_hours"":null,""lead_time_sample_size"":0}"
src_205D_timeseries,362,"{""project_key"":""khoj-ai/khoj"",""date"":""2026-01-02"",""pr_opened_count_daily"":0,""pr_merged_count_daily"":0,""pr_closed_not_merged_daily"":0,""pr_active_daily"":10,""pr_daily_avg_lead_time_hours"":null,""pr_daily_median_lead_time_hours"":null,""pr_daily_avg_review_latency_hours"":null,""lead_time_sample_size"":0}"
src_205D_timeseries,363,"{""project_key"":""khoj-ai/khoj"",""date"":""2026-01-03"",""pr_opened_count_daily"":0,""pr_merged_count_daily"":2,""pr_closed_not_merged_daily"":0,""pr_active_daily"":8,""pr_daily_avg_lead_time_hours"":4472.9281,""pr_daily_median_lead_time_hours"":4472.9281,""pr_daily_avg_review_latency_hours"":null,""lead_time_sample_size"":2}"
src_205D_timeseries,364,"{""project_key"":""khoj-ai/khoj"",""date"":""2026-01-04"",""pr_opened_count_daily"":0,""pr_merged_count_daily"":0,""pr_closed_not_merged_daily"":0,""pr_active_daily"":8,""pr_daily_avg_lead_time_hours"":null,""pr_daily_median_lead_time_hours"":null,""pr_daily_avg_review_latency_hours"":null,""lead_time_sample_size"":0}"
src_205D_timeseries,365,"{""project_key"":""khoj-ai/khoj"",""date"":""2026-01-05"",""pr_opened_count_daily"":1,""pr_merged_count_daily"":0,""pr_closed_not_merged_daily"":1,""pr_active_daily"":8,""pr_daily_avg_lead_time_hours"":null,""pr_daily_median_lead_time_hours"":null,""pr_daily_avg_review_latency_hours"":null,""lead_time_sample_size"":0}"
src_205D_timeseries,366,"{""project_key"":""khoj-ai/khoj"",""date"":""2026-01-06"",""pr_opened_count_daily"":0,""pr_merged_count_daily"":0,""pr_closed_not_merged_daily"":2,""pr_active_daily"":6,""pr_daily_avg_lead_time_hours"":null,""pr_daily_median_lead_time_hours"":null,""pr_daily_avg_review_latency_hours"":null,""lead_time_sample_size"":0}"
src_205D_timeseries,367,"{""project_key"":""khoj-ai/khoj"",""date"":""2026-01-07"",""pr_opened_count_daily"":0,""pr_merged_count_daily"":0,""pr_closed_not_merged_daily"":0,""pr_active_daily"":6,""pr_daily_avg_lead_time_hours"":null,""pr_daily_median_lead_time_hours"":null,""pr_daily_avg_review_latency_hours"":null,""lead_time_sample_size"":0}"
src_205D_timeseries,368,"{""project_key"":""khoj-ai/khoj"",""date"":""2026-01-08"",""pr_opened_count_daily"":2,""pr_merged_count_daily"":0,""pr_closed_not_merged_daily"":0,""pr_active_daily"":8,""pr_daily_avg_lead_time_hours"":null,""pr_daily_median_lead_time_hours"":null,""pr_daily_avg_review_latency_hours"":null,""lead_time_sample_size"":0}"
src_205D_timeseries,369,"{""project_key"":""khoj-ai/khoj"",""date"":""2026-01-09"",""pr_opened_count_daily"":0,""pr_merged_count_daily"":0,""pr_closed_not_merged_daily"":0,""pr_active_daily"":8,""pr_daily_avg_lead_time_hours"":null,""pr_daily_median_lead_time_hours"":null,""pr_daily_avg_review_latency_hours"":null,""lead_time_sample_size"":0}"
src_205D_timeseries,370,"{""project_key"":""khoj-ai/khoj"",""date"":""2026-01-10"",""pr_opened_count_daily"":0,""pr_merged_count_daily"":0,""pr_closed_not_merged_daily"":0,""pr_active_daily"":8,""pr_daily_avg_lead_time_hours"":null,""pr_daily_median_lead_time_hours"":null,""pr_daily_avg_review_latency_hours"":null,""lead_time_sample_size"":0}"
src_205D_timeseries,371,"{""project_key"":""khoj-ai/khoj"",""date"":""2026-01-11"",""pr_opened_count_daily"":0,""pr_merged_count_daily"":0,""pr_closed_not_merged_daily"":0,""pr_active_daily"":8,""pr_daily_avg_lead_time_hours"":null,""pr_daily_median_lead_time_hours"":null,""pr_daily_avg_review_latency_hours"":null,""lead_time_sample_size"":0}"
src_205D_timeseries,372,"{""project_key"":""khoj-ai/khoj"",""date"":""2026-01-12"",""pr_opened_count_daily"":0,""pr_merged_count_daily"":0,""pr_closed_not_merged_daily"":0,""pr_active_daily"":8,""pr_daily_avg_lead_time_hours"":null,""pr_daily_median_lead_time_hours"":null,""pr_daily_avg_review_latency_hours"":null,""lead_time_sample_size"":0}"
src_205D_timeseries,373,"{""project_key"":""khoj-ai/khoj"",""date"":""2026-01-13"",""pr_opened_count_daily"":0,""pr_merged_count_daily"":0,""pr_closed_not_merged_daily"":0,""pr_active_daily"":8,""pr_daily_avg_lead_time_hours"":null,""pr_daily_median_lead_time_hours"":null,""pr_daily_avg_review_latency_hours"":null,""lead_time_sample_size"":0}"
src_205D_timeseries,374,"{""project_key"":""khoj-ai/khoj"",""date"":""2026-01-14"",""pr_opened_count_daily"":0,""pr_merged_count_daily"":0,""pr_closed_not_merged_daily"":0,""pr_active_daily"":8,""pr_daily_avg_lead_time_hours"":null,""pr_daily_median_lead_time_hours"":null,""pr_daily_avg_review_latency_hours"":null,""lead_time_sample_size"":0}"
src_205D_timeseries,375,"{""project_key"":""khoj-ai/khoj"",""date"":""2026-01-15"",""pr_opened_count_daily"":0,""pr_merged_count_daily"":0,""pr_closed_not_merged_daily"":0,""pr_active_daily"":8,""pr_daily_avg_lead_time_hours"":null,""pr_daily_median_lead_time_hours"":null,""pr_daily_avg_review_latency_hours"":null,""lead_time_sample_size"":0}"
src_205D_timeseries,376,"{""project_key"":""khoj-ai/khoj"",""date"":""2026-01-16"",""pr_opened_count_daily"":0,""pr_merged_count_daily"":0,""pr_closed_not_merged_daily"":0,""pr_active_daily"":8,""pr_daily_avg_lead_time_hours"":null,""pr_daily_median_lead_time_hours"":null,""pr_daily_avg_review_latency_hours"":null,""lead_time_sample_size"":0}"
src_205D_timeseries,377,"{""project_key"":""khoj-ai/khoj"",""date"":""2026-01-17"",""pr_opened_count_daily"":0,""pr_merged_count_daily"":0,""pr_closed_not_merged_daily"":0,""pr_active_daily"":8,""pr_daily_avg_lead_time_hours"":null,""pr_daily_median_lead_time_hours"":null,""pr_daily_avg_review_latency_hours"":null,""lead_time_sample_size"":0}"
src_205D_timeseries,378,"{""project_key"":""khoj-ai/khoj"",""date"":""2026-01-18"",""pr_opened_count_daily"":0,""pr_merged_count_daily"":0,""pr_closed_not_merged_daily"":0,""pr_active_daily"":8,""pr_daily_avg_lead_time_hours"":null,""pr_daily_median_lead_time_hours"":null,""pr_daily_avg_review_latency_hours"":null,""lead_time_sample_size"":0}"
src_205D_timeseries,379,"{""project_key"":""khoj-ai/khoj"",""date"":""2026-01-19"",""pr_opened_count_daily"":0,""pr_merged_count_daily"":0,""pr_closed_not_merged_daily"":0,""pr_active_daily"":8,""pr_daily_avg_lead_time_hours"":null,""pr_daily_median_lead_time_hours"":null,""pr_daily_avg_review_latency_hours"":null,""lead_time_sample_size"":0}"
src_205D_timeseries,380,"{""project_key"":""khoj-ai/khoj"",""date"":""2026-01-20"",""pr_opened_count_daily"":0,""pr_merged_count_daily"":0,""pr_closed_not_merged_daily"":0,""pr_active_daily"":8,""pr_daily_avg_lead_time_hours"":null,""pr_daily_median_lead_time_hours"":null,""pr_daily_avg_review_latency_hours"":null,""lead_time_sample_size"":0}"
src_205D_timeseries,381,"{""project_key"":""khoj-ai/khoj"",""date"":""2026-01-21"",""pr_opened_count_daily"":0,""pr_merged_count_daily"":0,""pr_closed_not_merged_daily"":0,""pr_active_daily"":8,""pr_daily_avg_lead_time_hours"":null,""pr_daily_median_lead_time_hours"":null,""pr_daily_avg_review_latency_hours"":null,""lead_time_sample_size"":0}"
src_205D_timeseries,382,"{""project_key"":""khoj-ai/khoj"",""date"":""2026-01-22"",""pr_opened_count_daily"":0,""pr_merged_count_daily"":0,""pr_closed_not_merged_daily"":0,""pr_active_daily"":8,""pr_daily_avg_lead_time_hours"":null,""pr_daily_median_lead_time_hours"":null,""pr_daily_avg_review_latency_hours"":null,""lead_time_sample_size"":0}"
src_205D_timeseries,383,"{""project_key"":""khoj-ai/khoj"",""date"":""2026-01-23"",""pr_opened_count_daily"":0,""pr_merged_count_daily"":0,""pr_closed_not_merged_daily"":0,""pr_active_daily"":8,""pr_daily_avg_lead_time_hours"":null,""pr_daily_median_lead_time_hours"":null,""pr_daily_avg_review_latency_hours"":null,""lead_time_sample_size"":0}"
src_205D_timeseries,384,"{""project_key"":""khoj-ai/khoj"",""date"":""2026-01-24"",""pr_opened_count_daily"":0,""pr_merged_count_daily"":0,""pr_closed_not_merged_daily"":0,""pr_active_daily"":8,""pr_daily_avg_lead_time_hours"":null,""pr_daily_median_lead_time_hours"":null,""pr_daily_avg_review_latency_hours"":null,""lead_time_sample_size"":0}"
src_205D_timeseries,385,"{""project_key"":""khoj-ai/khoj"",""date"":""2026-01-25"",""pr_opened_count_daily"":1,""pr_merged_count_daily"":0,""pr_closed_not_merged_daily"":1,""pr_active_daily"":8,""pr_daily_avg_lead_time_hours"":null,""pr_daily_median_lead_time_hours"":null,""pr_daily_avg_review_latency_hours"":null,""lead_time_sample_size"":0}"
src_205D_timeseries,386,"{""project_key"":""khoj-ai/khoj"",""date"":""2026-01-26"",""pr_opened_count_daily"":0,""pr_merged_count_daily"":0,""pr_closed_not_merged_daily"":0,""pr_active_daily"":8,""pr_daily_avg_lead_time_hours"":null,""pr_daily_median_lead_time_hours"":null,""pr_daily_avg_review_latency_hours"":null,""lead_time_sample_size"":0}"
src_205D_timeseries,387,"{""project_key"":""khoj-ai/khoj"",""date"":""2026-01-27"",""pr_opened_count_daily"":0,""pr_merged_count_daily"":0,""pr_closed_not_merged_daily"":0,""pr_active_daily"":8,""pr_daily_avg_lead_time_hours"":null,""pr_daily_median_lead_time_hours"":null,""pr_daily_avg_review_latency_hours"":null,""lead_time_sample_size"":0}"
src_205D_timeseries,388,"{""project_key"":""khoj-ai/khoj"",""date"":""2026-01-28"",""pr_opened_count_daily"":0,""pr_merged_count_daily"":0,""pr_closed_not_merged_daily"":0,""pr_active_daily"":8,""pr_daily_avg_lead_time_hours"":null,""pr_daily_median_lead_time_hours"":null,""pr_daily_avg_review_latency_hours"":null,""lead_time_sample_size"":0}"
src_205D_timeseries,389,"{""project_key"":""khoj-ai/khoj"",""date"":""2026-01-29"",""pr_opened_count_daily"":0,""pr_merged_count_daily"":0,""pr_closed_not_merged_daily"":0,""pr_active_daily"":8,""pr_daily_avg_lead_time_hours"":null,""pr_daily_median_lead_time_hours"":null,""pr_daily_avg_review_latency_hours"":null,""lead_time_sample_size"":0}"
src_205D_timeseries,390,"{""project_key"":""khoj-ai/khoj"",""date"":""2026-01-30"",""pr_opened_count_daily"":0,""pr_merged_count_daily"":0,""pr_closed_not_merged_daily"":0,""pr_active_daily"":8,""pr_daily_avg_lead_time_hours"":null,""pr_daily_median_lead_time_hours"":null,""pr_daily_avg_review_latency_hours"":null,""lead_time_sample_size"":0}"
src_205D_timeseries,391,"{""project_key"":""khoj-ai/khoj"",""date"":""2026-01-31"",""pr_opened_count_daily"":0,""pr_merged_count_daily"":0,""pr_closed_not_merged_daily"":0,""pr_active_daily"":8,""pr_daily_avg_lead_time_hours"":null,""pr_daily_median_lead_time_hours"":null,""pr_daily_avg_review_latency_hours"":null,""lead_time_sample_size"":0}"
src_205D_timeseries,392,"{""project_key"":""khoj-ai/khoj"",""date"":""2026-02-01"",""pr_opened_count_daily"":0,""pr_merged_count_daily"":0,""pr_closed_not_merged_daily"":0,""pr_active_daily"":8,""pr_daily_avg_lead_time_hours"":null,""pr_daily_median_lead_time_hours"":null,""pr_daily_avg_review_latency_hours"":null,""lead_time_sample_size"":0}"
src_205D_timeseries,393,"{""project_key"":""khoj-ai/khoj"",""date"":""2026-02-02"",""pr_opened_count_daily"":0,""pr_merged_count_daily"":0,""pr_closed_not_merged_daily"":0,""pr_active_daily"":8,""pr_daily_avg_lead_time_hours"":null,""pr_daily_median_lead_time_hours"":null,""pr_daily_avg_review_latency_hours"":null,""lead_time_sample_size"":0}"
src_205D_timeseries,394,"{""project_key"":""khoj-ai/khoj"",""date"":""2026-02-03"",""pr_opened_count_daily"":0,""pr_merged_count_daily"":0,""pr_closed_not_merged_daily"":0,""pr_active_daily"":8,""pr_daily_avg_lead_time_hours"":null,""pr_daily_median_lead_time_hours"":null,""pr_daily_avg_review_latency_hours"":null,""lead_time_sample_size"":0}"
src_205D_timeseries,395,"{""project_key"":""khoj-ai/khoj"",""date"":""2026-02-04"",""pr_opened_count_daily"":0,""pr_merged_count_daily"":0,""pr_closed_not_merged_daily"":0,""pr_active_daily"":8,""pr_daily_avg_lead_time_hours"":null,""pr_daily_median_lead_time_hours"":null,""pr_daily_avg_review_latency_hours"":null,""lead_time_sample_size"":0}"
src_205D_timeseries,396,"{""project_key"":""khoj-ai/khoj"",""date"":""2026-02-05"",""pr_opened_count_daily"":0,""pr_merged_count_daily"":0,""pr_closed_not_merged_daily"":0,""pr_active_daily"":8,""pr_daily_avg_lead_time_hours"":null,""pr_daily_median_lead_time_hours"":null,""pr_daily_avg_review_latency_hours"":null,""lead_time_sample_size"":0}"
src_205D_timeseries,397,"{""project_key"":""khoj-ai/khoj"",""date"":""2026-02-06"",""pr_opened_count_daily"":0,""pr_merged_count_daily"":0,""pr_closed_not_merged_daily"":0,""pr_active_daily"":8,""pr_daily_avg_lead_time_hours"":null,""pr_daily_median_lead_time_hours"":null,""pr_daily_avg_review_latency_hours"":null,""lead_time_sample_size"":0}"
src_205D_timeseries,398,"{""project_key"":""khoj-ai/khoj"",""date"":""2026-02-07"",""pr_opened_count_daily"":0,""pr_merged_count_daily"":0,""pr_closed_not_merged_daily"":0,""pr_active_daily"":8,""pr_daily_avg_lead_time_hours"":null,""pr_daily_median_lead_time_hours"":null,""pr_daily_avg_review_latency_hours"":null,""lead_time_sample_size"":0}"
src_205D_timeseries,399,"{""project_key"":""khoj-ai/khoj"",""date"":""2026-02-08"",""pr_opened_count_daily"":0,""pr_merged_count_daily"":0,""pr_closed_not_merged_daily"":0,""pr_active_daily"":8,""pr_daily_avg_lead_time_hours"":null,""pr_daily_median_lead_time_hours"":null,""pr_daily_avg_review_latency_hours"":null,""lead_time_sample_size"":0}"
src_205D_timeseries,400,"{""project_key"":""khoj-ai/khoj"",""date"":""2026-02-09"",""pr_opened_count_daily"":0,""pr_merged_count_daily"":0,""pr_closed_not_merged_daily"":0,""pr_active_daily"":8,""pr_daily_avg_lead_time_hours"":null,""pr_daily_median_lead_time_hours"":null,""pr_daily_avg_review_latency_hours"":null,""lead_time_sample_size"":0}"
src_205D_timeseries,401,"{""project_key"":""khoj-ai/khoj"",""date"":""2026-02-10"",""pr_opened_count_daily"":0,""pr_merged_count_daily"":0,""pr_closed_not_merged_daily"":0,""pr_active_daily"":8,""pr_daily_avg_lead_time_hours"":null,""pr_daily_median_lead_time_hours"":null,""pr_daily_avg_review_latency_hours"":null,""lead_time_sample_size"":0}"
src_205D_timeseries,402,"{""project_key"":""khoj-ai/khoj"",""date"":""2026-02-11"",""pr_opened_count_daily"":0,""pr_merged_count_daily"":0,""pr_closed_not_merged_daily"":0,""pr_active_daily"":8,""pr_daily_avg_lead_time_hours"":null,""pr_daily_median_lead_time_hours"":null,""pr_daily_avg_review_latency_hours"":null,""lead_time_sample_size"":0}"
src_205D_timeseries,403,"{""project_key"":""khoj-ai/khoj"",""date"":""2026-02-12"",""pr_opened_count_daily"":0,""pr_merged_count_daily"":0,""pr_closed_not_merged_daily"":0,""pr_active_daily"":8,""pr_daily_avg_lead_time_hours"":null,""pr_daily_median_lead_time_hours"":null,""pr_daily_avg_review_latency_hours"":null,""lead_time_sample_size"":0}"
src_205D_timeseries,404,"{""project_key"":""khoj-ai/khoj"",""date"":""2026-02-13"",""pr_opened_count_daily"":0,""pr_merged_count_daily"":0,""pr_closed_not_merged_daily"":0,""pr_active_daily"":8,""pr_daily_avg_lead_time_hours"":null,""pr_daily_median_lead_time_hours"":null,""pr_daily_avg_review_latency_hours"":null,""lead_time_sample_size"":0}"
src_205D_timeseries,405,"{""project_key"":""khoj-ai/khoj"",""date"":""2026-02-14"",""pr_opened_count_daily"":0,""pr_merged_count_daily"":0,""pr_closed_not_merged_daily"":0,""pr_active_daily"":8,""pr_daily_avg_lead_time_hours"":null,""pr_daily_median_lead_time_hours"":null,""pr_daily_avg_review_latency_hours"":null,""lead_time_sample_size"":0}"
src_205D_timeseries,406,"{""project_key"":""khoj-ai/khoj"",""date"":""2026-02-15"",""pr_opened_count_daily"":0,""pr_merged_count_daily"":0,""pr_closed_not_merged_daily"":0,""pr_active_daily"":8,""pr_daily_avg_lead_time_hours"":null,""pr_daily_median_lead_time_hours"":null,""pr_daily_avg_review_latency_hours"":null,""lead_time_sample_size"":0}"
src_205D_timeseries,407,"{""project_key"":""khoj-ai/khoj"",""date"":""2026-02-16"",""pr_opened_count_daily"":0,""pr_merged_count_daily"":0,""pr_closed_not_merged_daily"":0,""pr_active_daily"":8,""pr_daily_avg_lead_time_hours"":null,""pr_daily_median_lead_time_hours"":null,""pr_daily_avg_review_latency_hours"":null,""lead_time_sample_size"":0}"
src_205D_timeseries,408,"{""project_key"":""khoj-ai/khoj"",""date"":""2026-02-17"",""pr_opened_count_daily"":0,""pr_merged_count_daily"":0,""pr_closed_not_merged_daily"":0,""pr_active_daily"":8,""pr_daily_avg_lead_time_hours"":null,""pr_daily_median_lead_time_hours"":null,""pr_daily_avg_review_latency_hours"":null,""lead_time_sample_size"":0}"
src_205D_timeseries,409,"{""project_key"":""khoj-ai/khoj"",""date"":""2026-02-18"",""pr_opened_count_daily"":0,""pr_merged_count_daily"":0,""pr_closed_not_merged_daily"":0,""pr_active_daily"":8,""pr_daily_avg_lead_time_hours"":null,""pr_daily_median_lead_time_hours"":null,""pr_daily_avg_review_latency_hours"":null,""lead_time_sample_size"":0}"
src_205D_timeseries,410,"{""project_key"":""khoj-ai/khoj"",""date"":""2026-02-19"",""pr_opened_count_daily"":0,""pr_merged_count_daily"":0,""pr_closed_not_merged_daily"":0,""pr_active_daily"":8,""pr_daily_avg_lead_time_hours"":null,""pr_daily_median_lead_time_hours"":null,""pr_daily_avg_review_latency_hours"":null,""lead_time_sample_size"":0}"
src_205D_timeseries,411,"{""project_key"":""khoj-ai/khoj"",""date"":""2026-02-20"",""pr_opened_count_daily"":0,""pr_merged_count_daily"":0,""pr_closed_not_merged_daily"":0,""pr_active_daily"":8,""pr_daily_avg_lead_time_hours"":null,""pr_daily_median_lead_time_hours"":null,""pr_daily_avg_review_latency_hours"":null,""lead_time_sample_size"":0}"
src_205D_timeseries,412,"{""project_key"":""khoj-ai/khoj"",""date"":""2026-02-21"",""pr_opened_count_daily"":0,""pr_merged_count_daily"":0,""pr_closed_not_merged_daily"":0,""pr_active_daily"":8,""pr_daily_avg_lead_time_hours"":null,""pr_daily_median_lead_time_hours"":null,""pr_daily_avg_review_latency_hours"":null,""lead_time_sample_size"":0}"
src_205D_timeseries,413,"{""project_key"":""khoj-ai/khoj"",""date"":""2026-02-22"",""pr_opened_count_daily"":1,""pr_merged_count_daily"":3,""pr_closed_not_merged_daily"":1,""pr_active_daily"":5,""pr_daily_avg_lead_time_hours"":5908.24,""pr_daily_median_lead_time_hours"":7905.5864,""pr_daily_avg_review_latency_hours"":null,""lead_time_sample_size"":3}"
src_205D_timeseries,414,"{""project_key"":""khoj-ai/khoj"",""date"":""2026-02-23"",""pr_opened_count_daily"":1,""pr_merged_count_daily"":0,""pr_closed_not_merged_daily"":0,""pr_active_daily"":6,""pr_daily_avg_lead_time_hours"":null,""pr_daily_median_lead_time_hours"":null,""pr_daily_avg_review_latency_hours"":null,""lead_time_sample_size"":0}"
src_205D_timeseries,415,"{""project_key"":""khoj-ai/khoj"",""date"":""2026-02-24"",""pr_opened_count_daily"":0,""pr_merged_count_daily"":0,""pr_closed_not_merged_daily"":1,""pr_active_daily"":5,""pr_daily_avg_lead_time_hours"":null,""pr_daily_median_lead_time_hours"":null,""pr_daily_avg_review_latency_hours"":null,""lead_time_sample_size"":0}"
src_205D_timeseries,416,"{""project_key"":""khoj-ai/khoj"",""date"":""2026-02-25"",""pr_opened_count_daily"":0,""pr_merged_count_daily"":0,""pr_closed_not_merged_daily"":0,""pr_active_daily"":5,""pr_daily_avg_lead_time_hours"":null,""pr_daily_median_lead_time_hours"":null,""pr_daily_avg_review_latency_hours"":null,""lead_time_sample_size"":0}"
src_205D_timeseries,417,"{""project_key"":""khoj-ai/khoj"",""date"":""2026-02-26"",""pr_opened_count_daily"":0,""pr_merged_count_daily"":0,""pr_closed_not_merged_daily"":0,""pr_active_daily"":5,""pr_daily_avg_lead_time_hours"":null,""pr_daily_median_lead_time_hours"":null,""pr_daily_avg_review_latency_hours"":null,""lead_time_sample_size"":0}"
src_205D_timeseries,418,"{""project_key"":""khoj-ai/khoj"",""date"":""2026-02-27"",""pr_opened_count_daily"":1,""pr_merged_count_daily"":0,""pr_closed_not_merged_daily"":1,""pr_active_daily"":5,""pr_daily_avg_lead_time_hours"":null,""pr_daily_median_lead_time_hours"":null,""pr_daily_avg_review_latency_hours"":null,""lead_time_sample_size"":0}"
src_205D_timeseries,419,"{""project_key"":""khoj-ai/khoj"",""date"":""2026-02-28"",""pr_opened_count_daily"":0,""pr_merged_count_daily"":0,""pr_closed_not_merged_daily"":0,""pr_active_daily"":5,""pr_daily_avg_lead_time_hours"":null,""pr_daily_median_lead_time_hours"":null,""pr_daily_avg_review_latency_hours"":null,""lead_time_sample_size"":0}"
src_205D_timeseries,420,"{""project_key"":""khoj-ai/khoj"",""date"":""2026-03-01"",""pr_opened_count_daily"":0,""pr_merged_count_daily"":0,""pr_closed_not_merged_daily"":0,""pr_active_daily"":5,""pr_daily_avg_lead_time_hours"":null,""pr_daily_median_lead_time_hours"":null,""pr_daily_avg_review_latency_hours"":null,""lead_time_sample_size"":0}"
src_205D_timeseries,421,"{""project_key"":""khoj-ai/khoj"",""date"":""2026-03-02"",""pr_opened_count_daily"":0,""pr_merged_count_daily"":0,""pr_closed_not_merged_daily"":0,""pr_active_daily"":5,""pr_daily_avg_lead_time_hours"":null,""pr_daily_median_lead_time_hours"":null,""pr_daily_avg_review_latency_hours"":null,""lead_time_sample_size"":0}"
src_205D_timeseries,422,"{""project_key"":""khoj-ai/khoj"",""date"":""2026-03-03"",""pr_opened_count_daily"":1,""pr_merged_count_daily"":0,""pr_closed_not_merged_daily"":0,""pr_active_daily"":6,""pr_daily_avg_lead_time_hours"":null,""pr_daily_median_lead_time_hours"":null,""pr_daily_avg_review_latency_hours"":null,""lead_time_sample_size"":0}"
src_205D_timeseries,423,"{""project_key"":""khoj-ai/khoj"",""date"":""2026-03-04"",""pr_opened_count_daily"":1,""pr_merged_count_daily"":0,""pr_closed_not_merged_daily"":0,""pr_active_daily"":7,""pr_daily_avg_lead_time_hours"":null,""pr_daily_median_lead_time_hours"":null,""pr_daily_avg_review_latency_hours"":null,""lead_time_sample_size"":0}"
src_205D_timeseries,424,"{""project_key"":""khoj-ai/khoj"",""date"":""2026-03-05"",""pr_opened_count_daily"":1,""pr_merged_count_daily"":0,""pr_closed_not_merged_daily"":0,""pr_active_daily"":8,""pr_daily_avg_lead_time_hours"":null,""pr_daily_median_lead_time_hours"":null,""pr_daily_avg_review_latency_hours"":null,""lead_time_sample_size"":0}"
src_205D_timeseries,425,"{""project_key"":""khoj-ai/khoj"",""date"":""2026-03-06"",""pr_opened_count_daily"":1,""pr_merged_count_daily"":2,""pr_closed_not_merged_daily"":0,""pr_active_daily"":7,""pr_daily_avg_lead_time_hours"":36.8122,""pr_daily_median_lead_time_hours"":36.8122,""pr_daily_avg_review_latency_hours"":null,""lead_time_sample_size"":2}"
src_205D_timeseries,426,"{""project_key"":""khoj-ai/khoj"",""date"":""2026-03-07"",""pr_opened_count_daily"":0,""pr_merged_count_daily"":0,""pr_closed_not_merged_daily"":0,""pr_active_daily"":7,""pr_daily_avg_lead_time_hours"":null,""pr_daily_median_lead_time_hours"":null,""pr_daily_avg_review_latency_hours"":null,""lead_time_sample_size"":0}"
src_205D_timeseries,427,"{""project_key"":""khoj-ai/khoj"",""date"":""2026-03-08"",""pr_opened_count_daily"":4,""pr_merged_count_daily"":0,""pr_closed_not_merged_daily"":0,""pr_active_daily"":11,""pr_daily_avg_lead_time_hours"":null,""pr_daily_median_lead_time_hours"":null,""pr_daily_avg_review_latency_hours"":null,""lead_time_sample_size"":0}"
src_205D_timeseries,428,"{""project_key"":""khoj-ai/khoj"",""date"":""2026-03-09"",""pr_opened_count_daily"":0,""pr_merged_count_daily"":0,""pr_closed_not_merged_daily"":0,""pr_active_daily"":11,""pr_daily_avg_lead_time_hours"":null,""pr_daily_median_lead_time_hours"":null,""pr_daily_avg_review_latency_hours"":null,""lead_time_sample_size"":0}"
src_205D_timeseries,429,"{""project_key"":""khoj-ai/khoj"",""date"":""2026-03-10"",""pr_opened_count_daily"":0,""pr_merged_count_daily"":0,""pr_closed_not_merged_daily"":0,""pr_active_daily"":11,""pr_daily_avg_lead_time_hours"":null,""pr_daily_median_lead_time_hours"":null,""pr_daily_avg_review_latency_hours"":null,""lead_time_sample_size"":0}"
src_205D_timeseries,430,"{""project_key"":""khoj-ai/khoj"",""date"":""2026-03-11"",""pr_opened_count_daily"":0,""pr_merged_count_daily"":0,""pr_closed_not_merged_daily"":0,""pr_active_daily"":11,""pr_daily_avg_lead_time_hours"":null,""pr_daily_median_lead_time_hours"":null,""pr_daily_avg_review_latency_hours"":null,""lead_time_sample_size"":0}"
src_205D_timeseries,431,"{""project_key"":""khoj-ai/khoj"",""date"":""2026-03-12"",""pr_opened_count_daily"":0,""pr_merged_count_daily"":0,""pr_closed_not_merged_daily"":0,""pr_active_daily"":11,""pr_daily_avg_lead_time_hours"":null,""pr_daily_median_lead_time_hours"":null,""pr_daily_avg_review_latency_hours"":null,""lead_time_sample_size"":0}"
src_205D_timeseries,432,"{""project_key"":""khoj-ai/khoj"",""date"":""2026-03-13"",""pr_opened_count_daily"":0,""pr_merged_count_daily"":0,""pr_closed_not_merged_daily"":0,""pr_active_daily"":11,""pr_daily_avg_lead_time_hours"":null,""pr_daily_median_lead_time_hours"":null,""pr_daily_avg_review_latency_hours"":null,""lead_time_sample_size"":0}"
src_205D_timeseries,433,"{""project_key"":""khoj-ai/khoj"",""date"":""2026-03-14"",""pr_opened_count_daily"":4,""pr_merged_count_daily"":0,""pr_closed_not_merged_daily"":0,""pr_active_daily"":15,""pr_daily_avg_lead_time_hours"":null,""pr_daily_median_lead_time_hours"":null,""pr_daily_avg_review_latency_hours"":null,""lead_time_sample_size"":0}"
src_205D_timeseries,434,"{""project_key"":""khoj-ai/khoj"",""date"":""2026-03-15"",""pr_opened_count_daily"":2,""pr_merged_count_daily"":0,""pr_closed_not_merged_daily"":0,""pr_active_daily"":17,""pr_daily_avg_lead_time_hours"":null,""pr_daily_median_lead_time_hours"":null,""pr_daily_avg_review_latency_hours"":null,""lead_time_sample_size"":0}"
src_205D_timeseries,435,"{""project_key"":""khoj-ai/khoj"",""date"":""2026-03-16"",""pr_opened_count_daily"":0,""pr_merged_count_daily"":0,""pr_closed_not_merged_daily"":0,""pr_active_daily"":17,""pr_daily_avg_lead_time_hours"":null,""pr_daily_median_lead_time_hours"":null,""pr_daily_avg_review_latency_hours"":null,""lead_time_sample_size"":0}"
src_205D_timeseries,436,"{""project_key"":""khoj-ai/khoj"",""date"":""2026-03-17"",""pr_opened_count_daily"":0,""pr_merged_count_daily"":2,""pr_closed_not_merged_daily"":3,""pr_active_daily"":12,""pr_daily_avg_lead_time_hours"":211.2729,""pr_daily_median_lead_time_hours"":211.2729,""pr_daily_avg_review_latency_hours"":null,""lead_time_sample_size"":2}"
src_205D_timeseries,437,"{""project_key"":""khoj-ai/khoj"",""date"":""2026-03-18"",""pr_opened_count_daily"":1,""pr_merged_count_daily"":0,""pr_closed_not_merged_daily"":0,""pr_active_daily"":13,""pr_daily_avg_lead_time_hours"":null,""pr_daily_median_lead_time_hours"":null,""pr_daily_avg_review_latency_hours"":null,""lead_time_sample_size"":0}"
src_205D_timeseries,438,"{""project_key"":""khoj-ai/khoj"",""date"":""2026-03-19"",""pr_opened_count_daily"":1,""pr_merged_count_daily"":1,""pr_closed_not_merged_daily"":1,""pr_active_daily"":12,""pr_daily_avg_lead_time_hours"":122.8469,""pr_daily_median_lead_time_hours"":122.8469,""pr_daily_avg_review_latency_hours"":null,""lead_time_sample_size"":1}"
src_205D_timeseries,439,"{""project_key"":""khoj-ai/khoj"",""date"":""2026-03-20"",""pr_opened_count_daily"":1,""pr_merged_count_daily"":0,""pr_closed_not_merged_daily"":2,""pr_active_daily"":11,""pr_daily_avg_lead_time_hours"":null,""pr_daily_median_lead_time_hours"":null,""pr_daily_avg_review_latency_hours"":null,""lead_time_sample_size"":0}"
src_205D_timeseries,440,"{""project_key"":""khoj-ai/khoj"",""date"":""2026-03-21"",""pr_opened_count_daily"":0,""pr_merged_count_daily"":0,""pr_closed_not_merged_daily"":0,""pr_active_daily"":11,""pr_daily_avg_lead_time_hours"":null,""pr_daily_median_lead_time_hours"":null,""pr_daily_avg_review_latency_hours"":null,""lead_time_sample_size"":0}"
src_205D_timeseries,441,"{""project_key"":""khoj-ai/khoj"",""date"":""2026-03-22"",""pr_opened_count_daily"":1,""pr_merged_count_daily"":0,""pr_closed_not_merged_daily"":0,""pr_active_daily"":12,""pr_daily_avg_lead_time_hours"":null,""pr_daily_median_lead_time_hours"":null,""pr_daily_avg_review_latency_hours"":null,""lead_time_sample_size"":0}"
src_205D_timeseries,442,"{""project_key"":""khoj-ai/khoj"",""date"":""2026-03-23"",""pr_opened_count_daily"":2,""pr_merged_count_daily"":0,""pr_closed_not_merged_daily"":0,""pr_active_daily"":14,""pr_daily_avg_lead_time_hours"":null,""pr_daily_median_lead_time_hours"":null,""pr_daily_avg_review_latency_hours"":null,""lead_time_sample_size"":0}"
src_205D_timeseries,443,"{""project_key"":""khoj-ai/khoj"",""date"":""2026-03-24"",""pr_opened_count_daily"":0,""pr_merged_count_daily"":0,""pr_closed_not_merged_daily"":1,""pr_active_daily"":13,""pr_daily_avg_lead_time_hours"":null,""pr_daily_median_lead_time_hours"":null,""pr_daily_avg_review_latency_hours"":null,""lead_time_sample_size"":0}"
src_205D_timeseries,444,"{""project_key"":""khoj-ai/khoj"",""date"":""2026-03-25"",""pr_opened_count_daily"":1,""pr_merged_count_daily"":2,""pr_closed_not_merged_daily"":3,""pr_active_daily"":9,""pr_daily_avg_lead_time_hours"":80.6274,""pr_daily_median_lead_time_hours"":80.6274,""pr_daily_avg_review_latency_hours"":null,""lead_time_sample_size"":2}"
src_205D_timeseries,445,"{""project_key"":""khoj-ai/khoj"",""date"":""2026-03-26"",""pr_opened_count_daily"":0,""pr_merged_count_daily"":1,""pr_closed_not_merged_daily"":0,""pr_active_daily"":8,""pr_daily_avg_lead_time_hours"":10.6919,""pr_daily_median_lead_time_hours"":10.6919,""pr_daily_avg_review_latency_hours"":null,""lead_time_sample_size"":1}"
src_205D_timeseries,446,"{""project_key"":""khoj-ai/khoj"",""date"":""2026-03-27"",""pr_opened_count_daily"":0,""pr_merged_count_daily"":0,""pr_closed_not_merged_daily"":0,""pr_active_daily"":8,""pr_daily_avg_lead_time_hours"":null,""pr_daily_median_lead_time_hours"":null,""pr_daily_avg_review_latency_hours"":null,""lead_time_sample_size"":0}"
src_205D_timeseries,447,"{""project_key"":""khoj-ai/khoj"",""date"":""2026-03-28"",""pr_opened_count_daily"":0,""pr_merged_count_daily"":0,""pr_closed_not_merged_daily"":0,""pr_active_daily"":8,""pr_daily_avg_lead_time_hours"":null,""pr_daily_median_lead_time_hours"":null,""pr_daily_avg_review_latency_hours"":null,""lead_time_sample_size"":0}"
src_205D_timeseries,448,"{""project_key"":""khoj-ai/khoj"",""date"":""2026-03-29"",""pr_opened_count_daily"":0,""pr_merged_count_daily"":0,""pr_closed_not_merged_daily"":0,""pr_active_daily"":8,""pr_daily_avg_lead_time_hours"":null,""pr_daily_median_lead_time_hours"":null,""pr_daily_avg_review_latency_hours"":null,""lead_time_sample_size"":0}"
src_205D_timeseries,449,"{""project_key"":""khoj-ai/khoj"",""date"":""2026-03-30"",""pr_opened_count_daily"":0,""pr_merged_count_daily"":0,""pr_closed_not_merged_daily"":0,""pr_active_daily"":8,""pr_daily_avg_lead_time_hours"":null,""pr_daily_median_lead_time_hours"":null,""pr_daily_avg_review_latency_hours"":null,""lead_time_sample_size"":0}"
src_205D_timeseries,450,"{""project_key"":""khoj-ai/khoj"",""date"":""2026-03-31"",""pr_opened_count_daily"":0,""pr_merged_count_daily"":0,""pr_closed_not_merged_daily"":0,""pr_active_daily"":8,""pr_daily_avg_lead_time_hours"":null,""pr_daily_median_lead_time_hours"":null,""pr_daily_avg_review_latency_hours"":null,""lead_time_sample_size"":0}"
src_205D_timeseries,451,"{""project_key"":""mpieniak01/Venom"",""date"":""2026-01-01"",""pr_opened_count_daily"":2,""pr_merged_count_daily"":2,""pr_closed_not_merged_daily"":0,""pr_active_daily"":0,""pr_daily_avg_lead_time_hours"":0.5151,""pr_daily_median_lead_time_hours"":0.5151,""pr_daily_avg_review_latency_hours"":null,""lead_time_sample_size"":2}"
src_205D_timeseries,452,"{""project_key"":""mpieniak01/Venom"",""date"":""2026-01-02"",""pr_opened_count_daily"":3,""pr_merged_count_daily"":3,""pr_closed_not_merged_daily"":0,""pr_active_daily"":0,""pr_daily_avg_lead_time_hours"":0.2906,""pr_daily_median_lead_time_hours"":0.1931,""pr_daily_avg_review_latency_hours"":null,""lead_time_sample_size"":3}"
src_205D_timeseries,453,"{""project_key"":""mpieniak01/Venom"",""date"":""2026-01-03"",""pr_opened_count_daily"":0,""pr_merged_count_daily"":0,""pr_closed_not_merged_daily"":0,""pr_active_daily"":0,""pr_daily_avg_lead_time_hours"":null,""pr_daily_median_lead_time_hours"":null,""pr_daily_avg_review_latency_hours"":null,""lead_time_sample_size"":0}"
src_205D_timeseries,454,"{""project_key"":""mpieniak01/Venom"",""date"":""2026-01-04"",""pr_opened_count_daily"":0,""pr_merged_count_daily"":0,""pr_closed_not_merged_daily"":0,""pr_active_daily"":0,""pr_daily_avg_lead_time_hours"":null,""pr_daily_median_lead_time_hours"":null,""pr_daily_avg_review_latency_hours"":null,""lead_time_sample_size"":0}"
src_205D_timeseries,455,"{""project_key"":""mpieniak01/Venom"",""date"":""2026-01-05"",""pr_opened_count_daily"":3,""pr_merged_count_daily"":3,""pr_closed_not_merged_daily"":0,""pr_active_daily"":0,""pr_daily_avg_lead_time_hours"":1.3436,""pr_daily_median_lead_time_hours"":1.7258,""pr_daily_avg_review_latency_hours"":null,""lead_time_sample_size"":3}"
src_205D_timeseries,456,"{""project_key"":""mpieniak01/Venom"",""date"":""2026-01-06"",""pr_opened_count_daily"":0,""pr_merged_count_daily"":0,""pr_closed_not_merged_daily"":0,""pr_active_daily"":0,""pr_daily_avg_lead_time_hours"":null,""pr_daily_median_lead_time_hours"":null,""pr_daily_avg_review_latency_hours"":null,""lead_time_sample_size"":0}"
src_205D_timeseries,457,"{""project_key"":""mpieniak01/Venom"",""date"":""2026-01-07"",""pr_opened_count_daily"":3,""pr_merged_count_daily"":2,""pr_closed_not_merged_daily"":1,""pr_active_daily"":0,""pr_daily_avg_lead_time_hours"":1.8671,""pr_daily_median_lead_time_hours"":1.8671,""pr_daily_avg_review_latency_hours"":null,""lead_time_sample_size"":2}"
src_205D_timeseries,458,"{""project_key"":""mpieniak01/Venom"",""date"":""2026-01-08"",""pr_opened_count_daily"":6,""pr_merged_count_daily"":6,""pr_closed_not_merged_daily"":0,""pr_active_daily"":0,""pr_daily_avg_lead_time_hours"":1.9432,""pr_daily_median_lead_time_hours"":1.7658,""pr_daily_avg_review_latency_hours"":null,""lead_time_sample_size"":6}"
src_205D_timeseries,459,"{""project_key"":""mpieniak01/Venom"",""date"":""2026-01-09"",""pr_opened_count_daily"":0,""pr_merged_count_daily"":0,""pr_closed_not_merged_daily"":0,""pr_active_daily"":0,""pr_daily_avg_lead_time_hours"":null,""pr_daily_median_lead_time_hours"":null,""pr_daily_avg_review_latency_hours"":null,""lead_time_sample_size"":0}"
src_205D_timeseries,460,"{""project_key"":""mpieniak01/Venom"",""date"":""2026-01-10"",""pr_opened_count_daily"":0,""pr_merged_count_daily"":0,""pr_closed_not_merged_daily"":0,""pr_active_daily"":0,""pr_daily_avg_lead_time_hours"":null,""pr_daily_median_lead_time_hours"":null,""pr_daily_avg_review_latency_hours"":null,""lead_time_sample_size"":0}"
src_205D_timeseries,461,"{""project_key"":""mpieniak01/Venom"",""date"":""2026-01-11"",""pr_opened_count_daily"":0,""pr_merged_count_daily"":0,""pr_closed_not_merged_daily"":0,""pr_active_daily"":0,""pr_daily_avg_lead_time_hours"":null,""pr_daily_median_lead_time_hours"":null,""pr_daily_avg_review_latency_hours"":null,""lead_time_sample_size"":0}"
src_205D_timeseries,462,"{""project_key"":""mpieniak01/Venom"",""date"":""2026-01-12"",""pr_opened_count_daily"":0,""pr_merged_count_daily"":0,""pr_closed_not_merged_daily"":0,""pr_active_daily"":0,""pr_daily_avg_lead_time_hours"":null,""pr_daily_median_lead_time_hours"":null,""pr_daily_avg_review_latency_hours"":null,""lead_time_sample_size"":0}"
src_205D_timeseries,463,"{""project_key"":""mpieniak01/Venom"",""date"":""2026-01-13"",""pr_opened_count_daily"":0,""pr_merged_count_daily"":0,""pr_closed_not_merged_daily"":0,""pr_active_daily"":0,""pr_daily_avg_lead_time_hours"":null,""pr_daily_median_lead_time_hours"":null,""pr_daily_avg_review_latency_hours"":null,""lead_time_sample_size"":0}"
src_205D_timeseries,464,"{""project_key"":""mpieniak01/Venom"",""date"":""2026-01-14"",""pr_opened_count_daily"":0,""pr_merged_count_daily"":0,""pr_closed_not_merged_daily"":0,""pr_active_daily"":0,""pr_daily_avg_lead_time_hours"":null,""pr_daily_median_lead_time_hours"":null,""pr_daily_avg_review_latency_hours"":null,""lead_time_sample_size"":0}"
src_205D_timeseries,465,"{""project_key"":""mpieniak01/Venom"",""date"":""2026-01-15"",""pr_opened_count_daily"":0,""pr_merged_count_daily"":0,""pr_closed_not_merged_daily"":0,""pr_active_daily"":0,""pr_daily_avg_lead_time_hours"":null,""pr_daily_median_lead_time_hours"":null,""pr_daily_avg_review_latency_hours"":null,""lead_time_sample_size"":0}"
src_205D_timeseries,466,"{""project_key"":""mpieniak01/Venom"",""date"":""2026-01-16"",""pr_opened_count_daily"":0,""pr_merged_count_daily"":0,""pr_closed_not_merged_daily"":0,""pr_active_daily"":0,""pr_daily_avg_lead_time_hours"":null,""pr_daily_median_lead_time_hours"":null,""pr_daily_avg_review_latency_hours"":null,""lead_time_sample_size"":0}"
src_205D_timeseries,467,"{""project_key"":""mpieniak01/Venom"",""date"":""2026-01-17"",""pr_opened_count_daily"":3,""pr_merged_count_daily"":2,""pr_closed_not_merged_daily"":1,""pr_active_daily"":0,""pr_daily_avg_lead_time_hours"":0.5243,""pr_daily_median_lead_time_hours"":0.5243,""pr_daily_avg_review_latency_hours"":null,""lead_time_sample_size"":2}"
src_205D_timeseries,468,"{""project_key"":""mpieniak01/Venom"",""date"":""2026-01-18"",""pr_opened_count_daily"":3,""pr_merged_count_daily"":3,""pr_closed_not_merged_daily"":0,""pr_active_daily"":0,""pr_daily_avg_lead_time_hours"":0.2893,""pr_daily_median_lead_time_hours"":0.2433,""pr_daily_avg_review_latency_hours"":null,""lead_time_sample_size"":3}"
src_205D_timeseries,469,"{""project_key"":""mpieniak01/Venom"",""date"":""2026-01-19"",""pr_opened_count_daily"":0,""pr_merged_count_daily"":0,""pr_closed_not_merged_daily"":0,""pr_active_daily"":0,""pr_daily_avg_lead_time_hours"":null,""pr_daily_median_lead_time_hours"":null,""pr_daily_avg_review_latency_hours"":null,""lead_time_sample_size"":0}"
src_205D_timeseries,470,"{""project_key"":""mpieniak01/Venom"",""date"":""2026-01-20"",""pr_opened_count_daily"":0,""pr_merged_count_daily"":0,""pr_closed_not_merged_daily"":0,""pr_active_daily"":0,""pr_daily_avg_lead_time_hours"":null,""pr_daily_median_lead_time_hours"":null,""pr_daily_avg_review_latency_hours"":null,""lead_time_sample_size"":0}"
src_205D_timeseries,471,"{""project_key"":""mpieniak01/Venom"",""date"":""2026-01-21"",""pr_opened_count_daily"":0,""pr_merged_count_daily"":0,""pr_closed_not_merged_daily"":0,""pr_active_daily"":0,""pr_daily_avg_lead_time_hours"":null,""pr_daily_median_lead_time_hours"":null,""pr_daily_avg_review_latency_hours"":null,""lead_time_sample_size"":0}"
src_205D_timeseries,472,"{""project_key"":""mpieniak01/Venom"",""date"":""2026-01-22"",""pr_opened_count_daily"":0,""pr_merged_count_daily"":0,""pr_closed_not_merged_daily"":0,""pr_active_daily"":0,""pr_daily_avg_lead_time_hours"":null,""pr_daily_median_lead_time_hours"":null,""pr_daily_avg_review_latency_hours"":null,""lead_time_sample_size"":0}"
src_205D_timeseries,473,"{""project_key"":""mpieniak01/Venom"",""date"":""2026-01-23"",""pr_opened_count_daily"":0,""pr_merged_count_daily"":0,""pr_closed_not_merged_daily"":0,""pr_active_daily"":0,""pr_daily_avg_lead_time_hours"":null,""pr_daily_median_lead_time_hours"":null,""pr_daily_avg_review_latency_hours"":null,""lead_time_sample_size"":0}"
src_205D_timeseries,474,"{""project_key"":""mpieniak01/Venom"",""date"":""2026-01-24"",""pr_opened_count_daily"":3,""pr_merged_count_daily"":3,""pr_closed_not_merged_daily"":0,""pr_active_daily"":0,""pr_daily_avg_lead_time_hours"":1.0891,""pr_daily_median_lead_time_hours"":0.465,""pr_daily_avg_review_latency_hours"":null,""lead_time_sample_size"":3}"
src_205D_timeseries,475,"{""project_key"":""mpieniak01/Venom"",""date"":""2026-01-25"",""pr_opened_count_daily"":0,""pr_merged_count_daily"":0,""pr_closed_not_merged_daily"":0,""pr_active_daily"":0,""pr_daily_avg_lead_time_hours"":null,""pr_daily_median_lead_time_hours"":null,""pr_daily_avg_review_latency_hours"":null,""lead_time_sample_size"":0}"
src_205D_timeseries,476,"{""project_key"":""mpieniak01/Venom"",""date"":""2026-01-26"",""pr_opened_count_daily"":1,""pr_merged_count_daily"":0,""pr_closed_not_merged_daily"":0,""pr_active_daily"":1,""pr_daily_avg_lead_time_hours"":null,""pr_daily_median_lead_time_hours"":null,""pr_daily_avg_review_latency_hours"":null,""lead_time_sample_size"":0}"
src_205D_timeseries,477,"{""project_key"":""mpieniak01/Venom"",""date"":""2026-01-27"",""pr_opened_count_daily"":1,""pr_merged_count_daily"":2,""pr_closed_not_merged_daily"":0,""pr_active_daily"":0,""pr_daily_avg_lead_time_hours"":10.4381,""pr_daily_median_lead_time_hours"":10.4381,""pr_daily_avg_review_latency_hours"":null,""lead_time_sample_size"":2}"
src_205D_timeseries,478,"{""project_key"":""mpieniak01/Venom"",""date"":""2026-01-28"",""pr_opened_count_daily"":2,""pr_merged_count_daily"":1,""pr_closed_not_merged_daily"":0,""pr_active_daily"":1,""pr_daily_avg_lead_time_hours"":0.4308,""pr_daily_median_lead_time_hours"":0.4308,""pr_daily_avg_review_latency_hours"":null,""lead_time_sample_size"":1}"
src_205D_timeseries,479,"{""project_key"":""mpieniak01/Venom"",""date"":""2026-01-29"",""pr_opened_count_daily"":0,""pr_merged_count_daily"":0,""pr_closed_not_merged_daily"":0,""pr_active_daily"":1,""pr_daily_avg_lead_time_hours"":null,""pr_daily_median_lead_time_hours"":null,""pr_daily_avg_review_latency_hours"":null,""lead_time_sample_size"":0}"
src_205D_timeseries,480,"{""project_key"":""mpieniak01/Venom"",""date"":""2026-01-30"",""pr_opened_count_daily"":1,""pr_merged_count_daily"":2,""pr_closed_not_merged_daily"":0,""pr_active_daily"":0,""pr_daily_avg_lead_time_hours"":23.9228,""pr_daily_median_lead_time_hours"":23.9228,""pr_daily_avg_review_latency_hours"":null,""lead_time_sample_size"":2}"
src_205D_timeseries,481,"{""project_key"":""mpieniak01/Venom"",""date"":""2026-01-31"",""pr_opened_count_daily"":5,""pr_merged_count_daily"":5,""pr_closed_not_merged_daily"":0,""pr_active_daily"":0,""pr_daily_avg_lead_time_hours"":0.4398,""pr_daily_median_lead_time_hours"":0.4725,""pr_daily_avg_review_latency_hours"":null,""lead_time_sample_size"":5}"
src_205D_timeseries,482,"{""project_key"":""mpieniak01/Venom"",""date"":""2026-02-01"",""pr_opened_count_daily"":3,""pr_merged_count_daily"":3,""pr_closed_not_merged_daily"":0,""pr_active_daily"":0,""pr_daily_avg_lead_time_hours"":0.3931,""pr_daily_median_lead_time_hours"":0.3589,""pr_daily_avg_review_latency_hours"":null,""lead_time_sample_size"":3}"
src_205D_timeseries,483,"{""project_key"":""mpieniak01/Venom"",""date"":""2026-02-02"",""pr_opened_count_daily"":1,""pr_merged_count_daily"":1,""pr_closed_not_merged_daily"":0,""pr_active_daily"":0,""pr_daily_avg_lead_time_hours"":1.3183,""pr_daily_median_lead_time_hours"":1.3183,""pr_daily_avg_review_latency_hours"":null,""lead_time_sample_size"":1}"
src_205D_timeseries,484,"{""project_key"":""mpieniak01/Venom"",""date"":""2026-02-03"",""pr_opened_count_daily"":1,""pr_merged_count_daily"":1,""pr_closed_not_merged_daily"":0,""pr_active_daily"":0,""pr_daily_avg_lead_time_hours"":0.4647,""pr_daily_median_lead_time_hours"":0.4647,""pr_daily_avg_review_latency_hours"":null,""lead_time_sample_size"":1}"
src_205D_timeseries,485,"{""project_key"":""mpieniak01/Venom"",""date"":""2026-02-04"",""pr_opened_count_daily"":2,""pr_merged_count_daily"":1,""pr_closed_not_merged_daily"":1,""pr_active_daily"":0,""pr_daily_avg_lead_time_hours"":4.5686,""pr_daily_median_lead_time_hours"":4.5686,""pr_daily_avg_review_latency_hours"":null,""lead_time_sample_size"":1}"
src_205D_timeseries,486,"{""project_key"":""mpieniak01/Venom"",""date"":""2026-02-05"",""pr_opened_count_daily"":1,""pr_merged_count_daily"":1,""pr_closed_not_merged_daily"":0,""pr_active_daily"":0,""pr_daily_avg_lead_time_hours"":7.6953,""pr_daily_median_lead_time_hours"":7.6953,""pr_daily_avg_review_latency_hours"":null,""lead_time_sample_size"":1}"
src_205D_timeseries,487,"{""project_key"":""mpieniak01/Venom"",""date"":""2026-02-06"",""pr_opened_count_daily"":4,""pr_merged_count_daily"":4,""pr_closed_not_merged_daily"":0,""pr_active_daily"":0,""pr_daily_avg_lead_time_hours"":1.4269,""pr_daily_median_lead_time_hours"":1.3742,""pr_daily_avg_review_latency_hours"":null,""lead_time_sample_size"":4}"
src_205D_timeseries,488,"{""project_key"":""mpieniak01/Venom"",""date"":""2026-02-07"",""pr_opened_count_daily"":4,""pr_merged_count_daily"":4,""pr_closed_not_merged_daily"":0,""pr_active_daily"":0,""pr_daily_avg_lead_time_hours"":0.761,""pr_daily_median_lead_time_hours"":0.809,""pr_daily_avg_review_latency_hours"":null,""lead_time_sample_size"":4}"
src_205D_timeseries,489,"{""project_key"":""mpieniak01/Venom"",""date"":""2026-02-08"",""pr_opened_count_daily"":8,""pr_merged_count_daily"":8,""pr_closed_not_merged_daily"":0,""pr_active_daily"":0,""pr_daily_avg_lead_time_hours"":0.95,""pr_daily_median_lead_time_hours"":0.7797,""pr_daily_avg_review_latency_hours"":null,""lead_time_sample_size"":8}"
src_205D_timeseries,490,"{""project_key"":""mpieniak01/Venom"",""date"":""2026-02-09"",""pr_opened_count_daily"":16,""pr_merged_count_daily"":14,""pr_closed_not_merged_daily"":2,""pr_active_daily"":0,""pr_daily_avg_lead_time_hours"":0.4641,""pr_daily_median_lead_time_hours"":0.2171,""pr_daily_avg_review_latency_hours"":null,""lead_time_sample_size"":14}"
src_205D_timeseries,491,"{""project_key"":""mpieniak01/Venom"",""date"":""2026-02-10"",""pr_opened_count_daily"":6,""pr_merged_count_daily"":6,""pr_closed_not_merged_daily"":0,""pr_active_daily"":0,""pr_daily_avg_lead_time_hours"":0.6125,""pr_daily_median_lead_time_hours"":0.5242,""pr_daily_avg_review_latency_hours"":null,""lead_time_sample_size"":6}"
src_205D_timeseries,492,"{""project_key"":""mpieniak01/Venom"",""date"":""2026-02-11"",""pr_opened_count_daily"":5,""pr_merged_count_daily"":5,""pr_closed_not_merged_daily"":0,""pr_active_daily"":0,""pr_daily_avg_lead_time_hours"":2.7046,""pr_daily_median_lead_time_hours"":1.0867,""pr_daily_avg_review_latency_hours"":null,""lead_time_sample_size"":5}"
src_205D_timeseries,493,"{""project_key"":""mpieniak01/Venom"",""date"":""2026-02-12"",""pr_opened_count_daily"":10,""pr_merged_count_daily"":9,""pr_closed_not_merged_daily"":1,""pr_active_daily"":0,""pr_daily_avg_lead_time_hours"":1.2812,""pr_daily_median_lead_time_hours"":1.2556,""pr_daily_avg_review_latency_hours"":null,""lead_time_sample_size"":9}"
src_205D_timeseries,494,"{""project_key"":""mpieniak01/Venom"",""date"":""2026-02-13"",""pr_opened_count_daily"":5,""pr_merged_count_daily"":5,""pr_closed_not_merged_daily"":0,""pr_active_daily"":0,""pr_daily_avg_lead_time_hours"":1.1656,""pr_daily_median_lead_time_hours"":0.86,""pr_daily_avg_review_latency_hours"":null,""lead_time_sample_size"":5}"
src_205D_timeseries,495,"{""project_key"":""mpieniak01/Venom"",""date"":""2026-02-14"",""pr_opened_count_daily"":11,""pr_merged_count_daily"":10,""pr_closed_not_merged_daily"":0,""pr_active_daily"":1,""pr_daily_avg_lead_time_hours"":1.3201,""pr_daily_median_lead_time_hours"":0.9422,""pr_daily_avg_review_latency_hours"":null,""lead_time_sample_size"":10}"
src_205D_timeseries,496,"{""project_key"":""mpieniak01/Venom"",""date"":""2026-02-15"",""pr_opened_count_daily"":2,""pr_merged_count_daily"":3,""pr_closed_not_merged_daily"":0,""pr_active_daily"":0,""pr_daily_avg_lead_time_hours"":6.7122,""pr_daily_median_lead_time_hours"":1.5825,""pr_daily_avg_review_latency_hours"":null,""lead_time_sample_size"":3}"
src_205D_timeseries,497,"{""project_key"":""mpieniak01/Venom"",""date"":""2026-02-16"",""pr_opened_count_daily"":3,""pr_merged_count_daily"":3,""pr_closed_not_merged_daily"":0,""pr_active_daily"":0,""pr_daily_avg_lead_time_hours"":0.7294,""pr_daily_median_lead_time_hours"":0.6681,""pr_daily_avg_review_latency_hours"":null,""lead_time_sample_size"":3}"
src_205D_timeseries,498,"{""project_key"":""mpieniak01/Venom"",""date"":""2026-02-17"",""pr_opened_count_daily"":3,""pr_merged_count_daily"":3,""pr_closed_not_merged_daily"":0,""pr_active_daily"":0,""pr_daily_avg_lead_time_hours"":1.271,""pr_daily_median_lead_time_hours"":0.745,""pr_daily_avg_review_latency_hours"":null,""lead_time_sample_size"":3}"
src_205D_timeseries,499,"{""project_key"":""mpieniak01/Venom"",""date"":""2026-02-18"",""pr_opened_count_daily"":9,""pr_merged_count_daily"":9,""pr_closed_not_merged_daily"":0,""pr_active_daily"":0,""pr_daily_avg_lead_time_hours"":0.532,""pr_daily_median_lead_time_hours"":0.3508,""pr_daily_avg_review_latency_hours"":null,""lead_time_sample_size"":9}"
src_205D_timeseries,500,"{""project_key"":""mpieniak01/Venom"",""date"":""2026-02-19"",""pr_opened_count_daily"":1,""pr_merged_count_daily"":1,""pr_closed_not_merged_daily"":0,""pr_active_daily"":0,""pr_daily_avg_lead_time_hours"":2.5608,""pr_daily_median_lead_time_hours"":2.5608,""pr_daily_avg_review_latency_hours"":null,""lead_time_sample_size"":1}"
src_205D_timeseries,501,"{""project_key"":""mpieniak01/Venom"",""date"":""2026-02-20"",""pr_opened_count_daily"":1,""pr_merged_count_daily"":1,""pr_closed_not_merged_daily"":0,""pr_active_daily"":0,""pr_daily_avg_lead_time_hours"":4.9817,""pr_daily_median_lead_time_hours"":4.9817,""pr_daily_avg_review_latency_hours"":null,""lead_time_sample_size"":1}"
src_205D_timeseries,502,"{""project_key"":""mpieniak01/Venom"",""date"":""2026-02-21"",""pr_opened_count_daily"":4,""pr_merged_count_daily"":4,""pr_closed_not_merged_daily"":0,""pr_active_daily"":0,""pr_daily_avg_lead_time_hours"":1.3184,""pr_daily_median_lead_time_hours"":1.1124,""pr_daily_avg_review_latency_hours"":null,""lead_time_sample_size"":4}"
src_205D_timeseries,503,"{""project_key"":""mpieniak01/Venom"",""date"":""2026-02-22"",""pr_opened_count_daily"":2,""pr_merged_count_daily"":2,""pr_closed_not_merged_daily"":0,""pr_active_daily"":0,""pr_daily_avg_lead_time_hours"":0.7989,""pr_daily_median_lead_time_hours"":0.7989,""pr_daily_avg_review_latency_hours"":null,""lead_time_sample_size"":2}"
src_205D_timeseries,504,"{""project_key"":""mpieniak01/Venom"",""date"":""2026-02-23"",""pr_opened_count_daily"":1,""pr_merged_count_daily"":1,""pr_closed_not_merged_daily"":0,""pr_active_daily"":0,""pr_daily_avg_lead_time_hours"":1.1631,""pr_daily_median_lead_time_hours"":1.1631,""pr_daily_avg_review_latency_hours"":null,""lead_time_sample_size"":1}"
src_205D_timeseries,505,"{""project_key"":""mpieniak01/Venom"",""date"":""2026-02-24"",""pr_opened_count_daily"":5,""pr_merged_count_daily"":5,""pr_closed_not_merged_daily"":0,""pr_active_daily"":0,""pr_daily_avg_lead_time_hours"":2.3702,""pr_daily_median_lead_time_hours"":2.5047,""pr_daily_avg_review_latency_hours"":null,""lead_time_sample_size"":5}"
src_205D_timeseries,506,"{""project_key"":""mpieniak01/Venom"",""date"":""2026-02-25"",""pr_opened_count_daily"":1,""pr_merged_count_daily"":1,""pr_closed_not_merged_daily"":0,""pr_active_daily"":0,""pr_daily_avg_lead_time_hours"":1.2369,""pr_daily_median_lead_time_hours"":1.2369,""pr_daily_avg_review_latency_hours"":null,""lead_time_sample_size"":1}"
src_205D_timeseries,507,"{""project_key"":""mpieniak01/Venom"",""date"":""2026-02-26"",""pr_opened_count_daily"":1,""pr_merged_count_daily"":1,""pr_closed_not_merged_daily"":0,""pr_active_daily"":0,""pr_daily_avg_lead_time_hours"":0.8003,""pr_daily_median_lead_time_hours"":0.8003,""pr_daily_avg_review_latency_hours"":null,""lead_time_sample_size"":1}"
src_205D_timeseries,508,"{""project_key"":""mpieniak01/Venom"",""date"":""2026-02-27"",""pr_opened_count_daily"":4,""pr_merged_count_daily"":4,""pr_closed_not_merged_daily"":0,""pr_active_daily"":0,""pr_daily_avg_lead_time_hours"":0.5692,""pr_daily_median_lead_time_hours"":0.3968,""pr_daily_avg_review_latency_hours"":null,""lead_time_sample_size"":4}"
src_205D_timeseries,509,"{""project_key"":""mpieniak01/Venom"",""date"":""2026-02-28"",""pr_opened_count_daily"":6,""pr_merged_count_daily"":6,""pr_closed_not_merged_daily"":0,""pr_active_daily"":0,""pr_daily_avg_lead_time_hours"":0.6304,""pr_daily_median_lead_time_hours"":0.401,""pr_daily_avg_review_latency_hours"":null,""lead_time_sample_size"":6}"
src_205D_timeseries,510,"{""project_key"":""mpieniak01/Venom"",""date"":""2026-03-01"",""pr_opened_count_daily"":4,""pr_merged_count_daily"":4,""pr_closed_not_merged_daily"":0,""pr_active_daily"":0,""pr_daily_avg_lead_time_hours"":1.3385,""pr_daily_median_lead_time_hours"":0.8936,""pr_daily_avg_review_latency_hours"":null,""lead_time_sample_size"":4}"
src_205D_timeseries,511,"{""project_key"":""mpieniak01/Venom"",""date"":""2026-03-02"",""pr_opened_count_daily"":5,""pr_merged_count_daily"":4,""pr_closed_not_merged_daily"":0,""pr_active_daily"":1,""pr_daily_avg_lead_time_hours"":0.7396,""pr_daily_median_lead_time_hours"":0.6483,""pr_daily_avg_review_latency_hours"":null,""lead_time_sample_size"":4}"
src_205D_timeseries,512,"{""project_key"":""mpieniak01/Venom"",""date"":""2026-03-03"",""pr_opened_count_daily"":5,""pr_merged_count_daily"":4,""pr_closed_not_merged_daily"":2,""pr_active_daily"":0,""pr_daily_avg_lead_time_hours"":4.8401,""pr_daily_median_lead_time_hours"":2.295,""pr_daily_avg_review_latency_hours"":null,""lead_time_sample_size"":4}"
src_205D_timeseries,513,"{""project_key"":""mpieniak01/Venom"",""date"":""2026-03-04"",""pr_opened_count_daily"":5,""pr_merged_count_daily"":5,""pr_closed_not_merged_daily"":0,""pr_active_daily"":0,""pr_daily_avg_lead_time_hours"":1.0382,""pr_daily_median_lead_time_hours"":0.8892,""pr_daily_avg_review_latency_hours"":null,""lead_time_sample_size"":5}"
src_205D_timeseries,514,"{""project_key"":""mpieniak01/Venom"",""date"":""2026-03-05"",""pr_opened_count_daily"":2,""pr_merged_count_daily"":2,""pr_closed_not_merged_daily"":0,""pr_active_daily"":0,""pr_daily_avg_lead_time_hours"":1.7464,""pr_daily_median_lead_time_hours"":1.7464,""pr_daily_avg_review_latency_hours"":null,""lead_time_sample_size"":2}"
src_205D_timeseries,515,"{""project_key"":""mpieniak01/Venom"",""date"":""2026-03-06"",""pr_opened_count_daily"":2,""pr_merged_count_daily"":2,""pr_closed_not_merged_daily"":0,""pr_active_daily"":0,""pr_daily_avg_lead_time_hours"":1.256,""pr_daily_median_lead_time_hours"":1.256,""pr_daily_avg_review_latency_hours"":null,""lead_time_sample_size"":2}"
src_205D_timeseries,516,"{""project_key"":""mpieniak01/Venom"",""date"":""2026-03-07"",""pr_opened_count_daily"":2,""pr_merged_count_daily"":1,""pr_closed_not_merged_daily"":0,""pr_active_daily"":1,""pr_daily_avg_lead_time_hours"":0.885,""pr_daily_median_lead_time_hours"":0.885,""pr_daily_avg_review_latency_hours"":null,""lead_time_sample_size"":1}"
src_205D_timeseries,517,"{""project_key"":""mpieniak01/Venom"",""date"":""2026-03-08"",""pr_opened_count_daily"":0,""pr_merged_count_daily"":0,""pr_closed_not_merged_daily"":0,""pr_active_daily"":1,""pr_daily_avg_lead_time_hours"":null,""pr_daily_median_lead_time_hours"":null,""pr_daily_avg_review_latency_hours"":null,""lead_time_sample_size"":0}"
src_205D_timeseries,518,"{""project_key"":""mpieniak01/Venom"",""date"":""2026-03-09"",""pr_opened_count_daily"":1,""pr_merged_count_daily"":1,""pr_closed_not_merged_daily"":0,""pr_active_daily"":1,""pr_daily_avg_lead_time_hours"":36.5575,""pr_daily_median_lead_time_hours"":36.5575,""pr_daily_avg_review_latency_hours"":null,""lead_time_sample_size"":1}"
src_205D_timeseries,519,"{""project_key"":""mpieniak01/Venom"",""date"":""2026-03-10"",""pr_opened_count_daily"":2,""pr_merged_count_daily"":3,""pr_closed_not_merged_daily"":0,""pr_active_daily"":0,""pr_daily_avg_lead_time_hours"":9.1617,""pr_daily_median_lead_time_hours"":0.7947,""pr_daily_avg_review_latency_hours"":null,""lead_time_sample_size"":3}"
src_205D_timeseries,520,"{""project_key"":""mpieniak01/Venom"",""date"":""2026-03-11"",""pr_opened_count_daily"":2,""pr_merged_count_daily"":2,""pr_closed_not_merged_daily"":0,""pr_active_daily"":0,""pr_daily_avg_lead_time_hours"":2.1025,""pr_daily_median_lead_time_hours"":2.1025,""pr_daily_avg_review_latency_hours"":null,""lead_time_sample_size"":2}"
src_205D_timeseries,521,"{""project_key"":""mpieniak01/Venom"",""date"":""2026-03-12"",""pr_opened_count_daily"":3,""pr_merged_count_daily"":3,""pr_closed_not_merged_daily"":0,""pr_active_daily"":0,""pr_daily_avg_lead_time_hours"":1.9287,""pr_daily_median_lead_time_hours"":0.8011,""pr_daily_avg_review_latency_hours"":null,""lead_time_sample_size"":3}"
src_205D_timeseries,522,"{""project_key"":""mpieniak01/Venom"",""date"":""2026-03-13"",""pr_opened_count_daily"":4,""pr_merged_count_daily"":4,""pr_closed_not_merged_daily"":0,""pr_active_daily"":0,""pr_daily_avg_lead_time_hours"":0.7881,""pr_daily_median_lead_time_hours"":0.7678,""pr_daily_avg_review_latency_hours"":null,""lead_time_sample_size"":4}"
src_205D_timeseries,523,"{""project_key"":""mpieniak01/Venom"",""date"":""2026-03-14"",""pr_opened_count_daily"":2,""pr_merged_count_daily"":2,""pr_closed_not_merged_daily"":0,""pr_active_daily"":0,""pr_daily_avg_lead_time_hours"":0.8664,""pr_daily_median_lead_time_hours"":0.8664,""pr_daily_avg_review_latency_hours"":null,""lead_time_sample_size"":2}"
src_205D_timeseries,524,"{""project_key"":""mpieniak01/Venom"",""date"":""2026-03-15"",""pr_opened_count_daily"":4,""pr_merged_count_daily"":1,""pr_closed_not_merged_daily"":2,""pr_active_daily"":1,""pr_daily_avg_lead_time_hours"":1.7661,""pr_daily_median_lead_time_hours"":1.7661,""pr_daily_avg_review_latency_hours"":null,""lead_time_sample_size"":1}"
src_205D_timeseries,525,"{""project_key"":""mpieniak01/Venom"",""date"":""2026-03-16"",""pr_opened_count_daily"":0,""pr_merged_count_daily"":1,""pr_closed_not_merged_daily"":0,""pr_active_daily"":0,""pr_daily_avg_lead_time_hours"":22.6706,""pr_daily_median_lead_time_hours"":22.6706,""pr_daily_avg_review_latency_hours"":null,""lead_time_sample_size"":1}"
src_205D_timeseries,526,"{""project_key"":""mpieniak01/Venom"",""date"":""2026-03-17"",""pr_opened_count_daily"":1,""pr_merged_count_daily"":1,""pr_closed_not_merged_daily"":0,""pr_active_daily"":0,""pr_daily_avg_lead_time_hours"":3.3619,""pr_daily_median_lead_time_hours"":3.3619,""pr_daily_avg_review_latency_hours"":null,""lead_time_sample_size"":1}"
src_205D_timeseries,527,"{""project_key"":""mpieniak01/Venom"",""date"":""2026-03-18"",""pr_opened_count_daily"":1,""pr_merged_count_daily"":1,""pr_closed_not_merged_daily"":0,""pr_active_daily"":0,""pr_daily_avg_lead_time_hours"":2.0242,""pr_daily_median_lead_time_hours"":2.0242,""pr_daily_avg_review_latency_hours"":null,""lead_time_sample_size"":1}"
src_205D_timeseries,528,"{""project_key"":""mpieniak01/Venom"",""date"":""2026-03-19"",""pr_opened_count_daily"":0,""pr_merged_count_daily"":0,""pr_closed_not_merged_daily"":0,""pr_active_daily"":0,""pr_daily_avg_lead_time_hours"":null,""pr_daily_median_lead_time_hours"":null,""pr_daily_avg_review_latency_hours"":null,""lead_time_sample_size"":0}"
src_205D_timeseries,529,"{""project_key"":""mpieniak01/Venom"",""date"":""2026-03-20"",""pr_opened_count_daily"":0,""pr_merged_count_daily"":0,""pr_closed_not_merged_daily"":0,""pr_active_daily"":0,""pr_daily_avg_lead_time_hours"":null,""pr_daily_median_lead_time_hours"":null,""pr_daily_avg_review_latency_hours"":null,""lead_time_sample_size"":0}"
src_205D_timeseries,530,"{""project_key"":""mpieniak01/Venom"",""date"":""2026-03-21"",""pr_opened_count_daily"":1,""pr_merged_count_daily"":0,""pr_closed_not_merged_daily"":0,""pr_active_daily"":1,""pr_daily_avg_lead_time_hours"":null,""pr_daily_median_lead_time_hours"":null,""pr_daily_avg_review_latency_hours"":null,""lead_time_sample_size"":0}"
src_205D_timeseries,531,"{""project_key"":""mpieniak01/Venom"",""date"":""2026-03-22"",""pr_opened_count_daily"":0,""pr_merged_count_daily"":1,""pr_closed_not_merged_daily"":0,""pr_active_daily"":0,""pr_daily_avg_lead_time_hours"":20.9075,""pr_daily_median_lead_time_hours"":20.9075,""pr_daily_avg_review_latency_hours"":null,""lead_time_sample_size"":1}"
src_205D_timeseries,532,"{""project_key"":""mpieniak01/Venom"",""date"":""2026-03-23"",""pr_opened_count_daily"":0,""pr_merged_count_daily"":0,""pr_closed_not_merged_daily"":0,""pr_active_daily"":0,""pr_daily_avg_lead_time_hours"":null,""pr_daily_median_lead_time_hours"":null,""pr_daily_avg_review_latency_hours"":null,""lead_time_sample_size"":0}"
src_205D_timeseries,533,"{""project_key"":""mpieniak01/Venom"",""date"":""2026-03-24"",""pr_opened_count_daily"":0,""pr_merged_count_daily"":0,""pr_closed_not_merged_daily"":0,""pr_active_daily"":0,""pr_daily_avg_lead_time_hours"":null,""pr_daily_median_lead_time_hours"":null,""pr_daily_avg_review_latency_hours"":null,""lead_time_sample_size"":0}"
src_205D_timeseries,534,"{""project_key"":""mpieniak01/Venom"",""date"":""2026-03-25"",""pr_opened_count_daily"":0,""pr_merged_count_daily"":0,""pr_closed_not_merged_daily"":0,""pr_active_daily"":0,""pr_daily_avg_lead_time_hours"":null,""pr_daily_median_lead_time_hours"":null,""pr_daily_avg_review_latency_hours"":null,""lead_time_sample_size"":0}"
src_205D_timeseries,535,"{""project_key"":""mpieniak01/Venom"",""date"":""2026-03-26"",""pr_opened_count_daily"":0,""pr_merged_count_daily"":0,""pr_closed_not_merged_daily"":0,""pr_active_daily"":0,""pr_daily_avg_lead_time_hours"":null,""pr_daily_median_lead_time_hours"":null,""pr_daily_avg_review_latency_hours"":null,""lead_time_sample_size"":0}"
src_205D_timeseries,536,"{""project_key"":""mpieniak01/Venom"",""date"":""2026-03-27"",""pr_opened_count_daily"":0,""pr_merged_count_daily"":0,""pr_closed_not_merged_daily"":0,""pr_active_daily"":0,""pr_daily_avg_lead_time_hours"":null,""pr_daily_median_lead_time_hours"":null,""pr_daily_avg_review_latency_hours"":null,""lead_time_sample_size"":0}"
src_205D_timeseries,537,"{""project_key"":""mpieniak01/Venom"",""date"":""2026-03-28"",""pr_opened_count_daily"":0,""pr_merged_count_daily"":0,""pr_closed_not_merged_daily"":0,""pr_active_daily"":0,""pr_daily_avg_lead_time_hours"":null,""pr_daily_median_lead_time_hours"":null,""pr_daily_avg_review_latency_hours"":null,""lead_time_sample_size"":0}"
src_205D_timeseries,538,"{""project_key"":""mpieniak01/Venom"",""date"":""2026-03-29"",""pr_opened_count_daily"":0,""pr_merged_count_daily"":0,""pr_closed_not_merged_daily"":0,""pr_active_daily"":0,""pr_daily_avg_lead_time_hours"":null,""pr_daily_median_lead_time_hours"":null,""pr_daily_avg_review_latency_hours"":null,""lead_time_sample_size"":0}"
src_205D_timeseries,539,"{""project_key"":""mpieniak01/Venom"",""date"":""2026-03-30"",""pr_opened_count_daily"":0,""pr_merged_count_daily"":0,""pr_closed_not_merged_daily"":0,""pr_active_daily"":0,""pr_daily_avg_lead_time_hours"":null,""pr_daily_median_lead_time_hours"":null,""pr_daily_avg_review_latency_hours"":null,""lead_time_sample_size"":0}"
src_205D_timeseries,540,"{""project_key"":""mpieniak01/Venom"",""date"":""2026-03-31"",""pr_opened_count_daily"":0,""pr_merged_count_daily"":0,""pr_closed_not_merged_daily"":0,""pr_active_daily"":0,""pr_daily_avg_lead_time_hours"":null,""pr_daily_median_lead_time_hours"":null,""pr_daily_avg_review_latency_hours"":null,""lead_time_sample_size"":0}"
src_205D_timeseries,541,"{""project_key"":""neuropsychology/NeuroKit"",""date"":""2026-01-01"",""pr_opened_count_daily"":0,""pr_merged_count_daily"":0,""pr_closed_not_merged_daily"":0,""pr_active_daily"":14,""pr_daily_avg_lead_time_hours"":null,""pr_daily_median_lead_time_hours"":null,""pr_daily_avg_review_latency_hours"":null,""lead_time_sample_size"":0}"
src_205D_timeseries,542,"{""project_key"":""neuropsychology/NeuroKit"",""date"":""2026-01-02"",""pr_opened_count_daily"":0,""pr_merged_count_daily"":0,""pr_closed_not_merged_daily"":0,""pr_active_daily"":14,""pr_daily_avg_lead_time_hours"":null,""pr_daily_median_lead_time_hours"":null,""pr_daily_avg_review_latency_hours"":null,""lead_time_sample_size"":0}"
src_205D_timeseries,543,"{""project_key"":""neuropsychology/NeuroKit"",""date"":""2026-01-03"",""pr_opened_count_daily"":0,""pr_merged_count_daily"":0,""pr_closed_not_merged_daily"":0,""pr_active_daily"":14,""pr_daily_avg_lead_time_hours"":null,""pr_daily_median_lead_time_hours"":null,""pr_daily_avg_review_latency_hours"":null,""lead_time_sample_size"":0}"
src_205D_timeseries,544,"{""project_key"":""neuropsychology/NeuroKit"",""date"":""2026-01-04"",""pr_opened_count_daily"":0,""pr_merged_count_daily"":0,""pr_closed_not_merged_daily"":0,""pr_active_daily"":14,""pr_daily_avg_lead_time_hours"":null,""pr_daily_median_lead_time_hours"":null,""pr_daily_avg_review_latency_hours"":null,""lead_time_sample_size"":0}"
src_205D_timeseries,545,"{""project_key"":""neuropsychology/NeuroKit"",""date"":""2026-01-05"",""pr_opened_count_daily"":0,""pr_merged_count_daily"":0,""pr_closed_not_merged_daily"":0,""pr_active_daily"":14,""pr_daily_avg_lead_time_hours"":null,""pr_daily_median_lead_time_hours"":null,""pr_daily_avg_review_latency_hours"":null,""lead_time_sample_size"":0}"
src_205D_timeseries,546,"{""project_key"":""neuropsychology/NeuroKit"",""date"":""2026-01-06"",""pr_opened_count_daily"":0,""pr_merged_count_daily"":0,""pr_closed_not_merged_daily"":0,""pr_active_daily"":14,""pr_daily_avg_lead_time_hours"":null,""pr_daily_median_lead_time_hours"":null,""pr_daily_avg_review_latency_hours"":null,""lead_time_sample_size"":0}"
src_205D_timeseries,547,"{""project_key"":""neuropsychology/NeuroKit"",""date"":""2026-01-07"",""pr_opened_count_daily"":0,""pr_merged_count_daily"":0,""pr_closed_not_merged_daily"":0,""pr_active_daily"":14,""pr_daily_avg_lead_time_hours"":null,""pr_daily_median_lead_time_hours"":null,""pr_daily_avg_review_latency_hours"":null,""lead_time_sample_size"":0}"
src_205D_timeseries,548,"{""project_key"":""neuropsychology/NeuroKit"",""date"":""2026-01-08"",""pr_opened_count_daily"":0,""pr_merged_count_daily"":0,""pr_closed_not_merged_daily"":0,""pr_active_daily"":14,""pr_daily_avg_lead_time_hours"":null,""pr_daily_median_lead_time_hours"":null,""pr_daily_avg_review_latency_hours"":null,""lead_time_sample_size"":0}"
src_205D_timeseries,549,"{""project_key"":""neuropsychology/NeuroKit"",""date"":""2026-01-09"",""pr_opened_count_daily"":1,""pr_merged_count_daily"":0,""pr_closed_not_merged_daily"":0,""pr_active_daily"":15,""pr_daily_avg_lead_time_hours"":null,""pr_daily_median_lead_time_hours"":null,""pr_daily_avg_review_latency_hours"":null,""lead_time_sample_size"":0}"
src_205D_timeseries,550,"{""project_key"":""neuropsychology/NeuroKit"",""date"":""2026-01-10"",""pr_opened_count_daily"":0,""pr_merged_count_daily"":0,""pr_closed_not_merged_daily"":0,""pr_active_daily"":15,""pr_daily_avg_lead_time_hours"":null,""pr_daily_median_lead_time_hours"":null,""pr_daily_avg_review_latency_hours"":null,""lead_time_sample_size"":0}"
src_205D_timeseries,551,"{""project_key"":""neuropsychology/NeuroKit"",""date"":""2026-01-11"",""pr_opened_count_daily"":0,""pr_merged_count_daily"":3,""pr_closed_not_merged_daily"":0,""pr_active_daily"":12,""pr_daily_avg_lead_time_hours"":4111.6129,""pr_daily_median_lead_time_hours"":4113.8128,""pr_daily_avg_review_latency_hours"":null,""lead_time_sample_size"":3}"
src_205D_timeseries,552,"{""project_key"":""neuropsychology/NeuroKit"",""date"":""2026-01-12"",""pr_opened_count_daily"":0,""pr_merged_count_daily"":0,""pr_closed_not_merged_daily"":0,""pr_active_daily"":12,""pr_daily_avg_lead_time_hours"":null,""pr_daily_median_lead_time_hours"":null,""pr_daily_avg_review_latency_hours"":null,""lead_time_sample_size"":0}"
src_205D_timeseries,553,"{""project_key"":""neuropsychology/NeuroKit"",""date"":""2026-01-13"",""pr_opened_count_daily"":0,""pr_merged_count_daily"":0,""pr_closed_not_merged_daily"":0,""pr_active_daily"":12,""pr_daily_avg_lead_time_hours"":null,""pr_daily_median_lead_time_hours"":null,""pr_daily_avg_review_latency_hours"":null,""lead_time_sample_size"":0}"
src_205D_timeseries,554,"{""project_key"":""neuropsychology/NeuroKit"",""date"":""2026-01-14"",""pr_opened_count_daily"":0,""pr_merged_count_daily"":0,""pr_closed_not_merged_daily"":0,""pr_active_daily"":12,""pr_daily_avg_lead_time_hours"":null,""pr_daily_median_lead_time_hours"":null,""pr_daily_avg_review_latency_hours"":null,""lead_time_sample_size"":0}"
src_205D_timeseries,555,"{""project_key"":""neuropsychology/NeuroKit"",""date"":""2026-01-15"",""pr_opened_count_daily"":0,""pr_merged_count_daily"":0,""pr_closed_not_merged_daily"":0,""pr_active_daily"":12,""pr_daily_avg_lead_time_hours"":null,""pr_daily_median_lead_time_hours"":null,""pr_daily_avg_review_latency_hours"":null,""lead_time_sample_size"":0}"
src_205D_timeseries,556,"{""project_key"":""neuropsychology/NeuroKit"",""date"":""2026-01-16"",""pr_opened_count_daily"":0,""pr_merged_count_daily"":0,""pr_closed_not_merged_daily"":0,""pr_active_daily"":12,""pr_daily_avg_lead_time_hours"":null,""pr_daily_median_lead_time_hours"":null,""pr_daily_avg_review_latency_hours"":null,""lead_time_sample_size"":0}"
src_205D_timeseries,557,"{""project_key"":""neuropsychology/NeuroKit"",""date"":""2026-01-17"",""pr_opened_count_daily"":0,""pr_merged_count_daily"":0,""pr_closed_not_merged_daily"":0,""pr_active_daily"":12,""pr_daily_avg_lead_time_hours"":null,""pr_daily_median_lead_time_hours"":null,""pr_daily_avg_review_latency_hours"":null,""lead_time_sample_size"":0}"
src_205D_timeseries,558,"{""project_key"":""neuropsychology/NeuroKit"",""date"":""2026-01-18"",""pr_opened_count_daily"":0,""pr_merged_count_daily"":0,""pr_closed_not_merged_daily"":0,""pr_active_daily"":12,""pr_daily_avg_lead_time_hours"":null,""pr_daily_median_lead_time_hours"":null,""pr_daily_avg_review_latency_hours"":null,""lead_time_sample_size"":0}"
src_205D_timeseries,559,"{""project_key"":""neuropsychology/NeuroKit"",""date"":""2026-01-19"",""pr_opened_count_daily"":0,""pr_merged_count_daily"":0,""pr_closed_not_merged_daily"":0,""pr_active_daily"":12,""pr_daily_avg_lead_time_hours"":null,""pr_daily_median_lead_time_hours"":null,""pr_daily_avg_review_latency_hours"":null,""lead_time_sample_size"":0}"
src_205D_timeseries,560,"{""project_key"":""neuropsychology/NeuroKit"",""date"":""2026-01-20"",""pr_opened_count_daily"":0,""pr_merged_count_daily"":0,""pr_closed_not_merged_daily"":0,""pr_active_daily"":12,""pr_daily_avg_lead_time_hours"":null,""pr_daily_median_lead_time_hours"":null,""pr_daily_avg_review_latency_hours"":null,""lead_time_sample_size"":0}"
src_205D_timeseries,561,"{""project_key"":""neuropsychology/NeuroKit"",""date"":""2026-01-21"",""pr_opened_count_daily"":0,""pr_merged_count_daily"":0,""pr_closed_not_merged_daily"":0,""pr_active_daily"":12,""pr_daily_avg_lead_time_hours"":null,""pr_daily_median_lead_time_hours"":null,""pr_daily_avg_review_latency_hours"":null,""lead_time_sample_size"":0}"
src_205D_timeseries,562,"{""project_key"":""neuropsychology/NeuroKit"",""date"":""2026-01-22"",""pr_opened_count_daily"":0,""pr_merged_count_daily"":0,""pr_closed_not_merged_daily"":0,""pr_active_daily"":12,""pr_daily_avg_lead_time_hours"":null,""pr_daily_median_lead_time_hours"":null,""pr_daily_avg_review_latency_hours"":null,""lead_time_sample_size"":0}"
src_205D_timeseries,563,"{""project_key"":""neuropsychology/NeuroKit"",""date"":""2026-01-23"",""pr_opened_count_daily"":1,""pr_merged_count_daily"":1,""pr_closed_not_merged_daily"":0,""pr_active_daily"":12,""pr_daily_avg_lead_time_hours"":16.17,""pr_daily_median_lead_time_hours"":16.17,""pr_daily_avg_review_latency_hours"":null,""lead_time_sample_size"":1}"
src_205D_timeseries,564,"{""project_key"":""neuropsychology/NeuroKit"",""date"":""2026-01-24"",""pr_opened_count_daily"":0,""pr_merged_count_daily"":0,""pr_closed_not_merged_daily"":0,""pr_active_daily"":12,""pr_daily_avg_lead_time_hours"":null,""pr_daily_median_lead_time_hours"":null,""pr_daily_avg_review_latency_hours"":null,""lead_time_sample_size"":0}"
src_205D_timeseries,565,"{""project_key"":""neuropsychology/NeuroKit"",""date"":""2026-01-25"",""pr_opened_count_daily"":0,""pr_merged_count_daily"":0,""pr_closed_not_merged_daily"":0,""pr_active_daily"":12,""pr_daily_avg_lead_time_hours"":null,""pr_daily_median_lead_time_hours"":null,""pr_daily_avg_review_latency_hours"":null,""lead_time_sample_size"":0}"
src_205D_timeseries,566,"{""project_key"":""neuropsychology/NeuroKit"",""date"":""2026-01-26"",""pr_opened_count_daily"":0,""pr_merged_count_daily"":0,""pr_closed_not_merged_daily"":0,""pr_active_daily"":12,""pr_daily_avg_lead_time_hours"":null,""pr_daily_median_lead_time_hours"":null,""pr_daily_avg_review_latency_hours"":null,""lead_time_sample_size"":0}"
src_205D_timeseries,567,"{""project_key"":""neuropsychology/NeuroKit"",""date"":""2026-01-27"",""pr_opened_count_daily"":0,""pr_merged_count_daily"":0,""pr_closed_not_merged_daily"":0,""pr_active_daily"":12,""pr_daily_avg_lead_time_hours"":null,""pr_daily_median_lead_time_hours"":null,""pr_daily_avg_review_latency_hours"":null,""lead_time_sample_size"":0}"
src_205D_timeseries,568,"{""project_key"":""neuropsychology/NeuroKit"",""date"":""2026-01-28"",""pr_opened_count_daily"":0,""pr_merged_count_daily"":0,""pr_closed_not_merged_daily"":0,""pr_active_daily"":12,""pr_daily_avg_lead_time_hours"":null,""pr_daily_median_lead_time_hours"":null,""pr_daily_avg_review_latency_hours"":null,""lead_time_sample_size"":0}"
src_205D_timeseries,569,"{""project_key"":""neuropsychology/NeuroKit"",""date"":""2026-01-29"",""pr_opened_count_daily"":0,""pr_merged_count_daily"":0,""pr_closed_not_merged_daily"":0,""pr_active_daily"":12,""pr_daily_avg_lead_time_hours"":null,""pr_daily_median_lead_time_hours"":null,""pr_daily_avg_review_latency_hours"":null,""lead_time_sample_size"":0}"
src_205D_timeseries,570,"{""project_key"":""neuropsychology/NeuroKit"",""date"":""2026-01-30"",""pr_opened_count_daily"":0,""pr_merged_count_daily"":0,""pr_closed_not_merged_daily"":0,""pr_active_daily"":12,""pr_daily_avg_lead_time_hours"":null,""pr_daily_median_lead_time_hours"":null,""pr_daily_avg_review_latency_hours"":null,""lead_time_sample_size"":0}"
src_205D_timeseries,571,"{""project_key"":""neuropsychology/NeuroKit"",""date"":""2026-01-31"",""pr_opened_count_daily"":0,""pr_merged_count_daily"":0,""pr_closed_not_merged_daily"":0,""pr_active_daily"":12,""pr_daily_avg_lead_time_hours"":null,""pr_daily_median_lead_time_hours"":null,""pr_daily_avg_review_latency_hours"":null,""lead_time_sample_size"":0}"
src_205D_timeseries,572,"{""project_key"":""neuropsychology/NeuroKit"",""date"":""2026-02-01"",""pr_opened_count_daily"":0,""pr_merged_count_daily"":0,""pr_closed_not_merged_daily"":0,""pr_active_daily"":12,""pr_daily_avg_lead_time_hours"":null,""pr_daily_median_lead_time_hours"":null,""pr_daily_avg_review_latency_hours"":null,""lead_time_sample_size"":0}"
src_205D_timeseries,573,"{""project_key"":""neuropsychology/NeuroKit"",""date"":""2026-02-02"",""pr_opened_count_daily"":0,""pr_merged_count_daily"":0,""pr_closed_not_merged_daily"":0,""pr_active_daily"":12,""pr_daily_avg_lead_time_hours"":null,""pr_daily_median_lead_time_hours"":null,""pr_daily_avg_review_latency_hours"":null,""lead_time_sample_size"":0}"
src_205D_timeseries,574,"{""project_key"":""neuropsychology/NeuroKit"",""date"":""2026-02-03"",""pr_opened_count_daily"":0,""pr_merged_count_daily"":0,""pr_closed_not_merged_daily"":0,""pr_active_daily"":12,""pr_daily_avg_lead_time_hours"":null,""pr_daily_median_lead_time_hours"":null,""pr_daily_avg_review_latency_hours"":null,""lead_time_sample_size"":0}"
src_205D_timeseries,575,"{""project_key"":""neuropsychology/NeuroKit"",""date"":""2026-02-04"",""pr_opened_count_daily"":0,""pr_merged_count_daily"":0,""pr_closed_not_merged_daily"":2,""pr_active_daily"":10,""pr_daily_avg_lead_time_hours"":null,""pr_daily_median_lead_time_hours"":null,""pr_daily_avg_review_latency_hours"":null,""lead_time_sample_size"":0}"
src_205D_timeseries,576,"{""project_key"":""neuropsychology/NeuroKit"",""date"":""2026-02-05"",""pr_opened_count_daily"":0,""pr_merged_count_daily"":0,""pr_closed_not_merged_daily"":0,""pr_active_daily"":10,""pr_daily_avg_lead_time_hours"":null,""pr_daily_median_lead_time_hours"":null,""pr_daily_avg_review_latency_hours"":null,""lead_time_sample_size"":0}"
src_205D_timeseries,577,"{""project_key"":""neuropsychology/NeuroKit"",""date"":""2026-02-06"",""pr_opened_count_daily"":0,""pr_merged_count_daily"":0,""pr_closed_not_merged_daily"":0,""pr_active_daily"":10,""pr_daily_avg_lead_time_hours"":null,""pr_daily_median_lead_time_hours"":null,""pr_daily_avg_review_latency_hours"":null,""lead_time_sample_size"":0}"
src_205D_timeseries,578,"{""project_key"":""neuropsychology/NeuroKit"",""date"":""2026-02-07"",""pr_opened_count_daily"":0,""pr_merged_count_daily"":0,""pr_closed_not_merged_daily"":0,""pr_active_daily"":10,""pr_daily_avg_lead_time_hours"":null,""pr_daily_median_lead_time_hours"":null,""pr_daily_avg_review_latency_hours"":null,""lead_time_sample_size"":0}"
src_205D_timeseries,579,"{""project_key"":""neuropsychology/NeuroKit"",""date"":""2026-02-08"",""pr_opened_count_daily"":0,""pr_merged_count_daily"":0,""pr_closed_not_merged_daily"":0,""pr_active_daily"":10,""pr_daily_avg_lead_time_hours"":null,""pr_daily_median_lead_time_hours"":null,""pr_daily_avg_review_latency_hours"":null,""lead_time_sample_size"":0}"
src_205D_timeseries,580,"{""project_key"":""neuropsychology/NeuroKit"",""date"":""2026-02-09"",""pr_opened_count_daily"":0,""pr_merged_count_daily"":0,""pr_closed_not_merged_daily"":0,""pr_active_daily"":10,""pr_daily_avg_lead_time_hours"":null,""pr_daily_median_lead_time_hours"":null,""pr_daily_avg_review_latency_hours"":null,""lead_time_sample_size"":0}"
src_205D_timeseries,581,"{""project_key"":""neuropsychology/NeuroKit"",""date"":""2026-02-10"",""pr_opened_count_daily"":0,""pr_merged_count_daily"":0,""pr_closed_not_merged_daily"":0,""pr_active_daily"":10,""pr_daily_avg_lead_time_hours"":null,""pr_daily_median_lead_time_hours"":null,""pr_daily_avg_review_latency_hours"":null,""lead_time_sample_size"":0}"
src_205D_timeseries,582,"{""project_key"":""neuropsychology/NeuroKit"",""date"":""2026-02-11"",""pr_opened_count_daily"":0,""pr_merged_count_daily"":0,""pr_closed_not_merged_daily"":0,""pr_active_daily"":10,""pr_daily_avg_lead_time_hours"":null,""pr_daily_median_lead_time_hours"":null,""pr_daily_avg_review_latency_hours"":null,""lead_time_sample_size"":0}"
src_205D_timeseries,583,"{""project_key"":""neuropsychology/NeuroKit"",""date"":""2026-02-12"",""pr_opened_count_daily"":1,""pr_merged_count_daily"":0,""pr_closed_not_merged_daily"":0,""pr_active_daily"":11,""pr_daily_avg_lead_time_hours"":null,""pr_daily_median_lead_time_hours"":null,""pr_daily_avg_review_latency_hours"":null,""lead_time_sample_size"":0}"
src_205D_timeseries,584,"{""project_key"":""neuropsychology/NeuroKit"",""date"":""2026-02-13"",""pr_opened_count_daily"":0,""pr_merged_count_daily"":0,""pr_closed_not_merged_daily"":0,""pr_active_daily"":11,""pr_daily_avg_lead_time_hours"":null,""pr_daily_median_lead_time_hours"":null,""pr_daily_avg_review_latency_hours"":null,""lead_time_sample_size"":0}"
src_205D_timeseries,585,"{""project_key"":""neuropsychology/NeuroKit"",""date"":""2026-02-14"",""pr_opened_count_daily"":0,""pr_merged_count_daily"":0,""pr_closed_not_merged_daily"":0,""pr_active_daily"":11,""pr_daily_avg_lead_time_hours"":null,""pr_daily_median_lead_time_hours"":null,""pr_daily_avg_review_latency_hours"":null,""lead_time_sample_size"":0}"
src_205D_timeseries,586,"{""project_key"":""neuropsychology/NeuroKit"",""date"":""2026-02-15"",""pr_opened_count_daily"":0,""pr_merged_count_daily"":0,""pr_closed_not_merged_daily"":0,""pr_active_daily"":11,""pr_daily_avg_lead_time_hours"":null,""pr_daily_median_lead_time_hours"":null,""pr_daily_avg_review_latency_hours"":null,""lead_time_sample_size"":0}"
src_205D_timeseries,587,"{""project_key"":""neuropsychology/NeuroKit"",""date"":""2026-02-16"",""pr_opened_count_daily"":0,""pr_merged_count_daily"":0,""pr_closed_not_merged_daily"":0,""pr_active_daily"":11,""pr_daily_avg_lead_time_hours"":null,""pr_daily_median_lead_time_hours"":null,""pr_daily_avg_review_latency_hours"":null,""lead_time_sample_size"":0}"
src_205D_timeseries,588,"{""project_key"":""neuropsychology/NeuroKit"",""date"":""2026-02-17"",""pr_opened_count_daily"":0,""pr_merged_count_daily"":0,""pr_closed_not_merged_daily"":0,""pr_active_daily"":11,""pr_daily_avg_lead_time_hours"":null,""pr_daily_median_lead_time_hours"":null,""pr_daily_avg_review_latency_hours"":null,""lead_time_sample_size"":0}"
src_205D_timeseries,589,"{""project_key"":""neuropsychology/NeuroKit"",""date"":""2026-02-18"",""pr_opened_count_daily"":1,""pr_merged_count_daily"":0,""pr_closed_not_merged_daily"":0,""pr_active_daily"":12,""pr_daily_avg_lead_time_hours"":null,""pr_daily_median_lead_time_hours"":null,""pr_daily_avg_review_latency_hours"":null,""lead_time_sample_size"":0}"
src_205D_timeseries,590,"{""project_key"":""neuropsychology/NeuroKit"",""date"":""2026-02-19"",""pr_opened_count_daily"":0,""pr_merged_count_daily"":0,""pr_closed_not_merged_daily"":0,""pr_active_daily"":12,""pr_daily_avg_lead_time_hours"":null,""pr_daily_median_lead_time_hours"":null,""pr_daily_avg_review_latency_hours"":null,""lead_time_sample_size"":0}"
src_205D_timeseries,591,"{""project_key"":""neuropsychology/NeuroKit"",""date"":""2026-02-20"",""pr_opened_count_daily"":0,""pr_merged_count_daily"":1,""pr_closed_not_merged_daily"":0,""pr_active_daily"":11,""pr_daily_avg_lead_time_hours"":44.7394,""pr_daily_median_lead_time_hours"":44.7394,""pr_daily_avg_review_latency_hours"":null,""lead_time_sample_size"":1}"
src_205D_timeseries,592,"{""project_key"":""neuropsychology/NeuroKit"",""date"":""2026-02-21"",""pr_opened_count_daily"":0,""pr_merged_count_daily"":1,""pr_closed_not_merged_daily"":0,""pr_active_daily"":10,""pr_daily_avg_lead_time_hours"":4488.6517,""pr_daily_median_lead_time_hours"":4488.6517,""pr_daily_avg_review_latency_hours"":null,""lead_time_sample_size"":1}"
src_205D_timeseries,593,"{""project_key"":""neuropsychology/NeuroKit"",""date"":""2026-02-22"",""pr_opened_count_daily"":1,""pr_merged_count_daily"":8,""pr_closed_not_merged_daily"":1,""pr_active_daily"":2,""pr_daily_avg_lead_time_hours"":3869.1978,""pr_daily_median_lead_time_hours"":3200.771,""pr_daily_avg_review_latency_hours"":null,""lead_time_sample_size"":8}"
src_205D_timeseries,594,"{""project_key"":""neuropsychology/NeuroKit"",""date"":""2026-02-23"",""pr_opened_count_daily"":6,""pr_merged_count_daily"":2,""pr_closed_not_merged_daily"":0,""pr_active_daily"":6,""pr_daily_avg_lead_time_hours"":2766.9933,""pr_daily_median_lead_time_hours"":2766.9933,""pr_daily_avg_review_latency_hours"":null,""lead_time_sample_size"":2}"
src_205D_timeseries,595,"{""project_key"":""neuropsychology/NeuroKit"",""date"":""2026-02-24"",""pr_opened_count_daily"":0,""pr_merged_count_daily"":0,""pr_closed_not_merged_daily"":5,""pr_active_daily"":1,""pr_daily_avg_lead_time_hours"":null,""pr_daily_median_lead_time_hours"":null,""pr_daily_avg_review_latency_hours"":null,""lead_time_sample_size"":0}"
src_205D_timeseries,596,"{""project_key"":""neuropsychology/NeuroKit"",""date"":""2026-02-25"",""pr_opened_count_daily"":0,""pr_merged_count_daily"":0,""pr_closed_not_merged_daily"":0,""pr_active_daily"":1,""pr_daily_avg_lead_time_hours"":null,""pr_daily_median_lead_time_hours"":null,""pr_daily_avg_review_latency_hours"":null,""lead_time_sample_size"":0}"
src_205D_timeseries,597,"{""project_key"":""neuropsychology/NeuroKit"",""date"":""2026-02-26"",""pr_opened_count_daily"":0,""pr_merged_count_daily"":0,""pr_closed_not_merged_daily"":0,""pr_active_daily"":1,""pr_daily_avg_lead_time_hours"":null,""pr_daily_median_lead_time_hours"":null,""pr_daily_avg_review_latency_hours"":null,""lead_time_sample_size"":0}"
src_205D_timeseries,598,"{""project_key"":""neuropsychology/NeuroKit"",""date"":""2026-02-27"",""pr_opened_count_daily"":0,""pr_merged_count_daily"":0,""pr_closed_not_merged_daily"":0,""pr_active_daily"":1,""pr_daily_avg_lead_time_hours"":null,""pr_daily_median_lead_time_hours"":null,""pr_daily_avg_review_latency_hours"":null,""lead_time_sample_size"":0}"
src_205D_timeseries,599,"{""project_key"":""neuropsychology/NeuroKit"",""date"":""2026-02-28"",""pr_opened_count_daily"":5,""pr_merged_count_daily"":6,""pr_closed_not_merged_daily"":0,""pr_active_daily"":0,""pr_daily_avg_lead_time_hours"":20.2098,""pr_daily_median_lead_time_hours"":0.9608,""pr_daily_avg_review_latency_hours"":null,""lead_time_sample_size"":6}"
src_205D_timeseries,600,"{""project_key"":""neuropsychology/NeuroKit"",""date"":""2026-03-01"",""pr_opened_count_daily"":0,""pr_merged_count_daily"":0,""pr_closed_not_merged_daily"":0,""pr_active_daily"":0,""pr_daily_avg_lead_time_hours"":null,""pr_daily_median_lead_time_hours"":null,""pr_daily_avg_review_latency_hours"":null,""lead_time_sample_size"":0}"
src_205D_timeseries,601,"{""project_key"":""neuropsychology/NeuroKit"",""date"":""2026-03-02"",""pr_opened_count_daily"":1,""pr_merged_count_daily"":0,""pr_closed_not_merged_daily"":0,""pr_active_daily"":1,""pr_daily_avg_lead_time_hours"":null,""pr_daily_median_lead_time_hours"":null,""pr_daily_avg_review_latency_hours"":null,""lead_time_sample_size"":0}"
src_205D_timeseries,602,"{""project_key"":""neuropsychology/NeuroKit"",""date"":""2026-03-03"",""pr_opened_count_daily"":0,""pr_merged_count_daily"":0,""pr_closed_not_merged_daily"":0,""pr_active_daily"":1,""pr_daily_avg_lead_time_hours"":null,""pr_daily_median_lead_time_hours"":null,""pr_daily_avg_review_latency_hours"":null,""lead_time_sample_size"":0}"
src_205D_timeseries,603,"{""project_key"":""neuropsychology/NeuroKit"",""date"":""2026-03-04"",""pr_opened_count_daily"":0,""pr_merged_count_daily"":0,""pr_closed_not_merged_daily"":0,""pr_active_daily"":1,""pr_daily_avg_lead_time_hours"":null,""pr_daily_median_lead_time_hours"":null,""pr_daily_avg_review_latency_hours"":null,""lead_time_sample_size"":0}"
src_205D_timeseries,604,"{""project_key"":""neuropsychology/NeuroKit"",""date"":""2026-03-05"",""pr_opened_count_daily"":0,""pr_merged_count_daily"":0,""pr_closed_not_merged_daily"":0,""pr_active_daily"":1,""pr_daily_avg_lead_time_hours"":null,""pr_daily_median_lead_time_hours"":null,""pr_daily_avg_review_latency_hours"":null,""lead_time_sample_size"":0}"
src_205D_timeseries,605,"{""project_key"":""neuropsychology/NeuroKit"",""date"":""2026-03-06"",""pr_opened_count_daily"":2,""pr_merged_count_daily"":0,""pr_closed_not_merged_daily"":1,""pr_active_daily"":2,""pr_daily_avg_lead_time_hours"":null,""pr_daily_median_lead_time_hours"":null,""pr_daily_avg_review_latency_hours"":null,""lead_time_sample_size"":0}"
src_205D_timeseries,606,"{""project_key"":""neuropsychology/NeuroKit"",""date"":""2026-03-07"",""pr_opened_count_daily"":0,""pr_merged_count_daily"":0,""pr_closed_not_merged_daily"":0,""pr_active_daily"":2,""pr_daily_avg_lead_time_hours"":null,""pr_daily_median_lead_time_hours"":null,""pr_daily_avg_review_latency_hours"":null,""lead_time_sample_size"":0}"
src_205D_timeseries,607,"{""project_key"":""neuropsychology/NeuroKit"",""date"":""2026-03-08"",""pr_opened_count_daily"":0,""pr_merged_count_daily"":0,""pr_closed_not_merged_daily"":0,""pr_active_daily"":2,""pr_daily_avg_lead_time_hours"":null,""pr_daily_median_lead_time_hours"":null,""pr_daily_avg_review_latency_hours"":null,""lead_time_sample_size"":0}"
src_205D_timeseries,608,"{""project_key"":""neuropsychology/NeuroKit"",""date"":""2026-03-09"",""pr_opened_count_daily"":0,""pr_merged_count_daily"":0,""pr_closed_not_merged_daily"":0,""pr_active_daily"":2,""pr_daily_avg_lead_time_hours"":null,""pr_daily_median_lead_time_hours"":null,""pr_daily_avg_review_latency_hours"":null,""lead_time_sample_size"":0}"
src_205D_timeseries,609,"{""project_key"":""neuropsychology/NeuroKit"",""date"":""2026-03-10"",""pr_opened_count_daily"":0,""pr_merged_count_daily"":0,""pr_closed_not_merged_daily"":0,""pr_active_daily"":2,""pr_daily_avg_lead_time_hours"":null,""pr_daily_median_lead_time_hours"":null,""pr_daily_avg_review_latency_hours"":null,""lead_time_sample_size"":0}"
src_205D_timeseries,610,"{""project_key"":""neuropsychology/NeuroKit"",""date"":""2026-03-11"",""pr_opened_count_daily"":0,""pr_merged_count_daily"":0,""pr_closed_not_merged_daily"":0,""pr_active_daily"":2,""pr_daily_avg_lead_time_hours"":null,""pr_daily_median_lead_time_hours"":null,""pr_daily_avg_review_latency_hours"":null,""lead_time_sample_size"":0}"
src_205D_timeseries,611,"{""project_key"":""neuropsychology/NeuroKit"",""date"":""2026-03-12"",""pr_opened_count_daily"":0,""pr_merged_count_daily"":0,""pr_closed_not_merged_daily"":0,""pr_active_daily"":2,""pr_daily_avg_lead_time_hours"":null,""pr_daily_median_lead_time_hours"":null,""pr_daily_avg_review_latency_hours"":null,""lead_time_sample_size"":0}"
src_205D_timeseries,612,"{""project_key"":""neuropsychology/NeuroKit"",""date"":""2026-03-13"",""pr_opened_count_daily"":0,""pr_merged_count_daily"":0,""pr_closed_not_merged_daily"":0,""pr_active_daily"":2,""pr_daily_avg_lead_time_hours"":null,""pr_daily_median_lead_time_hours"":null,""pr_daily_avg_review_latency_hours"":null,""lead_time_sample_size"":0}"
src_205D_timeseries,613,"{""project_key"":""neuropsychology/NeuroKit"",""date"":""2026-03-14"",""pr_opened_count_daily"":0,""pr_merged_count_daily"":0,""pr_closed_not_merged_daily"":0,""pr_active_daily"":2,""pr_daily_avg_lead_time_hours"":null,""pr_daily_median_lead_time_hours"":null,""pr_daily_avg_review_latency_hours"":null,""lead_time_sample_size"":0}"
src_205D_timeseries,614,"{""project_key"":""neuropsychology/NeuroKit"",""date"":""2026-03-15"",""pr_opened_count_daily"":0,""pr_merged_count_daily"":0,""pr_closed_not_merged_daily"":0,""pr_active_daily"":2,""pr_daily_avg_lead_time_hours"":null,""pr_daily_median_lead_time_hours"":null,""pr_daily_avg_review_latency_hours"":null,""lead_time_sample_size"":0}"
src_205D_timeseries,615,"{""project_key"":""neuropsychology/NeuroKit"",""date"":""2026-03-16"",""pr_opened_count_daily"":0,""pr_merged_count_daily"":0,""pr_closed_not_merged_daily"":0,""pr_active_daily"":2,""pr_daily_avg_lead_time_hours"":null,""pr_daily_median_lead_time_hours"":null,""pr_daily_avg_review_latency_hours"":null,""lead_time_sample_size"":0}"
src_205D_timeseries,616,"{""project_key"":""neuropsychology/NeuroKit"",""date"":""2026-03-17"",""pr_opened_count_daily"":1,""pr_merged_count_daily"":0,""pr_closed_not_merged_daily"":0,""pr_active_daily"":3,""pr_daily_avg_lead_time_hours"":null,""pr_daily_median_lead_time_hours"":null,""pr_daily_avg_review_latency_hours"":null,""lead_time_sample_size"":0}"
src_205D_timeseries,617,"{""project_key"":""neuropsychology/NeuroKit"",""date"":""2026-03-18"",""pr_opened_count_daily"":0,""pr_merged_count_daily"":0,""pr_closed_not_merged_daily"":0,""pr_active_daily"":3,""pr_daily_avg_lead_time_hours"":null,""pr_daily_median_lead_time_hours"":null,""pr_daily_avg_review_latency_hours"":null,""lead_time_sample_size"":0}"
src_205D_timeseries,618,"{""project_key"":""neuropsychology/NeuroKit"",""date"":""2026-03-19"",""pr_opened_count_daily"":1,""pr_merged_count_daily"":2,""pr_closed_not_merged_daily"":0,""pr_active_daily"":2,""pr_daily_avg_lead_time_hours"":27.7157,""pr_daily_median_lead_time_hours"":27.7157,""pr_daily_avg_review_latency_hours"":null,""lead_time_sample_size"":2}"
src_205D_timeseries,619,"{""project_key"":""neuropsychology/NeuroKit"",""date"":""2026-03-20"",""pr_opened_count_daily"":0,""pr_merged_count_daily"":0,""pr_closed_not_merged_daily"":0,""pr_active_daily"":2,""pr_daily_avg_lead_time_hours"":null,""pr_daily_median_lead_time_hours"":null,""pr_daily_avg_review_latency_hours"":null,""lead_time_sample_size"":0}"
src_205D_timeseries,620,"{""project_key"":""neuropsychology/NeuroKit"",""date"":""2026-03-21"",""pr_opened_count_daily"":0,""pr_merged_count_daily"":0,""pr_closed_not_merged_daily"":0,""pr_active_daily"":2,""pr_daily_avg_lead_time_hours"":null,""pr_daily_median_lead_time_hours"":null,""pr_daily_avg_review_latency_hours"":null,""lead_time_sample_size"":0}"
src_205D_timeseries,621,"{""project_key"":""neuropsychology/NeuroKit"",""date"":""2026-03-22"",""pr_opened_count_daily"":1,""pr_merged_count_daily"":0,""pr_closed_not_merged_daily"":0,""pr_active_daily"":3,""pr_daily_avg_lead_time_hours"":null,""pr_daily_median_lead_time_hours"":null,""pr_daily_avg_review_latency_hours"":null,""lead_time_sample_size"":0}"
src_205D_timeseries,622,"{""project_key"":""neuropsychology/NeuroKit"",""date"":""2026-03-23"",""pr_opened_count_daily"":0,""pr_merged_count_daily"":0,""pr_closed_not_merged_daily"":0,""pr_active_daily"":3,""pr_daily_avg_lead_time_hours"":null,""pr_daily_median_lead_time_hours"":null,""pr_daily_avg_review_latency_hours"":null,""lead_time_sample_size"":0}"
src_205D_timeseries,623,"{""project_key"":""neuropsychology/NeuroKit"",""date"":""2026-03-24"",""pr_opened_count_daily"":0,""pr_merged_count_daily"":0,""pr_closed_not_merged_daily"":0,""pr_active_daily"":3,""pr_daily_avg_lead_time_hours"":null,""pr_daily_median_lead_time_hours"":null,""pr_daily_avg_review_latency_hours"":null,""lead_time_sample_size"":0}"
src_205D_timeseries,624,"{""project_key"":""neuropsychology/NeuroKit"",""date"":""2026-03-25"",""pr_opened_count_daily"":0,""pr_merged_count_daily"":0,""pr_closed_not_merged_daily"":0,""pr_active_daily"":3,""pr_daily_avg_lead_time_hours"":null,""pr_daily_median_lead_time_hours"":null,""pr_daily_avg_review_latency_hours"":null,""lead_time_sample_size"":0}"
src_205D_timeseries,625,"{""project_key"":""neuropsychology/NeuroKit"",""date"":""2026-03-26"",""pr_opened_count_daily"":0,""pr_merged_count_daily"":0,""pr_closed_not_merged_daily"":0,""pr_active_daily"":3,""pr_daily_avg_lead_time_hours"":null,""pr_daily_median_lead_time_hours"":null,""pr_daily_avg_review_latency_hours"":null,""lead_time_sample_size"":0}"
src_205D_timeseries,626,"{""project_key"":""neuropsychology/NeuroKit"",""date"":""2026-03-27"",""pr_opened_count_daily"":0,""pr_merged_count_daily"":0,""pr_closed_not_merged_daily"":0,""pr_active_daily"":3,""pr_daily_avg_lead_time_hours"":null,""pr_daily_median_lead_time_hours"":null,""pr_daily_avg_review_latency_hours"":null,""lead_time_sample_size"":0}"
src_205D_timeseries,627,"{""project_key"":""neuropsychology/NeuroKit"",""date"":""2026-03-28"",""pr_opened_count_daily"":0,""pr_merged_count_daily"":0,""pr_closed_not_merged_daily"":0,""pr_active_daily"":3,""pr_daily_avg_lead_time_hours"":null,""pr_daily_median_lead_time_hours"":null,""pr_daily_avg_review_latency_hours"":null,""lead_time_sample_size"":0}"
src_205D_timeseries,628,"{""project_key"":""neuropsychology/NeuroKit"",""date"":""2026-03-29"",""pr_opened_count_daily"":0,""pr_merged_count_daily"":0,""pr_closed_not_merged_daily"":0,""pr_active_daily"":3,""pr_daily_avg_lead_time_hours"":null,""pr_daily_median_lead_time_hours"":null,""pr_daily_avg_review_latency_hours"":null,""lead_time_sample_size"":0}"
src_205D_timeseries,629,"{""project_key"":""neuropsychology/NeuroKit"",""date"":""2026-03-30"",""pr_opened_count_daily"":0,""pr_merged_count_daily"":0,""pr_closed_not_merged_daily"":0,""pr_active_daily"":3,""pr_daily_avg_lead_time_hours"":null,""pr_daily_median_lead_time_hours"":null,""pr_daily_avg_review_latency_hours"":null,""lead_time_sample_size"":0}"
src_205D_timeseries,630,"{""project_key"":""neuropsychology/NeuroKit"",""date"":""2026-03-31"",""pr_opened_count_daily"":0,""pr_merged_count_daily"":0,""pr_closed_not_merged_daily"":0,""pr_active_daily"":3,""pr_daily_avg_lead_time_hours"":null,""pr_daily_median_lead_time_hours"":null,""pr_daily_avg_review_latency_hours"":null,""lead_time_sample_size"":0}"
src_205D_timeseries,631,"{""project_key"":""omkarcloud/botasaurus"",""date"":""2026-01-01"",""pr_opened_count_daily"":0,""pr_merged_count_daily"":0,""pr_closed_not_merged_daily"":0,""pr_active_daily"":3,""pr_daily_avg_lead_time_hours"":null,""pr_daily_median_lead_time_hours"":null,""pr_daily_avg_review_latency_hours"":null,""lead_time_sample_size"":0}"
src_205D_timeseries,632,"{""project_key"":""omkarcloud/botasaurus"",""date"":""2026-01-02"",""pr_opened_count_daily"":0,""pr_merged_count_daily"":0,""pr_closed_not_merged_daily"":0,""pr_active_daily"":3,""pr_daily_avg_lead_time_hours"":null,""pr_daily_median_lead_time_hours"":null,""pr_daily_avg_review_latency_hours"":null,""lead_time_sample_size"":0}"
src_205D_timeseries,633,"{""project_key"":""omkarcloud/botasaurus"",""date"":""2026-01-03"",""pr_opened_count_daily"":0,""pr_merged_count_daily"":0,""pr_closed_not_merged_daily"":0,""pr_active_daily"":3,""pr_daily_avg_lead_time_hours"":null,""pr_daily_median_lead_time_hours"":null,""pr_daily_avg_review_latency_hours"":null,""lead_time_sample_size"":0}"
src_205D_timeseries,634,"{""project_key"":""omkarcloud/botasaurus"",""date"":""2026-01-04"",""pr_opened_count_daily"":0,""pr_merged_count_daily"":0,""pr_closed_not_merged_daily"":0,""pr_active_daily"":3,""pr_daily_avg_lead_time_hours"":null,""pr_daily_median_lead_time_hours"":null,""pr_daily_avg_review_latency_hours"":null,""lead_time_sample_size"":0}"
src_205D_timeseries,635,"{""project_key"":""omkarcloud/botasaurus"",""date"":""2026-01-05"",""pr_opened_count_daily"":0,""pr_merged_count_daily"":0,""pr_closed_not_merged_daily"":0,""pr_active_daily"":3,""pr_daily_avg_lead_time_hours"":null,""pr_daily_median_lead_time_hours"":null,""pr_daily_avg_review_latency_hours"":null,""lead_time_sample_size"":0}"
src_205D_timeseries,636,"{""project_key"":""omkarcloud/botasaurus"",""date"":""2026-01-06"",""pr_opened_count_daily"":0,""pr_merged_count_daily"":0,""pr_closed_not_merged_daily"":0,""pr_active_daily"":3,""pr_daily_avg_lead_time_hours"":null,""pr_daily_median_lead_time_hours"":null,""pr_daily_avg_review_latency_hours"":null,""lead_time_sample_size"":0}"
src_205D_timeseries,637,"{""project_key"":""omkarcloud/botasaurus"",""date"":""2026-01-07"",""pr_opened_count_daily"":0,""pr_merged_count_daily"":0,""pr_closed_not_merged_daily"":0,""pr_active_daily"":3,""pr_daily_avg_lead_time_hours"":null,""pr_daily_median_lead_time_hours"":null,""pr_daily_avg_review_latency_hours"":null,""lead_time_sample_size"":0}"
src_205D_timeseries,638,"{""project_key"":""omkarcloud/botasaurus"",""date"":""2026-01-08"",""pr_opened_count_daily"":0,""pr_merged_count_daily"":0,""pr_closed_not_merged_daily"":0,""pr_active_daily"":3,""pr_daily_avg_lead_time_hours"":null,""pr_daily_median_lead_time_hours"":null,""pr_daily_avg_review_latency_hours"":null,""lead_time_sample_size"":0}"
src_205D_timeseries,639,"{""project_key"":""omkarcloud/botasaurus"",""date"":""2026-01-09"",""pr_opened_count_daily"":0,""pr_merged_count_daily"":0,""pr_closed_not_merged_daily"":0,""pr_active_daily"":3,""pr_daily_avg_lead_time_hours"":null,""pr_daily_median_lead_time_hours"":null,""pr_daily_avg_review_latency_hours"":null,""lead_time_sample_size"":0}"
src_205D_timeseries,640,"{""project_key"":""omkarcloud/botasaurus"",""date"":""2026-01-10"",""pr_opened_count_daily"":0,""pr_merged_count_daily"":0,""pr_closed_not_merged_daily"":0,""pr_active_daily"":3,""pr_daily_avg_lead_time_hours"":null,""pr_daily_median_lead_time_hours"":null,""pr_daily_avg_review_latency_hours"":null,""lead_time_sample_size"":0}"
src_205D_timeseries,641,"{""project_key"":""omkarcloud/botasaurus"",""date"":""2026-01-11"",""pr_opened_count_daily"":0,""pr_merged_count_daily"":0,""pr_closed_not_merged_daily"":0,""pr_active_daily"":3,""pr_daily_avg_lead_time_hours"":null,""pr_daily_median_lead_time_hours"":null,""pr_daily_avg_review_latency_hours"":null,""lead_time_sample_size"":0}"
src_205D_timeseries,642,"{""project_key"":""omkarcloud/botasaurus"",""date"":""2026-01-12"",""pr_opened_count_daily"":0,""pr_merged_count_daily"":0,""pr_closed_not_merged_daily"":0,""pr_active_daily"":3,""pr_daily_avg_lead_time_hours"":null,""pr_daily_median_lead_time_hours"":null,""pr_daily_avg_review_latency_hours"":null,""lead_time_sample_size"":0}"
src_205D_timeseries,643,"{""project_key"":""omkarcloud/botasaurus"",""date"":""2026-01-13"",""pr_opened_count_daily"":0,""pr_merged_count_daily"":0,""pr_closed_not_merged_daily"":0,""pr_active_daily"":3,""pr_daily_avg_lead_time_hours"":null,""pr_daily_median_lead_time_hours"":null,""pr_daily_avg_review_latency_hours"":null,""lead_time_sample_size"":0}"
src_205D_timeseries,644,"{""project_key"":""omkarcloud/botasaurus"",""date"":""2026-01-14"",""pr_opened_count_daily"":0,""pr_merged_count_daily"":0,""pr_closed_not_merged_daily"":0,""pr_active_daily"":3,""pr_daily_avg_lead_time_hours"":null,""pr_daily_median_lead_time_hours"":null,""pr_daily_avg_review_latency_hours"":null,""lead_time_sample_size"":0}"
src_205D_timeseries,645,"{""project_key"":""omkarcloud/botasaurus"",""date"":""2026-01-15"",""pr_opened_count_daily"":0,""pr_merged_count_daily"":0,""pr_closed_not_merged_daily"":0,""pr_active_daily"":3,""pr_daily_avg_lead_time_hours"":null,""pr_daily_median_lead_time_hours"":null,""pr_daily_avg_review_latency_hours"":null,""lead_time_sample_size"":0}"
src_205D_timeseries,646,"{""project_key"":""omkarcloud/botasaurus"",""date"":""2026-01-16"",""pr_opened_count_daily"":0,""pr_merged_count_daily"":0,""pr_closed_not_merged_daily"":0,""pr_active_daily"":3,""pr_daily_avg_lead_time_hours"":null,""pr_daily_median_lead_time_hours"":null,""pr_daily_avg_review_latency_hours"":null,""lead_time_sample_size"":0}"
src_205D_timeseries,647,"{""project_key"":""omkarcloud/botasaurus"",""date"":""2026-01-17"",""pr_opened_count_daily"":0,""pr_merged_count_daily"":0,""pr_closed_not_merged_daily"":0,""pr_active_daily"":3,""pr_daily_avg_lead_time_hours"":null,""pr_daily_median_lead_time_hours"":null,""pr_daily_avg_review_latency_hours"":null,""lead_time_sample_size"":0}"
src_205D_timeseries,648,"{""project_key"":""omkarcloud/botasaurus"",""date"":""2026-01-18"",""pr_opened_count_daily"":0,""pr_merged_count_daily"":0,""pr_closed_not_merged_daily"":0,""pr_active_daily"":3,""pr_daily_avg_lead_time_hours"":null,""pr_daily_median_lead_time_hours"":null,""pr_daily_avg_review_latency_hours"":null,""lead_time_sample_size"":0}"
src_205D_timeseries,649,"{""project_key"":""omkarcloud/botasaurus"",""date"":""2026-01-19"",""pr_opened_count_daily"":0,""pr_merged_count_daily"":0,""pr_closed_not_merged_daily"":0,""pr_active_daily"":3,""pr_daily_avg_lead_time_hours"":null,""pr_daily_median_lead_time_hours"":null,""pr_daily_avg_review_latency_hours"":null,""lead_time_sample_size"":0}"
src_205D_timeseries,650,"{""project_key"":""omkarcloud/botasaurus"",""date"":""2026-01-20"",""pr_opened_count_daily"":0,""pr_merged_count_daily"":0,""pr_closed_not_merged_daily"":0,""pr_active_daily"":3,""pr_daily_avg_lead_time_hours"":null,""pr_daily_median_lead_time_hours"":null,""pr_daily_avg_review_latency_hours"":null,""lead_time_sample_size"":0}"
src_205D_timeseries,651,"{""project_key"":""omkarcloud/botasaurus"",""date"":""2026-01-21"",""pr_opened_count_daily"":0,""pr_merged_count_daily"":0,""pr_closed_not_merged_daily"":0,""pr_active_daily"":3,""pr_daily_avg_lead_time_hours"":null,""pr_daily_median_lead_time_hours"":null,""pr_daily_avg_review_latency_hours"":null,""lead_time_sample_size"":0}"
src_205D_timeseries,652,"{""project_key"":""omkarcloud/botasaurus"",""date"":""2026-01-22"",""pr_opened_count_daily"":0,""pr_merged_count_daily"":0,""pr_closed_not_merged_daily"":0,""pr_active_daily"":3,""pr_daily_avg_lead_time_hours"":null,""pr_daily_median_lead_time_hours"":null,""pr_daily_avg_review_latency_hours"":null,""lead_time_sample_size"":0}"
src_205D_timeseries,653,"{""project_key"":""omkarcloud/botasaurus"",""date"":""2026-01-23"",""pr_opened_count_daily"":0,""pr_merged_count_daily"":0,""pr_closed_not_merged_daily"":0,""pr_active_daily"":3,""pr_daily_avg_lead_time_hours"":null,""pr_daily_median_lead_time_hours"":null,""pr_daily_avg_review_latency_hours"":null,""lead_time_sample_size"":0}"
src_205D_timeseries,654,"{""project_key"":""omkarcloud/botasaurus"",""date"":""2026-01-24"",""pr_opened_count_daily"":0,""pr_merged_count_daily"":0,""pr_closed_not_merged_daily"":0,""pr_active_daily"":3,""pr_daily_avg_lead_time_hours"":null,""pr_daily_median_lead_time_hours"":null,""pr_daily_avg_review_latency_hours"":null,""lead_time_sample_size"":0}"
src_205D_timeseries,655,"{""project_key"":""omkarcloud/botasaurus"",""date"":""2026-01-25"",""pr_opened_count_daily"":0,""pr_merged_count_daily"":0,""pr_closed_not_merged_daily"":0,""pr_active_daily"":3,""pr_daily_avg_lead_time_hours"":null,""pr_daily_median_lead_time_hours"":null,""pr_daily_avg_review_latency_hours"":null,""lead_time_sample_size"":0}"
src_205D_timeseries,656,"{""project_key"":""omkarcloud/botasaurus"",""date"":""2026-01-26"",""pr_opened_count_daily"":0,""pr_merged_count_daily"":0,""pr_closed_not_merged_daily"":0,""pr_active_daily"":3,""pr_daily_avg_lead_time_hours"":null,""pr_daily_median_lead_time_hours"":null,""pr_daily_avg_review_latency_hours"":null,""lead_time_sample_size"":0}"
src_205D_timeseries,657,"{""project_key"":""omkarcloud/botasaurus"",""date"":""2026-01-27"",""pr_opened_count_daily"":0,""pr_merged_count_daily"":0,""pr_closed_not_merged_daily"":0,""pr_active_daily"":3,""pr_daily_avg_lead_time_hours"":null,""pr_daily_median_lead_time_hours"":null,""pr_daily_avg_review_latency_hours"":null,""lead_time_sample_size"":0}"
src_205D_timeseries,658,"{""project_key"":""omkarcloud/botasaurus"",""date"":""2026-01-28"",""pr_opened_count_daily"":0,""pr_merged_count_daily"":0,""pr_closed_not_merged_daily"":0,""pr_active_daily"":3,""pr_daily_avg_lead_time_hours"":null,""pr_daily_median_lead_time_hours"":null,""pr_daily_avg_review_latency_hours"":null,""lead_time_sample_size"":0}"
src_205D_timeseries,659,"{""project_key"":""omkarcloud/botasaurus"",""date"":""2026-01-29"",""pr_opened_count_daily"":0,""pr_merged_count_daily"":0,""pr_closed_not_merged_daily"":0,""pr_active_daily"":3,""pr_daily_avg_lead_time_hours"":null,""pr_daily_median_lead_time_hours"":null,""pr_daily_avg_review_latency_hours"":null,""lead_time_sample_size"":0}"
src_205D_timeseries,660,"{""project_key"":""omkarcloud/botasaurus"",""date"":""2026-01-30"",""pr_opened_count_daily"":0,""pr_merged_count_daily"":0,""pr_closed_not_merged_daily"":0,""pr_active_daily"":3,""pr_daily_avg_lead_time_hours"":null,""pr_daily_median_lead_time_hours"":null,""pr_daily_avg_review_latency_hours"":null,""lead_time_sample_size"":0}"
src_205D_timeseries,661,"{""project_key"":""omkarcloud/botasaurus"",""date"":""2026-01-31"",""pr_opened_count_daily"":0,""pr_merged_count_daily"":0,""pr_closed_not_merged_daily"":0,""pr_active_daily"":3,""pr_daily_avg_lead_time_hours"":null,""pr_daily_median_lead_time_hours"":null,""pr_daily_avg_review_latency_hours"":null,""lead_time_sample_size"":0}"
src_205D_timeseries,662,"{""project_key"":""omkarcloud/botasaurus"",""date"":""2026-02-01"",""pr_opened_count_daily"":0,""pr_merged_count_daily"":0,""pr_closed_not_merged_daily"":0,""pr_active_daily"":3,""pr_daily_avg_lead_time_hours"":null,""pr_daily_median_lead_time_hours"":null,""pr_daily_avg_review_latency_hours"":null,""lead_time_sample_size"":0}"
src_205D_timeseries,663,"{""project_key"":""omkarcloud/botasaurus"",""date"":""2026-02-02"",""pr_opened_count_daily"":0,""pr_merged_count_daily"":0,""pr_closed_not_merged_daily"":0,""pr_active_daily"":3,""pr_daily_avg_lead_time_hours"":null,""pr_daily_median_lead_time_hours"":null,""pr_daily_avg_review_latency_hours"":null,""lead_time_sample_size"":0}"
src_205D_timeseries,664,"{""project_key"":""omkarcloud/botasaurus"",""date"":""2026-02-03"",""pr_opened_count_daily"":0,""pr_merged_count_daily"":0,""pr_closed_not_merged_daily"":0,""pr_active_daily"":3,""pr_daily_avg_lead_time_hours"":null,""pr_daily_median_lead_time_hours"":null,""pr_daily_avg_review_latency_hours"":null,""lead_time_sample_size"":0}"
src_205D_timeseries,665,"{""project_key"":""omkarcloud/botasaurus"",""date"":""2026-02-04"",""pr_opened_count_daily"":0,""pr_merged_count_daily"":0,""pr_closed_not_merged_daily"":0,""pr_active_daily"":3,""pr_daily_avg_lead_time_hours"":null,""pr_daily_median_lead_time_hours"":null,""pr_daily_avg_review_latency_hours"":null,""lead_time_sample_size"":0}"
src_205D_timeseries,666,"{""project_key"":""omkarcloud/botasaurus"",""date"":""2026-02-05"",""pr_opened_count_daily"":0,""pr_merged_count_daily"":0,""pr_closed_not_merged_daily"":0,""pr_active_daily"":3,""pr_daily_avg_lead_time_hours"":null,""pr_daily_median_lead_time_hours"":null,""pr_daily_avg_review_latency_hours"":null,""lead_time_sample_size"":0}"
src_205D_timeseries,667,"{""project_key"":""omkarcloud/botasaurus"",""date"":""2026-02-06"",""pr_opened_count_daily"":0,""pr_merged_count_daily"":0,""pr_closed_not_merged_daily"":0,""pr_active_daily"":3,""pr_daily_avg_lead_time_hours"":null,""pr_daily_median_lead_time_hours"":null,""pr_daily_avg_review_latency_hours"":null,""lead_time_sample_size"":0}"
src_205D_timeseries,668,"{""project_key"":""omkarcloud/botasaurus"",""date"":""2026-02-07"",""pr_opened_count_daily"":0,""pr_merged_count_daily"":0,""pr_closed_not_merged_daily"":0,""pr_active_daily"":3,""pr_daily_avg_lead_time_hours"":null,""pr_daily_median_lead_time_hours"":null,""pr_daily_avg_review_latency_hours"":null,""lead_time_sample_size"":0}"
src_205D_timeseries,669,"{""project_key"":""omkarcloud/botasaurus"",""date"":""2026-02-08"",""pr_opened_count_daily"":0,""pr_merged_count_daily"":0,""pr_closed_not_merged_daily"":0,""pr_active_daily"":3,""pr_daily_avg_lead_time_hours"":null,""pr_daily_median_lead_time_hours"":null,""pr_daily_avg_review_latency_hours"":null,""lead_time_sample_size"":0}"
src_205D_timeseries,670,"{""project_key"":""omkarcloud/botasaurus"",""date"":""2026-02-09"",""pr_opened_count_daily"":0,""pr_merged_count_daily"":0,""pr_closed_not_merged_daily"":0,""pr_active_daily"":3,""pr_daily_avg_lead_time_hours"":null,""pr_daily_median_lead_time_hours"":null,""pr_daily_avg_review_latency_hours"":null,""lead_time_sample_size"":0}"
src_205D_timeseries,671,"{""project_key"":""omkarcloud/botasaurus"",""date"":""2026-02-10"",""pr_opened_count_daily"":0,""pr_merged_count_daily"":0,""pr_closed_not_merged_daily"":0,""pr_active_daily"":3,""pr_daily_avg_lead_time_hours"":null,""pr_daily_median_lead_time_hours"":null,""pr_daily_avg_review_latency_hours"":null,""lead_time_sample_size"":0}"
src_205D_timeseries,672,"{""project_key"":""omkarcloud/botasaurus"",""date"":""2026-02-11"",""pr_opened_count_daily"":0,""pr_merged_count_daily"":0,""pr_closed_not_merged_daily"":0,""pr_active_daily"":3,""pr_daily_avg_lead_time_hours"":null,""pr_daily_median_lead_time_hours"":null,""pr_daily_avg_review_latency_hours"":null,""lead_time_sample_size"":0}"
src_205D_timeseries,673,"{""project_key"":""omkarcloud/botasaurus"",""date"":""2026-02-12"",""pr_opened_count_daily"":0,""pr_merged_count_daily"":0,""pr_closed_not_merged_daily"":0,""pr_active_daily"":3,""pr_daily_avg_lead_time_hours"":null,""pr_daily_median_lead_time_hours"":null,""pr_daily_avg_review_latency_hours"":null,""lead_time_sample_size"":0}"
src_205D_timeseries,674,"{""project_key"":""omkarcloud/botasaurus"",""date"":""2026-02-13"",""pr_opened_count_daily"":0,""pr_merged_count_daily"":0,""pr_closed_not_merged_daily"":0,""pr_active_daily"":3,""pr_daily_avg_lead_time_hours"":null,""pr_daily_median_lead_time_hours"":null,""pr_daily_avg_review_latency_hours"":null,""lead_time_sample_size"":0}"
src_205D_timeseries,675,"{""project_key"":""omkarcloud/botasaurus"",""date"":""2026-02-14"",""pr_opened_count_daily"":0,""pr_merged_count_daily"":0,""pr_closed_not_merged_daily"":0,""pr_active_daily"":3,""pr_daily_avg_lead_time_hours"":null,""pr_daily_median_lead_time_hours"":null,""pr_daily_avg_review_latency_hours"":null,""lead_time_sample_size"":0}"
src_205D_timeseries,676,"{""project_key"":""omkarcloud/botasaurus"",""date"":""2026-02-15"",""pr_opened_count_daily"":0,""pr_merged_count_daily"":0,""pr_closed_not_merged_daily"":0,""pr_active_daily"":3,""pr_daily_avg_lead_time_hours"":null,""pr_daily_median_lead_time_hours"":null,""pr_daily_avg_review_latency_hours"":null,""lead_time_sample_size"":0}"
src_205D_timeseries,677,"{""project_key"":""omkarcloud/botasaurus"",""date"":""2026-02-16"",""pr_opened_count_daily"":0,""pr_merged_count_daily"":0,""pr_closed_not_merged_daily"":0,""pr_active_daily"":3,""pr_daily_avg_lead_time_hours"":null,""pr_daily_median_lead_time_hours"":null,""pr_daily_avg_review_latency_hours"":null,""lead_time_sample_size"":0}"
src_205D_timeseries,678,"{""project_key"":""omkarcloud/botasaurus"",""date"":""2026-02-17"",""pr_opened_count_daily"":0,""pr_merged_count_daily"":0,""pr_closed_not_merged_daily"":0,""pr_active_daily"":3,""pr_daily_avg_lead_time_hours"":null,""pr_daily_median_lead_time_hours"":null,""pr_daily_avg_review_latency_hours"":null,""lead_time_sample_size"":0}"
src_205D_timeseries,679,"{""project_key"":""omkarcloud/botasaurus"",""date"":""2026-02-18"",""pr_opened_count_daily"":0,""pr_merged_count_daily"":0,""pr_closed_not_merged_daily"":0,""pr_active_daily"":3,""pr_daily_avg_lead_time_hours"":null,""pr_daily_median_lead_time_hours"":null,""pr_daily_avg_review_latency_hours"":null,""lead_time_sample_size"":0}"
src_205D_timeseries,680,"{""project_key"":""omkarcloud/botasaurus"",""date"":""2026-02-19"",""pr_opened_count_daily"":0,""pr_merged_count_daily"":0,""pr_closed_not_merged_daily"":0,""pr_active_daily"":3,""pr_daily_avg_lead_time_hours"":null,""pr_daily_median_lead_time_hours"":null,""pr_daily_avg_review_latency_hours"":null,""lead_time_sample_size"":0}"
src_205D_timeseries,681,"{""project_key"":""omkarcloud/botasaurus"",""date"":""2026-02-20"",""pr_opened_count_daily"":0,""pr_merged_count_daily"":0,""pr_closed_not_merged_daily"":0,""pr_active_daily"":3,""pr_daily_avg_lead_time_hours"":null,""pr_daily_median_lead_time_hours"":null,""pr_daily_avg_review_latency_hours"":null,""lead_time_sample_size"":0}"
src_205D_timeseries,682,"{""project_key"":""omkarcloud/botasaurus"",""date"":""2026-02-21"",""pr_opened_count_daily"":0,""pr_merged_count_daily"":0,""pr_closed_not_merged_daily"":0,""pr_active_daily"":3,""pr_daily_avg_lead_time_hours"":null,""pr_daily_median_lead_time_hours"":null,""pr_daily_avg_review_latency_hours"":null,""lead_time_sample_size"":0}"
src_205D_timeseries,683,"{""project_key"":""omkarcloud/botasaurus"",""date"":""2026-02-22"",""pr_opened_count_daily"":0,""pr_merged_count_daily"":0,""pr_closed_not_merged_daily"":0,""pr_active_daily"":3,""pr_daily_avg_lead_time_hours"":null,""pr_daily_median_lead_time_hours"":null,""pr_daily_avg_review_latency_hours"":null,""lead_time_sample_size"":0}"
src_205D_timeseries,684,"{""project_key"":""omkarcloud/botasaurus"",""date"":""2026-02-23"",""pr_opened_count_daily"":0,""pr_merged_count_daily"":0,""pr_closed_not_merged_daily"":0,""pr_active_daily"":3,""pr_daily_avg_lead_time_hours"":null,""pr_daily_median_lead_time_hours"":null,""pr_daily_avg_review_latency_hours"":null,""lead_time_sample_size"":0}"
src_205D_timeseries,685,"{""project_key"":""omkarcloud/botasaurus"",""date"":""2026-02-24"",""pr_opened_count_daily"":0,""pr_merged_count_daily"":0,""pr_closed_not_merged_daily"":0,""pr_active_daily"":3,""pr_daily_avg_lead_time_hours"":null,""pr_daily_median_lead_time_hours"":null,""pr_daily_avg_review_latency_hours"":null,""lead_time_sample_size"":0}"
src_205D_timeseries,686,"{""project_key"":""omkarcloud/botasaurus"",""date"":""2026-02-25"",""pr_opened_count_daily"":0,""pr_merged_count_daily"":0,""pr_closed_not_merged_daily"":0,""pr_active_daily"":3,""pr_daily_avg_lead_time_hours"":null,""pr_daily_median_lead_time_hours"":null,""pr_daily_avg_review_latency_hours"":null,""lead_time_sample_size"":0}"
src_205D_timeseries,687,"{""project_key"":""omkarcloud/botasaurus"",""date"":""2026-02-26"",""pr_opened_count_daily"":0,""pr_merged_count_daily"":0,""pr_closed_not_merged_daily"":0,""pr_active_daily"":3,""pr_daily_avg_lead_time_hours"":null,""pr_daily_median_lead_time_hours"":null,""pr_daily_avg_review_latency_hours"":null,""lead_time_sample_size"":0}"
src_205D_timeseries,688,"{""project_key"":""omkarcloud/botasaurus"",""date"":""2026-02-27"",""pr_opened_count_daily"":0,""pr_merged_count_daily"":0,""pr_closed_not_merged_daily"":0,""pr_active_daily"":3,""pr_daily_avg_lead_time_hours"":null,""pr_daily_median_lead_time_hours"":null,""pr_daily_avg_review_latency_hours"":null,""lead_time_sample_size"":0}"
src_205D_timeseries,689,"{""project_key"":""omkarcloud/botasaurus"",""date"":""2026-02-28"",""pr_opened_count_daily"":0,""pr_merged_count_daily"":0,""pr_closed_not_merged_daily"":0,""pr_active_daily"":3,""pr_daily_avg_lead_time_hours"":null,""pr_daily_median_lead_time_hours"":null,""pr_daily_avg_review_latency_hours"":null,""lead_time_sample_size"":0}"
src_205D_timeseries,690,"{""project_key"":""omkarcloud/botasaurus"",""date"":""2026-03-01"",""pr_opened_count_daily"":0,""pr_merged_count_daily"":0,""pr_closed_not_merged_daily"":0,""pr_active_daily"":3,""pr_daily_avg_lead_time_hours"":null,""pr_daily_median_lead_time_hours"":null,""pr_daily_avg_review_latency_hours"":null,""lead_time_sample_size"":0}"
src_205D_timeseries,691,"{""project_key"":""omkarcloud/botasaurus"",""date"":""2026-03-02"",""pr_opened_count_daily"":0,""pr_merged_count_daily"":0,""pr_closed_not_merged_daily"":0,""pr_active_daily"":3,""pr_daily_avg_lead_time_hours"":null,""pr_daily_median_lead_time_hours"":null,""pr_daily_avg_review_latency_hours"":null,""lead_time_sample_size"":0}"
src_205D_timeseries,692,"{""project_key"":""omkarcloud/botasaurus"",""date"":""2026-03-03"",""pr_opened_count_daily"":0,""pr_merged_count_daily"":0,""pr_closed_not_merged_daily"":0,""pr_active_daily"":3,""pr_daily_avg_lead_time_hours"":null,""pr_daily_median_lead_time_hours"":null,""pr_daily_avg_review_latency_hours"":null,""lead_time_sample_size"":0}"
src_205D_timeseries,693,"{""project_key"":""omkarcloud/botasaurus"",""date"":""2026-03-04"",""pr_opened_count_daily"":0,""pr_merged_count_daily"":0,""pr_closed_not_merged_daily"":0,""pr_active_daily"":3,""pr_daily_avg_lead_time_hours"":null,""pr_daily_median_lead_time_hours"":null,""pr_daily_avg_review_latency_hours"":null,""lead_time_sample_size"":0}"
src_205D_timeseries,694,"{""project_key"":""omkarcloud/botasaurus"",""date"":""2026-03-05"",""pr_opened_count_daily"":0,""pr_merged_count_daily"":0,""pr_closed_not_merged_daily"":0,""pr_active_daily"":3,""pr_daily_avg_lead_time_hours"":null,""pr_daily_median_lead_time_hours"":null,""pr_daily_avg_review_latency_hours"":null,""lead_time_sample_size"":0}"
src_205D_timeseries,695,"{""project_key"":""omkarcloud/botasaurus"",""date"":""2026-03-06"",""pr_opened_count_daily"":0,""pr_merged_count_daily"":0,""pr_closed_not_merged_daily"":0,""pr_active_daily"":3,""pr_daily_avg_lead_time_hours"":null,""pr_daily_median_lead_time_hours"":null,""pr_daily_avg_review_latency_hours"":null,""lead_time_sample_size"":0}"
src_205D_timeseries,696,"{""project_key"":""omkarcloud/botasaurus"",""date"":""2026-03-07"",""pr_opened_count_daily"":0,""pr_merged_count_daily"":0,""pr_closed_not_merged_daily"":0,""pr_active_daily"":3,""pr_daily_avg_lead_time_hours"":null,""pr_daily_median_lead_time_hours"":null,""pr_daily_avg_review_latency_hours"":null,""lead_time_sample_size"":0}"
src_205D_timeseries,697,"{""project_key"":""omkarcloud/botasaurus"",""date"":""2026-03-08"",""pr_opened_count_daily"":0,""pr_merged_count_daily"":0,""pr_closed_not_merged_daily"":0,""pr_active_daily"":3,""pr_daily_avg_lead_time_hours"":null,""pr_daily_median_lead_time_hours"":null,""pr_daily_avg_review_latency_hours"":null,""lead_time_sample_size"":0}"
src_205D_timeseries,698,"{""project_key"":""omkarcloud/botasaurus"",""date"":""2026-03-09"",""pr_opened_count_daily"":0,""pr_merged_count_daily"":0,""pr_closed_not_merged_daily"":0,""pr_active_daily"":3,""pr_daily_avg_lead_time_hours"":null,""pr_daily_median_lead_time_hours"":null,""pr_daily_avg_review_latency_hours"":null,""lead_time_sample_size"":0}"
src_205D_timeseries,699,"{""project_key"":""omkarcloud/botasaurus"",""date"":""2026-03-10"",""pr_opened_count_daily"":1,""pr_merged_count_daily"":0,""pr_closed_not_merged_daily"":0,""pr_active_daily"":4,""pr_daily_avg_lead_time_hours"":null,""pr_daily_median_lead_time_hours"":null,""pr_daily_avg_review_latency_hours"":null,""lead_time_sample_size"":0}"
src_205D_timeseries,700,"{""project_key"":""omkarcloud/botasaurus"",""date"":""2026-03-11"",""pr_opened_count_daily"":0,""pr_merged_count_daily"":0,""pr_closed_not_merged_daily"":0,""pr_active_daily"":4,""pr_daily_avg_lead_time_hours"":null,""pr_daily_median_lead_time_hours"":null,""pr_daily_avg_review_latency_hours"":null,""lead_time_sample_size"":0}"
src_205D_timeseries,701,"{""project_key"":""omkarcloud/botasaurus"",""date"":""2026-03-12"",""pr_opened_count_daily"":0,""pr_merged_count_daily"":0,""pr_closed_not_merged_daily"":0,""pr_active_daily"":4,""pr_daily_avg_lead_time_hours"":null,""pr_daily_median_lead_time_hours"":null,""pr_daily_avg_review_latency_hours"":null,""lead_time_sample_size"":0}"
src_205D_timeseries,702,"{""project_key"":""omkarcloud/botasaurus"",""date"":""2026-03-13"",""pr_opened_count_daily"":0,""pr_merged_count_daily"":0,""pr_closed_not_merged_daily"":0,""pr_active_daily"":4,""pr_daily_avg_lead_time_hours"":null,""pr_daily_median_lead_time_hours"":null,""pr_daily_avg_review_latency_hours"":null,""lead_time_sample_size"":0}"
src_205D_timeseries,703,"{""project_key"":""omkarcloud/botasaurus"",""date"":""2026-03-14"",""pr_opened_count_daily"":0,""pr_merged_count_daily"":0,""pr_closed_not_merged_daily"":0,""pr_active_daily"":4,""pr_daily_avg_lead_time_hours"":null,""pr_daily_median_lead_time_hours"":null,""pr_daily_avg_review_latency_hours"":null,""lead_time_sample_size"":0}"
src_205D_timeseries,704,"{""project_key"":""omkarcloud/botasaurus"",""date"":""2026-03-15"",""pr_opened_count_daily"":0,""pr_merged_count_daily"":0,""pr_closed_not_merged_daily"":0,""pr_active_daily"":4,""pr_daily_avg_lead_time_hours"":null,""pr_daily_median_lead_time_hours"":null,""pr_daily_avg_review_latency_hours"":null,""lead_time_sample_size"":0}"
src_205D_timeseries,705,"{""project_key"":""omkarcloud/botasaurus"",""date"":""2026-03-16"",""pr_opened_count_daily"":0,""pr_merged_count_daily"":0,""pr_closed_not_merged_daily"":0,""pr_active_daily"":4,""pr_daily_avg_lead_time_hours"":null,""pr_daily_median_lead_time_hours"":null,""pr_daily_avg_review_latency_hours"":null,""lead_time_sample_size"":0}"
src_205D_timeseries,706,"{""project_key"":""omkarcloud/botasaurus"",""date"":""2026-03-17"",""pr_opened_count_daily"":0,""pr_merged_count_daily"":0,""pr_closed_not_merged_daily"":0,""pr_active_daily"":4,""pr_daily_avg_lead_time_hours"":null,""pr_daily_median_lead_time_hours"":null,""pr_daily_avg_review_latency_hours"":null,""lead_time_sample_size"":0}"
src_205D_timeseries,707,"{""project_key"":""omkarcloud/botasaurus"",""date"":""2026-03-18"",""pr_opened_count_daily"":0,""pr_merged_count_daily"":0,""pr_closed_not_merged_daily"":0,""pr_active_daily"":4,""pr_daily_avg_lead_time_hours"":null,""pr_daily_median_lead_time_hours"":null,""pr_daily_avg_review_latency_hours"":null,""lead_time_sample_size"":0}"
src_205D_timeseries,708,"{""project_key"":""omkarcloud/botasaurus"",""date"":""2026-03-19"",""pr_opened_count_daily"":0,""pr_merged_count_daily"":0,""pr_closed_not_merged_daily"":0,""pr_active_daily"":4,""pr_daily_avg_lead_time_hours"":null,""pr_daily_median_lead_time_hours"":null,""pr_daily_avg_review_latency_hours"":null,""lead_time_sample_size"":0}"
src_205D_timeseries,709,"{""project_key"":""omkarcloud/botasaurus"",""date"":""2026-03-20"",""pr_opened_count_daily"":0,""pr_merged_count_daily"":0,""pr_closed_not_merged_daily"":0,""pr_active_daily"":4,""pr_daily_avg_lead_time_hours"":null,""pr_daily_median_lead_time_hours"":null,""pr_daily_avg_review_latency_hours"":null,""lead_time_sample_size"":0}"
src_205D_timeseries,710,"{""project_key"":""omkarcloud/botasaurus"",""date"":""2026-03-21"",""pr_opened_count_daily"":0,""pr_merged_count_daily"":0,""pr_closed_not_merged_daily"":0,""pr_active_daily"":4,""pr_daily_avg_lead_time_hours"":null,""pr_daily_median_lead_time_hours"":null,""pr_daily_avg_review_latency_hours"":null,""lead_time_sample_size"":0}"
src_205D_timeseries,711,"{""project_key"":""omkarcloud/botasaurus"",""date"":""2026-03-22"",""pr_opened_count_daily"":0,""pr_merged_count_daily"":0,""pr_closed_not_merged_daily"":0,""pr_active_daily"":4,""pr_daily_avg_lead_time_hours"":null,""pr_daily_median_lead_time_hours"":null,""pr_daily_avg_review_latency_hours"":null,""lead_time_sample_size"":0}"
src_205D_timeseries,712,"{""project_key"":""omkarcloud/botasaurus"",""date"":""2026-03-23"",""pr_opened_count_daily"":0,""pr_merged_count_daily"":0,""pr_closed_not_merged_daily"":0,""pr_active_daily"":4,""pr_daily_avg_lead_time_hours"":null,""pr_daily_median_lead_time_hours"":null,""pr_daily_avg_review_latency_hours"":null,""lead_time_sample_size"":0}"
src_205D_timeseries,713,"{""project_key"":""omkarcloud/botasaurus"",""date"":""2026-03-24"",""pr_opened_count_daily"":0,""pr_merged_count_daily"":0,""pr_closed_not_merged_daily"":0,""pr_active_daily"":4,""pr_daily_avg_lead_time_hours"":null,""pr_daily_median_lead_time_hours"":null,""pr_daily_avg_review_latency_hours"":null,""lead_time_sample_size"":0}"
src_205D_timeseries,714,"{""project_key"":""omkarcloud/botasaurus"",""date"":""2026-03-25"",""pr_opened_count_daily"":0,""pr_merged_count_daily"":0,""pr_closed_not_merged_daily"":0,""pr_active_daily"":4,""pr_daily_avg_lead_time_hours"":null,""pr_daily_median_lead_time_hours"":null,""pr_daily_avg_review_latency_hours"":null,""lead_time_sample_size"":0}"
src_205D_timeseries,715,"{""project_key"":""omkarcloud/botasaurus"",""date"":""2026-03-26"",""pr_opened_count_daily"":0,""pr_merged_count_daily"":0,""pr_closed_not_merged_daily"":0,""pr_active_daily"":4,""pr_daily_avg_lead_time_hours"":null,""pr_daily_median_lead_time_hours"":null,""pr_daily_avg_review_latency_hours"":null,""lead_time_sample_size"":0}"
src_205D_timeseries,716,"{""project_key"":""omkarcloud/botasaurus"",""date"":""2026-03-27"",""pr_opened_count_daily"":0,""pr_merged_count_daily"":0,""pr_closed_not_merged_daily"":0,""pr_active_daily"":4,""pr_daily_avg_lead_time_hours"":null,""pr_daily_median_lead_time_hours"":null,""pr_daily_avg_review_latency_hours"":null,""lead_time_sample_size"":0}"
src_205D_timeseries,717,"{""project_key"":""omkarcloud/botasaurus"",""date"":""2026-03-28"",""pr_opened_count_daily"":0,""pr_merged_count_daily"":0,""pr_closed_not_merged_daily"":0,""pr_active_daily"":4,""pr_daily_avg_lead_time_hours"":null,""pr_daily_median_lead_time_hours"":null,""pr_daily_avg_review_latency_hours"":null,""lead_time_sample_size"":0}"
src_205D_timeseries,718,"{""project_key"":""omkarcloud/botasaurus"",""date"":""2026-03-29"",""pr_opened_count_daily"":0,""pr_merged_count_daily"":0,""pr_closed_not_merged_daily"":0,""pr_active_daily"":4,""pr_daily_avg_lead_time_hours"":null,""pr_daily_median_lead_time_hours"":null,""pr_daily_avg_review_latency_hours"":null,""lead_time_sample_size"":0}"
src_205D_timeseries,719,"{""project_key"":""omkarcloud/botasaurus"",""date"":""2026-03-30"",""pr_opened_count_daily"":0,""pr_merged_count_daily"":0,""pr_closed_not_merged_daily"":0,""pr_active_daily"":4,""pr_daily_avg_lead_time_hours"":null,""pr_daily_median_lead_time_hours"":null,""pr_daily_avg_review_latency_hours"":null,""lead_time_sample_size"":0}"
src_205D_timeseries,720,"{""project_key"":""omkarcloud/botasaurus"",""date"":""2026-03-31"",""pr_opened_count_daily"":0,""pr_merged_count_daily"":0,""pr_closed_not_merged_daily"":0,""pr_active_daily"":4,""pr_daily_avg_lead_time_hours"":null,""pr_daily_median_lead_time_hours"":null,""pr_daily_avg_review_latency_hours"":null,""lead_time_sample_size"":0}"
src_205D_timeseries,721,"{""project_key"":""originalankur/maptoposter"",""date"":""2026-01-01"",""pr_opened_count_daily"":0,""pr_merged_count_daily"":0,""pr_closed_not_merged_daily"":0,""pr_active_daily"":0,""pr_daily_avg_lead_time_hours"":null,""pr_daily_median_lead_time_hours"":null,""pr_daily_avg_review_latency_hours"":null,""lead_time_sample_size"":0}"
src_205D_timeseries,722,"{""project_key"":""originalankur/maptoposter"",""date"":""2026-01-02"",""pr_opened_count_daily"":0,""pr_merged_count_daily"":0,""pr_closed_not_merged_daily"":0,""pr_active_daily"":0,""pr_daily_avg_lead_time_hours"":null,""pr_daily_median_lead_time_hours"":null,""pr_daily_avg_review_latency_hours"":null,""lead_time_sample_size"":0}"
src_205D_timeseries,723,"{""project_key"":""originalankur/maptoposter"",""date"":""2026-01-03"",""pr_opened_count_daily"":0,""pr_merged_count_daily"":0,""pr_closed_not_merged_daily"":0,""pr_active_daily"":0,""pr_daily_avg_lead_time_hours"":null,""pr_daily_median_lead_time_hours"":null,""pr_daily_avg_review_latency_hours"":null,""lead_time_sample_size"":0}"
src_205D_timeseries,724,"{""project_key"":""originalankur/maptoposter"",""date"":""2026-01-04"",""pr_opened_count_daily"":0,""pr_merged_count_daily"":0,""pr_closed_not_merged_daily"":0,""pr_active_daily"":0,""pr_daily_avg_lead_time_hours"":null,""pr_daily_median_lead_time_hours"":null,""pr_daily_avg_review_latency_hours"":null,""lead_time_sample_size"":0}"
src_205D_timeseries,725,"{""project_key"":""originalankur/maptoposter"",""date"":""2026-01-05"",""pr_opened_count_daily"":0,""pr_merged_count_daily"":0,""pr_closed_not_merged_daily"":0,""pr_active_daily"":0,""pr_daily_avg_lead_time_hours"":null,""pr_daily_median_lead_time_hours"":null,""pr_daily_avg_review_latency_hours"":null,""lead_time_sample_size"":0}"
src_205D_timeseries,726,"{""project_key"":""originalankur/maptoposter"",""date"":""2026-01-06"",""pr_opened_count_daily"":0,""pr_merged_count_daily"":0,""pr_closed_not_merged_daily"":0,""pr_active_daily"":0,""pr_daily_avg_lead_time_hours"":null,""pr_daily_median_lead_time_hours"":null,""pr_daily_avg_review_latency_hours"":null,""lead_time_sample_size"":0}"
src_205D_timeseries,727,"{""project_key"":""originalankur/maptoposter"",""date"":""2026-01-07"",""pr_opened_count_daily"":0,""pr_merged_count_daily"":0,""pr_closed_not_merged_daily"":0,""pr_active_daily"":0,""pr_daily_avg_lead_time_hours"":null,""pr_daily_median_lead_time_hours"":null,""pr_daily_avg_review_latency_hours"":null,""lead_time_sample_size"":0}"
src_205D_timeseries,728,"{""project_key"":""originalankur/maptoposter"",""date"":""2026-01-08"",""pr_opened_count_daily"":0,""pr_merged_count_daily"":0,""pr_closed_not_merged_daily"":0,""pr_active_daily"":0,""pr_daily_avg_lead_time_hours"":null,""pr_daily_median_lead_time_hours"":null,""pr_daily_avg_review_latency_hours"":null,""lead_time_sample_size"":0}"
src_205D_timeseries,729,"{""project_key"":""originalankur/maptoposter"",""date"":""2026-01-09"",""pr_opened_count_daily"":0,""pr_merged_count_daily"":0,""pr_closed_not_merged_daily"":0,""pr_active_daily"":0,""pr_daily_avg_lead_time_hours"":null,""pr_daily_median_lead_time_hours"":null,""pr_daily_avg_review_latency_hours"":null,""lead_time_sample_size"":0}"
src_205D_timeseries,730,"{""project_key"":""originalankur/maptoposter"",""date"":""2026-01-10"",""pr_opened_count_daily"":0,""pr_merged_count_daily"":0,""pr_closed_not_merged_daily"":0,""pr_active_daily"":0,""pr_daily_avg_lead_time_hours"":null,""pr_daily_median_lead_time_hours"":null,""pr_daily_avg_review_latency_hours"":null,""lead_time_sample_size"":0}"
src_205D_timeseries,731,"{""project_key"":""originalankur/maptoposter"",""date"":""2026-01-11"",""pr_opened_count_daily"":0,""pr_merged_count_daily"":0,""pr_closed_not_merged_daily"":0,""pr_active_daily"":0,""pr_daily_avg_lead_time_hours"":null,""pr_daily_median_lead_time_hours"":null,""pr_daily_avg_review_latency_hours"":null,""lead_time_sample_size"":0}"
src_205D_timeseries,732,"{""project_key"":""originalankur/maptoposter"",""date"":""2026-01-12"",""pr_opened_count_daily"":0,""pr_merged_count_daily"":0,""pr_closed_not_merged_daily"":0,""pr_active_daily"":0,""pr_daily_avg_lead_time_hours"":null,""pr_daily_median_lead_time_hours"":null,""pr_daily_avg_review_latency_hours"":null,""lead_time_sample_size"":0}"
src_205D_timeseries,733,"{""project_key"":""originalankur/maptoposter"",""date"":""2026-01-13"",""pr_opened_count_daily"":0,""pr_merged_count_daily"":0,""pr_closed_not_merged_daily"":0,""pr_active_daily"":0,""pr_daily_avg_lead_time_hours"":null,""pr_daily_median_lead_time_hours"":null,""pr_daily_avg_review_latency_hours"":null,""lead_time_sample_size"":0}"
src_205D_timeseries,734,"{""project_key"":""originalankur/maptoposter"",""date"":""2026-01-14"",""pr_opened_count_daily"":0,""pr_merged_count_daily"":0,""pr_closed_not_merged_daily"":0,""pr_active_daily"":0,""pr_daily_avg_lead_time_hours"":null,""pr_daily_median_lead_time_hours"":null,""pr_daily_avg_review_latency_hours"":null,""lead_time_sample_size"":0}"
src_205D_timeseries,735,"{""project_key"":""originalankur/maptoposter"",""date"":""2026-01-15"",""pr_opened_count_daily"":0,""pr_merged_count_daily"":0,""pr_closed_not_merged_daily"":0,""pr_active_daily"":0,""pr_daily_avg_lead_time_hours"":null,""pr_daily_median_lead_time_hours"":null,""pr_daily_avg_review_latency_hours"":null,""lead_time_sample_size"":0}"
src_205D_timeseries,736,"{""project_key"":""originalankur/maptoposter"",""date"":""2026-01-16"",""pr_opened_count_daily"":0,""pr_merged_count_daily"":0,""pr_closed_not_merged_daily"":0,""pr_active_daily"":0,""pr_daily_avg_lead_time_hours"":null,""pr_daily_median_lead_time_hours"":null,""pr_daily_avg_review_latency_hours"":null,""lead_time_sample_size"":0}"
src_205D_timeseries,737,"{""project_key"":""originalankur/maptoposter"",""date"":""2026-01-17"",""pr_opened_count_daily"":5,""pr_merged_count_daily"":0,""pr_closed_not_merged_daily"":0,""pr_active_daily"":5,""pr_daily_avg_lead_time_hours"":null,""pr_daily_median_lead_time_hours"":null,""pr_daily_avg_review_latency_hours"":null,""lead_time_sample_size"":0}"
src_205D_timeseries,738,"{""project_key"":""originalankur/maptoposter"",""date"":""2026-01-18"",""pr_opened_count_daily"":16,""pr_merged_count_daily"":0,""pr_closed_not_merged_daily"":1,""pr_active_daily"":20,""pr_daily_avg_lead_time_hours"":null,""pr_daily_median_lead_time_hours"":null,""pr_daily_avg_review_latency_hours"":null,""lead_time_sample_size"":0}"
src_205D_timeseries,739,"{""project_key"":""originalankur/maptoposter"",""date"":""2026-01-19"",""pr_opened_count_daily"":21,""pr_merged_count_daily"":0,""pr_closed_not_merged_daily"":7,""pr_active_daily"":34,""pr_daily_avg_lead_time_hours"":null,""pr_daily_median_lead_time_hours"":null,""pr_daily_avg_review_latency_hours"":null,""lead_time_sample_size"":0}"
src_205D_timeseries,740,"{""project_key"":""originalankur/maptoposter"",""date"":""2026-01-20"",""pr_opened_count_daily"":10,""pr_merged_count_daily"":5,""pr_closed_not_merged_daily"":23,""pr_active_daily"":16,""pr_daily_avg_lead_time_hours"":26.6549,""pr_daily_median_lead_time_hours"":15.8494,""pr_daily_avg_review_latency_hours"":null,""lead_time_sample_size"":5}"
src_205D_timeseries,741,"{""project_key"":""originalankur/maptoposter"",""date"":""2026-01-21"",""pr_opened_count_daily"":9,""pr_merged_count_daily"":2,""pr_closed_not_merged_daily"":5,""pr_active_daily"":18,""pr_daily_avg_lead_time_hours"":11.7796,""pr_daily_median_lead_time_hours"":11.7796,""pr_daily_avg_review_latency_hours"":null,""lead_time_sample_size"":2}"
src_205D_timeseries,742,"{""project_key"":""originalankur/maptoposter"",""date"":""2026-01-22"",""pr_opened_count_daily"":4,""pr_merged_count_daily"":2,""pr_closed_not_merged_daily"":9,""pr_active_daily"":11,""pr_daily_avg_lead_time_hours"":77.6817,""pr_daily_median_lead_time_hours"":77.6817,""pr_daily_avg_review_latency_hours"":null,""lead_time_sample_size"":2}"
src_205D_timeseries,743,"{""project_key"":""originalankur/maptoposter"",""date"":""2026-01-23"",""pr_opened_count_daily"":0,""pr_merged_count_daily"":0,""pr_closed_not_merged_daily"":0,""pr_active_daily"":11,""pr_daily_avg_lead_time_hours"":null,""pr_daily_median_lead_time_hours"":null,""pr_daily_avg_review_latency_hours"":null,""lead_time_sample_size"":0}"
src_205D_timeseries,744,"{""project_key"":""originalankur/maptoposter"",""date"":""2026-01-24"",""pr_opened_count_daily"":5,""pr_merged_count_daily"":1,""pr_closed_not_merged_daily"":1,""pr_active_daily"":14,""pr_daily_avg_lead_time_hours"":10.9661,""pr_daily_median_lead_time_hours"":10.9661,""pr_daily_avg_review_latency_hours"":null,""lead_time_sample_size"":1}"
src_205D_timeseries,745,"{""project_key"":""originalankur/maptoposter"",""date"":""2026-01-25"",""pr_opened_count_daily"":3,""pr_merged_count_daily"":0,""pr_closed_not_merged_daily"":2,""pr_active_daily"":15,""pr_daily_avg_lead_time_hours"":null,""pr_daily_median_lead_time_hours"":null,""pr_daily_avg_review_latency_hours"":null,""lead_time_sample_size"":0}"
src_205D_timeseries,746,"{""project_key"":""originalankur/maptoposter"",""date"":""2026-01-26"",""pr_opened_count_daily"":4,""pr_merged_count_daily"":5,""pr_closed_not_merged_daily"":3,""pr_active_daily"":11,""pr_daily_avg_lead_time_hours"":36.7991,""pr_daily_median_lead_time_hours"":0.0036,""pr_daily_avg_review_latency_hours"":null,""lead_time_sample_size"":5}"
src_205D_timeseries,747,"{""project_key"":""originalankur/maptoposter"",""date"":""2026-01-27"",""pr_opened_count_daily"":1,""pr_merged_count_daily"":3,""pr_closed_not_merged_daily"":7,""pr_active_daily"":2,""pr_daily_avg_lead_time_hours"":62.639,""pr_daily_median_lead_time_hours"":51.13,""pr_daily_avg_review_latency_hours"":null,""lead_time_sample_size"":3}"
src_205D_timeseries,748,"{""project_key"":""originalankur/maptoposter"",""date"":""2026-01-28"",""pr_opened_count_daily"":3,""pr_merged_count_daily"":0,""pr_closed_not_merged_daily"":0,""pr_active_daily"":5,""pr_daily_avg_lead_time_hours"":null,""pr_daily_median_lead_time_hours"":null,""pr_daily_avg_review_latency_hours"":null,""lead_time_sample_size"":0}"
src_205D_timeseries,749,"{""project_key"":""originalankur/maptoposter"",""date"":""2026-01-29"",""pr_opened_count_daily"":4,""pr_merged_count_daily"":0,""pr_closed_not_merged_daily"":1,""pr_active_daily"":8,""pr_daily_avg_lead_time_hours"":null,""pr_daily_median_lead_time_hours"":null,""pr_daily_avg_review_latency_hours"":null,""lead_time_sample_size"":0}"
src_205D_timeseries,750,"{""project_key"":""originalankur/maptoposter"",""date"":""2026-01-30"",""pr_opened_count_daily"":0,""pr_merged_count_daily"":2,""pr_closed_not_merged_daily"":0,""pr_active_daily"":6,""pr_daily_avg_lead_time_hours"":21.1047,""pr_daily_median_lead_time_hours"":21.1047,""pr_daily_avg_review_latency_hours"":null,""lead_time_sample_size"":2}"
src_205D_timeseries,751,"{""project_key"":""originalankur/maptoposter"",""date"":""2026-01-31"",""pr_opened_count_daily"":2,""pr_merged_count_daily"":0,""pr_closed_not_merged_daily"":0,""pr_active_daily"":8,""pr_daily_avg_lead_time_hours"":null,""pr_daily_median_lead_time_hours"":null,""pr_daily_avg_review_latency_hours"":null,""lead_time_sample_size"":0}"
src_205D_timeseries,752,"{""project_key"":""originalankur/maptoposter"",""date"":""2026-02-01"",""pr_opened_count_daily"":1,""pr_merged_count_daily"":0,""pr_closed_not_merged_daily"":0,""pr_active_daily"":9,""pr_daily_avg_lead_time_hours"":null,""pr_daily_median_lead_time_hours"":null,""pr_daily_avg_review_latency_hours"":null,""lead_time_sample_size"":0}"
src_205D_timeseries,753,"{""project_key"":""originalankur/maptoposter"",""date"":""2026-02-02"",""pr_opened_count_daily"":3,""pr_merged_count_daily"":0,""pr_closed_not_merged_daily"":0,""pr_active_daily"":12,""pr_daily_avg_lead_time_hours"":null,""pr_daily_median_lead_time_hours"":null,""pr_daily_avg_review_latency_hours"":null,""lead_time_sample_size"":0}"
src_205D_timeseries,754,"{""project_key"":""originalankur/maptoposter"",""date"":""2026-02-03"",""pr_opened_count_daily"":5,""pr_merged_count_daily"":0,""pr_closed_not_merged_daily"":1,""pr_active_daily"":16,""pr_daily_avg_lead_time_hours"":null,""pr_daily_median_lead_time_hours"":null,""pr_daily_avg_review_latency_hours"":null,""lead_time_sample_size"":0}"
src_205D_timeseries,755,"{""project_key"":""originalankur/maptoposter"",""date"":""2026-02-04"",""pr_opened_count_daily"":0,""pr_merged_count_daily"":0,""pr_closed_not_merged_daily"":0,""pr_active_daily"":16,""pr_daily_avg_lead_time_hours"":null,""pr_daily_median_lead_time_hours"":null,""pr_daily_avg_review_latency_hours"":null,""lead_time_sample_size"":0}"
src_205D_timeseries,756,"{""project_key"":""originalankur/maptoposter"",""date"":""2026-02-05"",""pr_opened_count_daily"":0,""pr_merged_count_daily"":0,""pr_closed_not_merged_daily"":0,""pr_active_daily"":16,""pr_daily_avg_lead_time_hours"":null,""pr_daily_median_lead_time_hours"":null,""pr_daily_avg_review_latency_hours"":null,""lead_time_sample_size"":0}"
src_205D_timeseries,757,"{""project_key"":""originalankur/maptoposter"",""date"":""2026-02-06"",""pr_opened_count_daily"":0,""pr_merged_count_daily"":0,""pr_closed_not_merged_daily"":0,""pr_active_daily"":16,""pr_daily_avg_lead_time_hours"":null,""pr_daily_median_lead_time_hours"":null,""pr_daily_avg_review_latency_hours"":null,""lead_time_sample_size"":0}"
src_205D_timeseries,758,"{""project_key"":""originalankur/maptoposter"",""date"":""2026-02-07"",""pr_opened_count_daily"":0,""pr_merged_count_daily"":0,""pr_closed_not_merged_daily"":0,""pr_active_daily"":16,""pr_daily_avg_lead_time_hours"":null,""pr_daily_median_lead_time_hours"":null,""pr_daily_avg_review_latency_hours"":null,""lead_time_sample_size"":0}"
src_205D_timeseries,759,"{""project_key"":""originalankur/maptoposter"",""date"":""2026-02-08"",""pr_opened_count_daily"":1,""pr_merged_count_daily"":0,""pr_closed_not_merged_daily"":1,""pr_active_daily"":16,""pr_daily_avg_lead_time_hours"":null,""pr_daily_median_lead_time_hours"":null,""pr_daily_avg_review_latency_hours"":null,""lead_time_sample_size"":0}"
src_205D_timeseries,760,"{""project_key"":""originalankur/maptoposter"",""date"":""2026-02-09"",""pr_opened_count_daily"":0,""pr_merged_count_daily"":0,""pr_closed_not_merged_daily"":0,""pr_active_daily"":16,""pr_daily_avg_lead_time_hours"":null,""pr_daily_median_lead_time_hours"":null,""pr_daily_avg_review_latency_hours"":null,""lead_time_sample_size"":0}"
src_205D_timeseries,761,"{""project_key"":""originalankur/maptoposter"",""date"":""2026-02-10"",""pr_opened_count_daily"":2,""pr_merged_count_daily"":0,""pr_closed_not_merged_daily"":0,""pr_active_daily"":18,""pr_daily_avg_lead_time_hours"":null,""pr_daily_median_lead_time_hours"":null,""pr_daily_avg_review_latency_hours"":null,""lead_time_sample_size"":0}"
src_205D_timeseries,762,"{""project_key"":""originalankur/maptoposter"",""date"":""2026-02-11"",""pr_opened_count_daily"":1,""pr_merged_count_daily"":0,""pr_closed_not_merged_daily"":0,""pr_active_daily"":19,""pr_daily_avg_lead_time_hours"":null,""pr_daily_median_lead_time_hours"":null,""pr_daily_avg_review_latency_hours"":null,""lead_time_sample_size"":0}"
src_205D_timeseries,763,"{""project_key"":""originalankur/maptoposter"",""date"":""2026-02-12"",""pr_opened_count_daily"":1,""pr_merged_count_daily"":0,""pr_closed_not_merged_daily"":0,""pr_active_daily"":20,""pr_daily_avg_lead_time_hours"":null,""pr_daily_median_lead_time_hours"":null,""pr_daily_avg_review_latency_hours"":null,""lead_time_sample_size"":0}"
src_205D_timeseries,764,"{""project_key"":""originalankur/maptoposter"",""date"":""2026-02-13"",""pr_opened_count_daily"":0,""pr_merged_count_daily"":0,""pr_closed_not_merged_daily"":0,""pr_active_daily"":20,""pr_daily_avg_lead_time_hours"":null,""pr_daily_median_lead_time_hours"":null,""pr_daily_avg_review_latency_hours"":null,""lead_time_sample_size"":0}"
src_205D_timeseries,765,"{""project_key"":""originalankur/maptoposter"",""date"":""2026-02-14"",""pr_opened_count_daily"":3,""pr_merged_count_daily"":0,""pr_closed_not_merged_daily"":1,""pr_active_daily"":22,""pr_daily_avg_lead_time_hours"":null,""pr_daily_median_lead_time_hours"":null,""pr_daily_avg_review_latency_hours"":null,""lead_time_sample_size"":0}"
src_205D_timeseries,766,"{""project_key"":""originalankur/maptoposter"",""date"":""2026-02-15"",""pr_opened_count_daily"":0,""pr_merged_count_daily"":0,""pr_closed_not_merged_daily"":0,""pr_active_daily"":22,""pr_daily_avg_lead_time_hours"":null,""pr_daily_median_lead_time_hours"":null,""pr_daily_avg_review_latency_hours"":null,""lead_time_sample_size"":0}"
src_205D_timeseries,767,"{""project_key"":""originalankur/maptoposter"",""date"":""2026-02-16"",""pr_opened_count_daily"":0,""pr_merged_count_daily"":0,""pr_closed_not_merged_daily"":1,""pr_active_daily"":21,""pr_daily_avg_lead_time_hours"":null,""pr_daily_median_lead_time_hours"":null,""pr_daily_avg_review_latency_hours"":null,""lead_time_sample_size"":0}"
src_205D_timeseries,768,"{""project_key"":""originalankur/maptoposter"",""date"":""2026-02-17"",""pr_opened_count_daily"":0,""pr_merged_count_daily"":0,""pr_closed_not_merged_daily"":0,""pr_active_daily"":21,""pr_daily_avg_lead_time_hours"":null,""pr_daily_median_lead_time_hours"":null,""pr_daily_avg_review_latency_hours"":null,""lead_time_sample_size"":0}"
src_205D_timeseries,769,"{""project_key"":""originalankur/maptoposter"",""date"":""2026-02-18"",""pr_opened_count_daily"":0,""pr_merged_count_daily"":0,""pr_closed_not_merged_daily"":0,""pr_active_daily"":21,""pr_daily_avg_lead_time_hours"":null,""pr_daily_median_lead_time_hours"":null,""pr_daily_avg_review_latency_hours"":null,""lead_time_sample_size"":0}"
src_205D_timeseries,770,"{""project_key"":""originalankur/maptoposter"",""date"":""2026-02-19"",""pr_opened_count_daily"":0,""pr_merged_count_daily"":0,""pr_closed_not_merged_daily"":0,""pr_active_daily"":21,""pr_daily_avg_lead_time_hours"":null,""pr_daily_median_lead_time_hours"":null,""pr_daily_avg_review_latency_hours"":null,""lead_time_sample_size"":0}"
src_205D_timeseries,771,"{""project_key"":""originalankur/maptoposter"",""date"":""2026-02-20"",""pr_opened_count_daily"":0,""pr_merged_count_daily"":0,""pr_closed_not_merged_daily"":0,""pr_active_daily"":21,""pr_daily_avg_lead_time_hours"":null,""pr_daily_median_lead_time_hours"":null,""pr_daily_avg_review_latency_hours"":null,""lead_time_sample_size"":0}"
src_205D_timeseries,772,"{""project_key"":""originalankur/maptoposter"",""date"":""2026-02-21"",""pr_opened_count_daily"":1,""pr_merged_count_daily"":0,""pr_closed_not_merged_daily"":1,""pr_active_daily"":21,""pr_daily_avg_lead_time_hours"":null,""pr_daily_median_lead_time_hours"":null,""pr_daily_avg_review_latency_hours"":null,""lead_time_sample_size"":0}"
src_205D_timeseries,773,"{""project_key"":""originalankur/maptoposter"",""date"":""2026-02-22"",""pr_opened_count_daily"":1,""pr_merged_count_daily"":0,""pr_closed_not_merged_daily"":0,""pr_active_daily"":22,""pr_daily_avg_lead_time_hours"":null,""pr_daily_median_lead_time_hours"":null,""pr_daily_avg_review_latency_hours"":null,""lead_time_sample_size"":0}"
src_205D_timeseries,774,"{""project_key"":""originalankur/maptoposter"",""date"":""2026-02-23"",""pr_opened_count_daily"":0,""pr_merged_count_daily"":0,""pr_closed_not_merged_daily"":1,""pr_active_daily"":21,""pr_daily_avg_lead_time_hours"":null,""pr_daily_median_lead_time_hours"":null,""pr_daily_avg_review_latency_hours"":null,""lead_time_sample_size"":0}"
src_205D_timeseries,775,"{""project_key"":""originalankur/maptoposter"",""date"":""2026-02-24"",""pr_opened_count_daily"":0,""pr_merged_count_daily"":0,""pr_closed_not_merged_daily"":0,""pr_active_daily"":21,""pr_daily_avg_lead_time_hours"":null,""pr_daily_median_lead_time_hours"":null,""pr_daily_avg_review_latency_hours"":null,""lead_time_sample_size"":0}"
src_205D_timeseries,776,"{""project_key"":""originalankur/maptoposter"",""date"":""2026-02-25"",""pr_opened_count_daily"":1,""pr_merged_count_daily"":0,""pr_closed_not_merged_daily"":0,""pr_active_daily"":22,""pr_daily_avg_lead_time_hours"":null,""pr_daily_median_lead_time_hours"":null,""pr_daily_avg_review_latency_hours"":null,""lead_time_sample_size"":0}"
src_205D_timeseries,777,"{""project_key"":""originalankur/maptoposter"",""date"":""2026-02-26"",""pr_opened_count_daily"":0,""pr_merged_count_daily"":0,""pr_closed_not_merged_daily"":0,""pr_active_daily"":22,""pr_daily_avg_lead_time_hours"":null,""pr_daily_median_lead_time_hours"":null,""pr_daily_avg_review_latency_hours"":null,""lead_time_sample_size"":0}"
src_205D_timeseries,778,"{""project_key"":""originalankur/maptoposter"",""date"":""2026-02-27"",""pr_opened_count_daily"":0,""pr_merged_count_daily"":0,""pr_closed_not_merged_daily"":0,""pr_active_daily"":22,""pr_daily_avg_lead_time_hours"":null,""pr_daily_median_lead_time_hours"":null,""pr_daily_avg_review_latency_hours"":null,""lead_time_sample_size"":0}"
src_205D_timeseries,779,"{""project_key"":""originalankur/maptoposter"",""date"":""2026-02-28"",""pr_opened_count_daily"":0,""pr_merged_count_daily"":0,""pr_closed_not_merged_daily"":0,""pr_active_daily"":22,""pr_daily_avg_lead_time_hours"":null,""pr_daily_median_lead_time_hours"":null,""pr_daily_avg_review_latency_hours"":null,""lead_time_sample_size"":0}"
src_205D_timeseries,780,"{""project_key"":""originalankur/maptoposter"",""date"":""2026-03-01"",""pr_opened_count_daily"":0,""pr_merged_count_daily"":1,""pr_closed_not_merged_daily"":0,""pr_active_daily"":21,""pr_daily_avg_lead_time_hours"":419.51,""pr_daily_median_lead_time_hours"":419.51,""pr_daily_avg_review_latency_hours"":null,""lead_time_sample_size"":1}"
src_205D_timeseries,781,"{""project_key"":""originalankur/maptoposter"",""date"":""2026-03-02"",""pr_opened_count_daily"":0,""pr_merged_count_daily"":0,""pr_closed_not_merged_daily"":0,""pr_active_daily"":21,""pr_daily_avg_lead_time_hours"":null,""pr_daily_median_lead_time_hours"":null,""pr_daily_avg_review_latency_hours"":null,""lead_time_sample_size"":0}"
src_205D_timeseries,782,"{""project_key"":""originalankur/maptoposter"",""date"":""2026-03-03"",""pr_opened_count_daily"":0,""pr_merged_count_daily"":0,""pr_closed_not_merged_daily"":0,""pr_active_daily"":21,""pr_daily_avg_lead_time_hours"":null,""pr_daily_median_lead_time_hours"":null,""pr_daily_avg_review_latency_hours"":null,""lead_time_sample_size"":0}"
src_205D_timeseries,783,"{""project_key"":""originalankur/maptoposter"",""date"":""2026-03-04"",""pr_opened_count_daily"":0,""pr_merged_count_daily"":0,""pr_closed_not_merged_daily"":0,""pr_active_daily"":21,""pr_daily_avg_lead_time_hours"":null,""pr_daily_median_lead_time_hours"":null,""pr_daily_avg_review_latency_hours"":null,""lead_time_sample_size"":0}"
src_205D_timeseries,784,"{""project_key"":""originalankur/maptoposter"",""date"":""2026-03-05"",""pr_opened_count_daily"":2,""pr_merged_count_daily"":0,""pr_closed_not_merged_daily"":0,""pr_active_daily"":23,""pr_daily_avg_lead_time_hours"":null,""pr_daily_median_lead_time_hours"":null,""pr_daily_avg_review_latency_hours"":null,""lead_time_sample_size"":0}"
src_205D_timeseries,785,"{""project_key"":""originalankur/maptoposter"",""date"":""2026-03-06"",""pr_opened_count_daily"":0,""pr_merged_count_daily"":0,""pr_closed_not_merged_daily"":0,""pr_active_daily"":23,""pr_daily_avg_lead_time_hours"":null,""pr_daily_median_lead_time_hours"":null,""pr_daily_avg_review_latency_hours"":null,""lead_time_sample_size"":0}"
src_205D_timeseries,786,"{""project_key"":""originalankur/maptoposter"",""date"":""2026-03-07"",""pr_opened_count_daily"":0,""pr_merged_count_daily"":0,""pr_closed_not_merged_daily"":0,""pr_active_daily"":23,""pr_daily_avg_lead_time_hours"":null,""pr_daily_median_lead_time_hours"":null,""pr_daily_avg_review_latency_hours"":null,""lead_time_sample_size"":0}"
src_205D_timeseries,787,"{""project_key"":""originalankur/maptoposter"",""date"":""2026-03-08"",""pr_opened_count_daily"":0,""pr_merged_count_daily"":0,""pr_closed_not_merged_daily"":0,""pr_active_daily"":23,""pr_daily_avg_lead_time_hours"":null,""pr_daily_median_lead_time_hours"":null,""pr_daily_avg_review_latency_hours"":null,""lead_time_sample_size"":0}"
src_205D_timeseries,788,"{""project_key"":""originalankur/maptoposter"",""date"":""2026-03-09"",""pr_opened_count_daily"":0,""pr_merged_count_daily"":0,""pr_closed_not_merged_daily"":0,""pr_active_daily"":23,""pr_daily_avg_lead_time_hours"":null,""pr_daily_median_lead_time_hours"":null,""pr_daily_avg_review_latency_hours"":null,""lead_time_sample_size"":0}"
src_205D_timeseries,789,"{""project_key"":""originalankur/maptoposter"",""date"":""2026-03-10"",""pr_opened_count_daily"":0,""pr_merged_count_daily"":0,""pr_closed_not_merged_daily"":0,""pr_active_daily"":23,""pr_daily_avg_lead_time_hours"":null,""pr_daily_median_lead_time_hours"":null,""pr_daily_avg_review_latency_hours"":null,""lead_time_sample_size"":0}"
src_205D_timeseries,790,"{""project_key"":""originalankur/maptoposter"",""date"":""2026-03-11"",""pr_opened_count_daily"":1,""pr_merged_count_daily"":0,""pr_closed_not_merged_daily"":0,""pr_active_daily"":24,""pr_daily_avg_lead_time_hours"":null,""pr_daily_median_lead_time_hours"":null,""pr_daily_avg_review_latency_hours"":null,""lead_time_sample_size"":0}"
src_205D_timeseries,791,"{""project_key"":""originalankur/maptoposter"",""date"":""2026-03-12"",""pr_opened_count_daily"":0,""pr_merged_count_daily"":0,""pr_closed_not_merged_daily"":0,""pr_active_daily"":24,""pr_daily_avg_lead_time_hours"":null,""pr_daily_median_lead_time_hours"":null,""pr_daily_avg_review_latency_hours"":null,""lead_time_sample_size"":0}"
src_205D_timeseries,792,"{""project_key"":""originalankur/maptoposter"",""date"":""2026-03-13"",""pr_opened_count_daily"":3,""pr_merged_count_daily"":0,""pr_closed_not_merged_daily"":2,""pr_active_daily"":25,""pr_daily_avg_lead_time_hours"":null,""pr_daily_median_lead_time_hours"":null,""pr_daily_avg_review_latency_hours"":null,""lead_time_sample_size"":0}"
src_205D_timeseries,793,"{""project_key"":""originalankur/maptoposter"",""date"":""2026-03-14"",""pr_opened_count_daily"":0,""pr_merged_count_daily"":0,""pr_closed_not_merged_daily"":0,""pr_active_daily"":25,""pr_daily_avg_lead_time_hours"":null,""pr_daily_median_lead_time_hours"":null,""pr_daily_avg_review_latency_hours"":null,""lead_time_sample_size"":0}"
src_205D_timeseries,794,"{""project_key"":""originalankur/maptoposter"",""date"":""2026-03-15"",""pr_opened_count_daily"":0,""pr_merged_count_daily"":0,""pr_closed_not_merged_daily"":0,""pr_active_daily"":25,""pr_daily_avg_lead_time_hours"":null,""pr_daily_median_lead_time_hours"":null,""pr_daily_avg_review_latency_hours"":null,""lead_time_sample_size"":0}"
src_205D_timeseries,795,"{""project_key"":""originalankur/maptoposter"",""date"":""2026-03-16"",""pr_opened_count_daily"":0,""pr_merged_count_daily"":0,""pr_closed_not_merged_daily"":0,""pr_active_daily"":25,""pr_daily_avg_lead_time_hours"":null,""pr_daily_median_lead_time_hours"":null,""pr_daily_avg_review_latency_hours"":null,""lead_time_sample_size"":0}"
src_205D_timeseries,796,"{""project_key"":""originalankur/maptoposter"",""date"":""2026-03-17"",""pr_opened_count_daily"":0,""pr_merged_count_daily"":0,""pr_closed_not_merged_daily"":0,""pr_active_daily"":25,""pr_daily_avg_lead_time_hours"":null,""pr_daily_median_lead_time_hours"":null,""pr_daily_avg_review_latency_hours"":null,""lead_time_sample_size"":0}"
src_205D_timeseries,797,"{""project_key"":""originalankur/maptoposter"",""date"":""2026-03-18"",""pr_opened_count_daily"":1,""pr_merged_count_daily"":0,""pr_closed_not_merged_daily"":0,""pr_active_daily"":26,""pr_daily_avg_lead_time_hours"":null,""pr_daily_median_lead_time_hours"":null,""pr_daily_avg_review_latency_hours"":null,""lead_time_sample_size"":0}"
src_205D_timeseries,798,"{""project_key"":""originalankur/maptoposter"",""date"":""2026-03-19"",""pr_opened_count_daily"":0,""pr_merged_count_daily"":0,""pr_closed_not_merged_daily"":0,""pr_active_daily"":26,""pr_daily_avg_lead_time_hours"":null,""pr_daily_median_lead_time_hours"":null,""pr_daily_avg_review_latency_hours"":null,""lead_time_sample_size"":0}"
src_205D_timeseries,799,"{""project_key"":""originalankur/maptoposter"",""date"":""2026-03-20"",""pr_opened_count_daily"":0,""pr_merged_count_daily"":0,""pr_closed_not_merged_daily"":0,""pr_active_daily"":26,""pr_daily_avg_lead_time_hours"":null,""pr_daily_median_lead_time_hours"":null,""pr_daily_avg_review_latency_hours"":null,""lead_time_sample_size"":0}"
src_205D_timeseries,800,"{""project_key"":""originalankur/maptoposter"",""date"":""2026-03-21"",""pr_opened_count_daily"":0,""pr_merged_count_daily"":0,""pr_closed_not_merged_daily"":0,""pr_active_daily"":26,""pr_daily_avg_lead_time_hours"":null,""pr_daily_median_lead_time_hours"":null,""pr_daily_avg_review_latency_hours"":null,""lead_time_sample_size"":0}"
src_205D_timeseries,801,"{""project_key"":""originalankur/maptoposter"",""date"":""2026-03-22"",""pr_opened_count_daily"":0,""pr_merged_count_daily"":0,""pr_closed_not_merged_daily"":0,""pr_active_daily"":26,""pr_daily_avg_lead_time_hours"":null,""pr_daily_median_lead_time_hours"":null,""pr_daily_avg_review_latency_hours"":null,""lead_time_sample_size"":0}"
src_205D_timeseries,802,"{""project_key"":""originalankur/maptoposter"",""date"":""2026-03-23"",""pr_opened_count_daily"":0,""pr_merged_count_daily"":0,""pr_closed_not_merged_daily"":0,""pr_active_daily"":26,""pr_daily_avg_lead_time_hours"":null,""pr_daily_median_lead_time_hours"":null,""pr_daily_avg_review_latency_hours"":null,""lead_time_sample_size"":0}"
src_205D_timeseries,803,"{""project_key"":""originalankur/maptoposter"",""date"":""2026-03-24"",""pr_opened_count_daily"":0,""pr_merged_count_daily"":0,""pr_closed_not_merged_daily"":0,""pr_active_daily"":26,""pr_daily_avg_lead_time_hours"":null,""pr_daily_median_lead_time_hours"":null,""pr_daily_avg_review_latency_hours"":null,""lead_time_sample_size"":0}"
src_205D_timeseries,804,"{""project_key"":""originalankur/maptoposter"",""date"":""2026-03-25"",""pr_opened_count_daily"":1,""pr_merged_count_daily"":0,""pr_closed_not_merged_daily"":0,""pr_active_daily"":27,""pr_daily_avg_lead_time_hours"":null,""pr_daily_median_lead_time_hours"":null,""pr_daily_avg_review_latency_hours"":null,""lead_time_sample_size"":0}"
src_205D_timeseries,805,"{""project_key"":""originalankur/maptoposter"",""date"":""2026-03-26"",""pr_opened_count_daily"":0,""pr_merged_count_daily"":0,""pr_closed_not_merged_daily"":0,""pr_active_daily"":27,""pr_daily_avg_lead_time_hours"":null,""pr_daily_median_lead_time_hours"":null,""pr_daily_avg_review_latency_hours"":null,""lead_time_sample_size"":0}"
src_205D_timeseries,806,"{""project_key"":""originalankur/maptoposter"",""date"":""2026-03-27"",""pr_opened_count_daily"":0,""pr_merged_count_daily"":0,""pr_closed_not_merged_daily"":0,""pr_active_daily"":27,""pr_daily_avg_lead_time_hours"":null,""pr_daily_median_lead_time_hours"":null,""pr_daily_avg_review_latency_hours"":null,""lead_time_sample_size"":0}"
src_205D_timeseries,807,"{""project_key"":""originalankur/maptoposter"",""date"":""2026-03-28"",""pr_opened_count_daily"":0,""pr_merged_count_daily"":0,""pr_closed_not_merged_daily"":0,""pr_active_daily"":27,""pr_daily_avg_lead_time_hours"":null,""pr_daily_median_lead_time_hours"":null,""pr_daily_avg_review_latency_hours"":null,""lead_time_sample_size"":0}"
src_205D_timeseries,808,"{""project_key"":""originalankur/maptoposter"",""date"":""2026-03-29"",""pr_opened_count_daily"":0,""pr_merged_count_daily"":0,""pr_closed_not_merged_daily"":0,""pr_active_daily"":27,""pr_daily_avg_lead_time_hours"":null,""pr_daily_median_lead_time_hours"":null,""pr_daily_avg_review_latency_hours"":null,""lead_time_sample_size"":0}"
src_205D_timeseries,809,"{""project_key"":""originalankur/maptoposter"",""date"":""2026-03-30"",""pr_opened_count_daily"":0,""pr_merged_count_daily"":0,""pr_closed_not_merged_daily"":0,""pr_active_daily"":27,""pr_daily_avg_lead_time_hours"":null,""pr_daily_median_lead_time_hours"":null,""pr_daily_avg_review_latency_hours"":null,""lead_time_sample_size"":0}"
src_205D_timeseries,810,"{""project_key"":""originalankur/maptoposter"",""date"":""2026-03-31"",""pr_opened_count_daily"":0,""pr_merged_count_daily"":0,""pr_closed_not_merged_daily"":0,""pr_active_daily"":27,""pr_daily_avg_lead_time_hours"":null,""pr_daily_median_lead_time_hours"":null,""pr_daily_avg_review_latency_hours"":null,""lead_time_sample_size"":0}"
src_205D_timeseries,811,"{""project_key"":""virt-manager/virt-manager"",""date"":""2026-01-01"",""pr_opened_count_daily"":0,""pr_merged_count_daily"":0,""pr_closed_not_merged_daily"":0,""pr_active_daily"":13,""pr_daily_avg_lead_time_hours"":null,""pr_daily_median_lead_time_hours"":null,""pr_daily_avg_review_latency_hours"":null,""lead_time_sample_size"":0}"
src_205D_timeseries,812,"{""project_key"":""virt-manager/virt-manager"",""date"":""2026-01-02"",""pr_opened_count_daily"":0,""pr_merged_count_daily"":0,""pr_closed_not_merged_daily"":0,""pr_active_daily"":13,""pr_daily_avg_lead_time_hours"":null,""pr_daily_median_lead_time_hours"":null,""pr_daily_avg_review_latency_hours"":null,""lead_time_sample_size"":0}"
src_205D_timeseries,813,"{""project_key"":""virt-manager/virt-manager"",""date"":""2026-01-03"",""pr_opened_count_daily"":0,""pr_merged_count_daily"":0,""pr_closed_not_merged_daily"":0,""pr_active_daily"":13,""pr_daily_avg_lead_time_hours"":null,""pr_daily_median_lead_time_hours"":null,""pr_daily_avg_review_latency_hours"":null,""lead_time_sample_size"":0}"
src_205D_timeseries,814,"{""project_key"":""virt-manager/virt-manager"",""date"":""2026-01-04"",""pr_opened_count_daily"":0,""pr_merged_count_daily"":0,""pr_closed_not_merged_daily"":0,""pr_active_daily"":13,""pr_daily_avg_lead_time_hours"":null,""pr_daily_median_lead_time_hours"":null,""pr_daily_avg_review_latency_hours"":null,""lead_time_sample_size"":0}"
src_205D_timeseries,815,"{""project_key"":""virt-manager/virt-manager"",""date"":""2026-01-05"",""pr_opened_count_daily"":0,""pr_merged_count_daily"":0,""pr_closed_not_merged_daily"":0,""pr_active_daily"":13,""pr_daily_avg_lead_time_hours"":null,""pr_daily_median_lead_time_hours"":null,""pr_daily_avg_review_latency_hours"":null,""lead_time_sample_size"":0}"
src_205D_timeseries,816,"{""project_key"":""virt-manager/virt-manager"",""date"":""2026-01-06"",""pr_opened_count_daily"":0,""pr_merged_count_daily"":0,""pr_closed_not_merged_daily"":0,""pr_active_daily"":13,""pr_daily_avg_lead_time_hours"":null,""pr_daily_median_lead_time_hours"":null,""pr_daily_avg_review_latency_hours"":null,""lead_time_sample_size"":0}"
src_205D_timeseries,817,"{""project_key"":""virt-manager/virt-manager"",""date"":""2026-01-07"",""pr_opened_count_daily"":0,""pr_merged_count_daily"":0,""pr_closed_not_merged_daily"":0,""pr_active_daily"":13,""pr_daily_avg_lead_time_hours"":null,""pr_daily_median_lead_time_hours"":null,""pr_daily_avg_review_latency_hours"":null,""lead_time_sample_size"":0}"
src_205D_timeseries,818,"{""project_key"":""virt-manager/virt-manager"",""date"":""2026-01-08"",""pr_opened_count_daily"":0,""pr_merged_count_daily"":0,""pr_closed_not_merged_daily"":0,""pr_active_daily"":13,""pr_daily_avg_lead_time_hours"":null,""pr_daily_median_lead_time_hours"":null,""pr_daily_avg_review_latency_hours"":null,""lead_time_sample_size"":0}"
src_205D_timeseries,819,"{""project_key"":""virt-manager/virt-manager"",""date"":""2026-01-09"",""pr_opened_count_daily"":0,""pr_merged_count_daily"":0,""pr_closed_not_merged_daily"":0,""pr_active_daily"":13,""pr_daily_avg_lead_time_hours"":null,""pr_daily_median_lead_time_hours"":null,""pr_daily_avg_review_latency_hours"":null,""lead_time_sample_size"":0}"
src_205D_timeseries,820,"{""project_key"":""virt-manager/virt-manager"",""date"":""2026-01-10"",""pr_opened_count_daily"":0,""pr_merged_count_daily"":3,""pr_closed_not_merged_daily"":0,""pr_active_daily"":10,""pr_daily_avg_lead_time_hours"":3909.1813,""pr_daily_median_lead_time_hours"":3780.3231,""pr_daily_avg_review_latency_hours"":null,""lead_time_sample_size"":3}"
src_205D_timeseries,821,"{""project_key"":""virt-manager/virt-manager"",""date"":""2026-01-11"",""pr_opened_count_daily"":1,""pr_merged_count_daily"":2,""pr_closed_not_merged_daily"":0,""pr_active_daily"":9,""pr_daily_avg_lead_time_hours"":295.6207,""pr_daily_median_lead_time_hours"":295.6207,""pr_daily_avg_review_latency_hours"":null,""lead_time_sample_size"":2}"
src_205D_timeseries,822,"{""project_key"":""virt-manager/virt-manager"",""date"":""2026-01-12"",""pr_opened_count_daily"":1,""pr_merged_count_daily"":0,""pr_closed_not_merged_daily"":0,""pr_active_daily"":10,""pr_daily_avg_lead_time_hours"":null,""pr_daily_median_lead_time_hours"":null,""pr_daily_avg_review_latency_hours"":null,""lead_time_sample_size"":0}"
src_205D_timeseries,823,"{""project_key"":""virt-manager/virt-manager"",""date"":""2026-01-13"",""pr_opened_count_daily"":0,""pr_merged_count_daily"":0,""pr_closed_not_merged_daily"":0,""pr_active_daily"":10,""pr_daily_avg_lead_time_hours"":null,""pr_daily_median_lead_time_hours"":null,""pr_daily_avg_review_latency_hours"":null,""lead_time_sample_size"":0}"
src_205D_timeseries,824,"{""project_key"":""virt-manager/virt-manager"",""date"":""2026-01-14"",""pr_opened_count_daily"":0,""pr_merged_count_daily"":0,""pr_closed_not_merged_daily"":0,""pr_active_daily"":10,""pr_daily_avg_lead_time_hours"":null,""pr_daily_median_lead_time_hours"":null,""pr_daily_avg_review_latency_hours"":null,""lead_time_sample_size"":0}"
src_205D_timeseries,825,"{""project_key"":""virt-manager/virt-manager"",""date"":""2026-01-15"",""pr_opened_count_daily"":0,""pr_merged_count_daily"":0,""pr_closed_not_merged_daily"":0,""pr_active_daily"":10,""pr_daily_avg_lead_time_hours"":null,""pr_daily_median_lead_time_hours"":null,""pr_daily_avg_review_latency_hours"":null,""lead_time_sample_size"":0}"
src_205D_timeseries,826,"{""project_key"":""virt-manager/virt-manager"",""date"":""2026-01-16"",""pr_opened_count_daily"":0,""pr_merged_count_daily"":0,""pr_closed_not_merged_daily"":0,""pr_active_daily"":10,""pr_daily_avg_lead_time_hours"":null,""pr_daily_median_lead_time_hours"":null,""pr_daily_avg_review_latency_hours"":null,""lead_time_sample_size"":0}"
src_205D_timeseries,827,"{""project_key"":""virt-manager/virt-manager"",""date"":""2026-01-17"",""pr_opened_count_daily"":0,""pr_merged_count_daily"":0,""pr_closed_not_merged_daily"":0,""pr_active_daily"":10,""pr_daily_avg_lead_time_hours"":null,""pr_daily_median_lead_time_hours"":null,""pr_daily_avg_review_latency_hours"":null,""lead_time_sample_size"":0}"
src_205D_timeseries,828,"{""project_key"":""virt-manager/virt-manager"",""date"":""2026-01-18"",""pr_opened_count_daily"":0,""pr_merged_count_daily"":0,""pr_closed_not_merged_daily"":0,""pr_active_daily"":10,""pr_daily_avg_lead_time_hours"":null,""pr_daily_median_lead_time_hours"":null,""pr_daily_avg_review_latency_hours"":null,""lead_time_sample_size"":0}"
src_205D_timeseries,829,"{""project_key"":""virt-manager/virt-manager"",""date"":""2026-01-19"",""pr_opened_count_daily"":0,""pr_merged_count_daily"":0,""pr_closed_not_merged_daily"":0,""pr_active_daily"":10,""pr_daily_avg_lead_time_hours"":null,""pr_daily_median_lead_time_hours"":null,""pr_daily_avg_review_latency_hours"":null,""lead_time_sample_size"":0}"
src_205D_timeseries,830,"{""project_key"":""virt-manager/virt-manager"",""date"":""2026-01-20"",""pr_opened_count_daily"":0,""pr_merged_count_daily"":0,""pr_closed_not_merged_daily"":0,""pr_active_daily"":10,""pr_daily_avg_lead_time_hours"":null,""pr_daily_median_lead_time_hours"":null,""pr_daily_avg_review_latency_hours"":null,""lead_time_sample_size"":0}"
src_205D_timeseries,831,"{""project_key"":""virt-manager/virt-manager"",""date"":""2026-01-21"",""pr_opened_count_daily"":1,""pr_merged_count_daily"":0,""pr_closed_not_merged_daily"":0,""pr_active_daily"":11,""pr_daily_avg_lead_time_hours"":null,""pr_daily_median_lead_time_hours"":null,""pr_daily_avg_review_latency_hours"":null,""lead_time_sample_size"":0}"
src_205D_timeseries,832,"{""project_key"":""virt-manager/virt-manager"",""date"":""2026-01-22"",""pr_opened_count_daily"":0,""pr_merged_count_daily"":0,""pr_closed_not_merged_daily"":0,""pr_active_daily"":11,""pr_daily_avg_lead_time_hours"":null,""pr_daily_median_lead_time_hours"":null,""pr_daily_avg_review_latency_hours"":null,""lead_time_sample_size"":0}"
src_205D_timeseries,833,"{""project_key"":""virt-manager/virt-manager"",""date"":""2026-01-23"",""pr_opened_count_daily"":0,""pr_merged_count_daily"":0,""pr_closed_not_merged_daily"":0,""pr_active_daily"":11,""pr_daily_avg_lead_time_hours"":null,""pr_daily_median_lead_time_hours"":null,""pr_daily_avg_review_latency_hours"":null,""lead_time_sample_size"":0}"
src_205D_timeseries,834,"{""project_key"":""virt-manager/virt-manager"",""date"":""2026-01-24"",""pr_opened_count_daily"":0,""pr_merged_count_daily"":0,""pr_closed_not_merged_daily"":0,""pr_active_daily"":11,""pr_daily_avg_lead_time_hours"":null,""pr_daily_median_lead_time_hours"":null,""pr_daily_avg_review_latency_hours"":null,""lead_time_sample_size"":0}"
src_205D_timeseries,835,"{""project_key"":""virt-manager/virt-manager"",""date"":""2026-01-25"",""pr_opened_count_daily"":0,""pr_merged_count_daily"":0,""pr_closed_not_merged_daily"":0,""pr_active_daily"":11,""pr_daily_avg_lead_time_hours"":null,""pr_daily_median_lead_time_hours"":null,""pr_daily_avg_review_latency_hours"":null,""lead_time_sample_size"":0}"
src_205D_timeseries,836,"{""project_key"":""virt-manager/virt-manager"",""date"":""2026-01-26"",""pr_opened_count_daily"":0,""pr_merged_count_daily"":0,""pr_closed_not_merged_daily"":0,""pr_active_daily"":11,""pr_daily_avg_lead_time_hours"":null,""pr_daily_median_lead_time_hours"":null,""pr_daily_avg_review_latency_hours"":null,""lead_time_sample_size"":0}"
src_205D_timeseries,837,"{""project_key"":""virt-manager/virt-manager"",""date"":""2026-01-27"",""pr_opened_count_daily"":0,""pr_merged_count_daily"":0,""pr_closed_not_merged_daily"":0,""pr_active_daily"":11,""pr_daily_avg_lead_time_hours"":null,""pr_daily_median_lead_time_hours"":null,""pr_daily_avg_review_latency_hours"":null,""lead_time_sample_size"":0}"
src_205D_timeseries,838,"{""project_key"":""virt-manager/virt-manager"",""date"":""2026-01-28"",""pr_opened_count_daily"":0,""pr_merged_count_daily"":0,""pr_closed_not_merged_daily"":0,""pr_active_daily"":11,""pr_daily_avg_lead_time_hours"":null,""pr_daily_median_lead_time_hours"":null,""pr_daily_avg_review_latency_hours"":null,""lead_time_sample_size"":0}"
src_205D_timeseries,839,"{""project_key"":""virt-manager/virt-manager"",""date"":""2026-01-29"",""pr_opened_count_daily"":1,""pr_merged_count_daily"":0,""pr_closed_not_merged_daily"":0,""pr_active_daily"":12,""pr_daily_avg_lead_time_hours"":null,""pr_daily_median_lead_time_hours"":null,""pr_daily_avg_review_latency_hours"":null,""lead_time_sample_size"":0}"
src_205D_timeseries,840,"{""project_key"":""virt-manager/virt-manager"",""date"":""2026-01-30"",""pr_opened_count_daily"":0,""pr_merged_count_daily"":0,""pr_closed_not_merged_daily"":0,""pr_active_daily"":12,""pr_daily_avg_lead_time_hours"":null,""pr_daily_median_lead_time_hours"":null,""pr_daily_avg_review_latency_hours"":null,""lead_time_sample_size"":0}"
src_205D_timeseries,841,"{""project_key"":""virt-manager/virt-manager"",""date"":""2026-01-31"",""pr_opened_count_daily"":0,""pr_merged_count_daily"":0,""pr_closed_not_merged_daily"":0,""pr_active_daily"":12,""pr_daily_avg_lead_time_hours"":null,""pr_daily_median_lead_time_hours"":null,""pr_daily_avg_review_latency_hours"":null,""lead_time_sample_size"":0}"
src_205D_timeseries,842,"{""project_key"":""virt-manager/virt-manager"",""date"":""2026-02-01"",""pr_opened_count_daily"":0,""pr_merged_count_daily"":0,""pr_closed_not_merged_daily"":0,""pr_active_daily"":12,""pr_daily_avg_lead_time_hours"":null,""pr_daily_median_lead_time_hours"":null,""pr_daily_avg_review_latency_hours"":null,""lead_time_sample_size"":0}"
src_205D_timeseries,843,"{""project_key"":""virt-manager/virt-manager"",""date"":""2026-02-02"",""pr_opened_count_daily"":1,""pr_merged_count_daily"":0,""pr_closed_not_merged_daily"":0,""pr_active_daily"":13,""pr_daily_avg_lead_time_hours"":null,""pr_daily_median_lead_time_hours"":null,""pr_daily_avg_review_latency_hours"":null,""lead_time_sample_size"":0}"
src_205D_timeseries,844,"{""project_key"":""virt-manager/virt-manager"",""date"":""2026-02-03"",""pr_opened_count_daily"":0,""pr_merged_count_daily"":1,""pr_closed_not_merged_daily"":0,""pr_active_daily"":12,""pr_daily_avg_lead_time_hours"":10.7592,""pr_daily_median_lead_time_hours"":10.7592,""pr_daily_avg_review_latency_hours"":null,""lead_time_sample_size"":1}"
src_205D_timeseries,845,"{""project_key"":""virt-manager/virt-manager"",""date"":""2026-02-04"",""pr_opened_count_daily"":0,""pr_merged_count_daily"":0,""pr_closed_not_merged_daily"":0,""pr_active_daily"":12,""pr_daily_avg_lead_time_hours"":null,""pr_daily_median_lead_time_hours"":null,""pr_daily_avg_review_latency_hours"":null,""lead_time_sample_size"":0}"
src_205D_timeseries,846,"{""project_key"":""virt-manager/virt-manager"",""date"":""2026-02-05"",""pr_opened_count_daily"":0,""pr_merged_count_daily"":0,""pr_closed_not_merged_daily"":0,""pr_active_daily"":12,""pr_daily_avg_lead_time_hours"":null,""pr_daily_median_lead_time_hours"":null,""pr_daily_avg_review_latency_hours"":null,""lead_time_sample_size"":0}"
src_205D_timeseries,847,"{""project_key"":""virt-manager/virt-manager"",""date"":""2026-02-06"",""pr_opened_count_daily"":1,""pr_merged_count_daily"":1,""pr_closed_not_merged_daily"":0,""pr_active_daily"":12,""pr_daily_avg_lead_time_hours"":0.8406,""pr_daily_median_lead_time_hours"":0.8406,""pr_daily_avg_review_latency_hours"":null,""lead_time_sample_size"":1}"
src_205D_timeseries,848,"{""project_key"":""virt-manager/virt-manager"",""date"":""2026-02-07"",""pr_opened_count_daily"":0,""pr_merged_count_daily"":0,""pr_closed_not_merged_daily"":0,""pr_active_daily"":12,""pr_daily_avg_lead_time_hours"":null,""pr_daily_median_lead_time_hours"":null,""pr_daily_avg_review_latency_hours"":null,""lead_time_sample_size"":0}"
src_205D_timeseries,849,"{""project_key"":""virt-manager/virt-manager"",""date"":""2026-02-08"",""pr_opened_count_daily"":0,""pr_merged_count_daily"":0,""pr_closed_not_merged_daily"":0,""pr_active_daily"":12,""pr_daily_avg_lead_time_hours"":null,""pr_daily_median_lead_time_hours"":null,""pr_daily_avg_review_latency_hours"":null,""lead_time_sample_size"":0}"
src_205D_timeseries,850,"{""project_key"":""virt-manager/virt-manager"",""date"":""2026-02-09"",""pr_opened_count_daily"":2,""pr_merged_count_daily"":2,""pr_closed_not_merged_daily"":1,""pr_active_daily"":11,""pr_daily_avg_lead_time_hours"":1.2575,""pr_daily_median_lead_time_hours"":1.2575,""pr_daily_avg_review_latency_hours"":null,""lead_time_sample_size"":2}"
src_205D_timeseries,851,"{""project_key"":""virt-manager/virt-manager"",""date"":""2026-02-10"",""pr_opened_count_daily"":0,""pr_merged_count_daily"":0,""pr_closed_not_merged_daily"":0,""pr_active_daily"":11,""pr_daily_avg_lead_time_hours"":null,""pr_daily_median_lead_time_hours"":null,""pr_daily_avg_review_latency_hours"":null,""lead_time_sample_size"":0}"
src_205D_timeseries,852,"{""project_key"":""virt-manager/virt-manager"",""date"":""2026-02-11"",""pr_opened_count_daily"":0,""pr_merged_count_daily"":0,""pr_closed_not_merged_daily"":0,""pr_active_daily"":11,""pr_daily_avg_lead_time_hours"":null,""pr_daily_median_lead_time_hours"":null,""pr_daily_avg_review_latency_hours"":null,""lead_time_sample_size"":0}"
src_205D_timeseries,853,"{""project_key"":""virt-manager/virt-manager"",""date"":""2026-02-12"",""pr_opened_count_daily"":0,""pr_merged_count_daily"":0,""pr_closed_not_merged_daily"":0,""pr_active_daily"":11,""pr_daily_avg_lead_time_hours"":null,""pr_daily_median_lead_time_hours"":null,""pr_daily_avg_review_latency_hours"":null,""lead_time_sample_size"":0}"
src_205D_timeseries,854,"{""project_key"":""virt-manager/virt-manager"",""date"":""2026-02-13"",""pr_opened_count_daily"":0,""pr_merged_count_daily"":0,""pr_closed_not_merged_daily"":0,""pr_active_daily"":11,""pr_daily_avg_lead_time_hours"":null,""pr_daily_median_lead_time_hours"":null,""pr_daily_avg_review_latency_hours"":null,""lead_time_sample_size"":0}"
src_205D_timeseries,855,"{""project_key"":""virt-manager/virt-manager"",""date"":""2026-02-14"",""pr_opened_count_daily"":0,""pr_merged_count_daily"":0,""pr_closed_not_merged_daily"":0,""pr_active_daily"":11,""pr_daily_avg_lead_time_hours"":null,""pr_daily_median_lead_time_hours"":null,""pr_daily_avg_review_latency_hours"":null,""lead_time_sample_size"":0}"
src_205D_timeseries,856,"{""project_key"":""virt-manager/virt-manager"",""date"":""2026-02-15"",""pr_opened_count_daily"":0,""pr_merged_count_daily"":0,""pr_closed_not_merged_daily"":0,""pr_active_daily"":11,""pr_daily_avg_lead_time_hours"":null,""pr_daily_median_lead_time_hours"":null,""pr_daily_avg_review_latency_hours"":null,""lead_time_sample_size"":0}"
src_205D_timeseries,857,"{""project_key"":""virt-manager/virt-manager"",""date"":""2026-02-16"",""pr_opened_count_daily"":0,""pr_merged_count_daily"":0,""pr_closed_not_merged_daily"":0,""pr_active_daily"":11,""pr_daily_avg_lead_time_hours"":null,""pr_daily_median_lead_time_hours"":null,""pr_daily_avg_review_latency_hours"":null,""lead_time_sample_size"":0}"
src_205D_timeseries,858,"{""project_key"":""virt-manager/virt-manager"",""date"":""2026-02-17"",""pr_opened_count_daily"":0,""pr_merged_count_daily"":0,""pr_closed_not_merged_daily"":0,""pr_active_daily"":11,""pr_daily_avg_lead_time_hours"":null,""pr_daily_median_lead_time_hours"":null,""pr_daily_avg_review_latency_hours"":null,""lead_time_sample_size"":0}"
src_205D_timeseries,859,"{""project_key"":""virt-manager/virt-manager"",""date"":""2026-02-18"",""pr_opened_count_daily"":0,""pr_merged_count_daily"":0,""pr_closed_not_merged_daily"":0,""pr_active_daily"":11,""pr_daily_avg_lead_time_hours"":null,""pr_daily_median_lead_time_hours"":null,""pr_daily_avg_review_latency_hours"":null,""lead_time_sample_size"":0}"
src_205D_timeseries,860,"{""project_key"":""virt-manager/virt-manager"",""date"":""2026-02-19"",""pr_opened_count_daily"":1,""pr_merged_count_daily"":1,""pr_closed_not_merged_daily"":0,""pr_active_daily"":11,""pr_daily_avg_lead_time_hours"":0.5178,""pr_daily_median_lead_time_hours"":0.5178,""pr_daily_avg_review_latency_hours"":null,""lead_time_sample_size"":1}"
src_205D_timeseries,861,"{""project_key"":""virt-manager/virt-manager"",""date"":""2026-02-20"",""pr_opened_count_daily"":0,""pr_merged_count_daily"":0,""pr_closed_not_merged_daily"":0,""pr_active_daily"":11,""pr_daily_avg_lead_time_hours"":null,""pr_daily_median_lead_time_hours"":null,""pr_daily_avg_review_latency_hours"":null,""lead_time_sample_size"":0}"
src_205D_timeseries,862,"{""project_key"":""virt-manager/virt-manager"",""date"":""2026-02-21"",""pr_opened_count_daily"":0,""pr_merged_count_daily"":0,""pr_closed_not_merged_daily"":0,""pr_active_daily"":11,""pr_daily_avg_lead_time_hours"":null,""pr_daily_median_lead_time_hours"":null,""pr_daily_avg_review_latency_hours"":null,""lead_time_sample_size"":0}"
src_205D_timeseries,863,"{""project_key"":""virt-manager/virt-manager"",""date"":""2026-02-22"",""pr_opened_count_daily"":0,""pr_merged_count_daily"":0,""pr_closed_not_merged_daily"":0,""pr_active_daily"":11,""pr_daily_avg_lead_time_hours"":null,""pr_daily_median_lead_time_hours"":null,""pr_daily_avg_review_latency_hours"":null,""lead_time_sample_size"":0}"
src_205D_timeseries,864,"{""project_key"":""virt-manager/virt-manager"",""date"":""2026-02-23"",""pr_opened_count_daily"":0,""pr_merged_count_daily"":0,""pr_closed_not_merged_daily"":0,""pr_active_daily"":11,""pr_daily_avg_lead_time_hours"":null,""pr_daily_median_lead_time_hours"":null,""pr_daily_avg_review_latency_hours"":null,""lead_time_sample_size"":0}"
src_205D_timeseries,865,"{""project_key"":""virt-manager/virt-manager"",""date"":""2026-02-24"",""pr_opened_count_daily"":4,""pr_merged_count_daily"":3,""pr_closed_not_merged_daily"":0,""pr_active_daily"":12,""pr_daily_avg_lead_time_hours"":0.8738,""pr_daily_median_lead_time_hours"":0.885,""pr_daily_avg_review_latency_hours"":null,""lead_time_sample_size"":3}"
src_205D_timeseries,866,"{""project_key"":""virt-manager/virt-manager"",""date"":""2026-02-25"",""pr_opened_count_daily"":1,""pr_merged_count_daily"":1,""pr_closed_not_merged_daily"":0,""pr_active_daily"":12,""pr_daily_avg_lead_time_hours"":2.03,""pr_daily_median_lead_time_hours"":2.03,""pr_daily_avg_review_latency_hours"":null,""lead_time_sample_size"":1}"
src_205D_timeseries,867,"{""project_key"":""virt-manager/virt-manager"",""date"":""2026-02-26"",""pr_opened_count_daily"":0,""pr_merged_count_daily"":0,""pr_closed_not_merged_daily"":0,""pr_active_daily"":12,""pr_daily_avg_lead_time_hours"":null,""pr_daily_median_lead_time_hours"":null,""pr_daily_avg_review_latency_hours"":null,""lead_time_sample_size"":0}"
src_205D_timeseries,868,"{""project_key"":""virt-manager/virt-manager"",""date"":""2026-02-27"",""pr_opened_count_daily"":0,""pr_merged_count_daily"":0,""pr_closed_not_merged_daily"":0,""pr_active_daily"":12,""pr_daily_avg_lead_time_hours"":null,""pr_daily_median_lead_time_hours"":null,""pr_daily_avg_review_latency_hours"":null,""lead_time_sample_size"":0}"
src_205D_timeseries,869,"{""project_key"":""virt-manager/virt-manager"",""date"":""2026-02-28"",""pr_opened_count_daily"":0,""pr_merged_count_daily"":0,""pr_closed_not_merged_daily"":0,""pr_active_daily"":12,""pr_daily_avg_lead_time_hours"":null,""pr_daily_median_lead_time_hours"":null,""pr_daily_avg_review_latency_hours"":null,""lead_time_sample_size"":0}"
src_205D_timeseries,870,"{""project_key"":""virt-manager/virt-manager"",""date"":""2026-03-01"",""pr_opened_count_daily"":1,""pr_merged_count_daily"":0,""pr_closed_not_merged_daily"":0,""pr_active_daily"":13,""pr_daily_avg_lead_time_hours"":null,""pr_daily_median_lead_time_hours"":null,""pr_daily_avg_review_latency_hours"":null,""lead_time_sample_size"":0}"
src_205D_timeseries,871,"{""project_key"":""virt-manager/virt-manager"",""date"":""2026-03-02"",""pr_opened_count_daily"":0,""pr_merged_count_daily"":0,""pr_closed_not_merged_daily"":0,""pr_active_daily"":13,""pr_daily_avg_lead_time_hours"":null,""pr_daily_median_lead_time_hours"":null,""pr_daily_avg_review_latency_hours"":null,""lead_time_sample_size"":0}"
src_205D_timeseries,872,"{""project_key"":""virt-manager/virt-manager"",""date"":""2026-03-03"",""pr_opened_count_daily"":1,""pr_merged_count_daily"":0,""pr_closed_not_merged_daily"":0,""pr_active_daily"":14,""pr_daily_avg_lead_time_hours"":null,""pr_daily_median_lead_time_hours"":null,""pr_daily_avg_review_latency_hours"":null,""lead_time_sample_size"":0}"
src_205D_timeseries,873,"{""project_key"":""virt-manager/virt-manager"",""date"":""2026-03-04"",""pr_opened_count_daily"":0,""pr_merged_count_daily"":1,""pr_closed_not_merged_daily"":0,""pr_active_daily"":13,""pr_daily_avg_lead_time_hours"":196.4947,""pr_daily_median_lead_time_hours"":196.4947,""pr_daily_avg_review_latency_hours"":null,""lead_time_sample_size"":1}"
src_205D_timeseries,874,"{""project_key"":""virt-manager/virt-manager"",""date"":""2026-03-05"",""pr_opened_count_daily"":0,""pr_merged_count_daily"":0,""pr_closed_not_merged_daily"":0,""pr_active_daily"":13,""pr_daily_avg_lead_time_hours"":null,""pr_daily_median_lead_time_hours"":null,""pr_daily_avg_review_latency_hours"":null,""lead_time_sample_size"":0}"
src_205D_timeseries,875,"{""project_key"":""virt-manager/virt-manager"",""date"":""2026-03-06"",""pr_opened_count_daily"":0,""pr_merged_count_daily"":0,""pr_closed_not_merged_daily"":0,""pr_active_daily"":13,""pr_daily_avg_lead_time_hours"":null,""pr_daily_median_lead_time_hours"":null,""pr_daily_avg_review_latency_hours"":null,""lead_time_sample_size"":0}"
src_205D_timeseries,876,"{""project_key"":""virt-manager/virt-manager"",""date"":""2026-03-07"",""pr_opened_count_daily"":0,""pr_merged_count_daily"":0,""pr_closed_not_merged_daily"":0,""pr_active_daily"":13,""pr_daily_avg_lead_time_hours"":null,""pr_daily_median_lead_time_hours"":null,""pr_daily_avg_review_latency_hours"":null,""lead_time_sample_size"":0}"
src_205D_timeseries,877,"{""project_key"":""virt-manager/virt-manager"",""date"":""2026-03-08"",""pr_opened_count_daily"":0,""pr_merged_count_daily"":0,""pr_closed_not_merged_daily"":0,""pr_active_daily"":13,""pr_daily_avg_lead_time_hours"":null,""pr_daily_median_lead_time_hours"":null,""pr_daily_avg_review_latency_hours"":null,""lead_time_sample_size"":0}"
src_205D_timeseries,878,"{""project_key"":""virt-manager/virt-manager"",""date"":""2026-03-09"",""pr_opened_count_daily"":0,""pr_merged_count_daily"":0,""pr_closed_not_merged_daily"":0,""pr_active_daily"":13,""pr_daily_avg_lead_time_hours"":null,""pr_daily_median_lead_time_hours"":null,""pr_daily_avg_review_latency_hours"":null,""lead_time_sample_size"":0}"
src_205D_timeseries,879,"{""project_key"":""virt-manager/virt-manager"",""date"":""2026-03-10"",""pr_opened_count_daily"":1,""pr_merged_count_daily"":0,""pr_closed_not_merged_daily"":1,""pr_active_daily"":13,""pr_daily_avg_lead_time_hours"":null,""pr_daily_median_lead_time_hours"":null,""pr_daily_avg_review_latency_hours"":null,""lead_time_sample_size"":0}"
src_205D_timeseries,880,"{""project_key"":""virt-manager/virt-manager"",""date"":""2026-03-11"",""pr_opened_count_daily"":0,""pr_merged_count_daily"":0,""pr_closed_not_merged_daily"":0,""pr_active_daily"":13,""pr_daily_avg_lead_time_hours"":null,""pr_daily_median_lead_time_hours"":null,""pr_daily_avg_review_latency_hours"":null,""lead_time_sample_size"":0}"
src_205D_timeseries,881,"{""project_key"":""virt-manager/virt-manager"",""date"":""2026-03-12"",""pr_opened_count_daily"":0,""pr_merged_count_daily"":0,""pr_closed_not_merged_daily"":0,""pr_active_daily"":13,""pr_daily_avg_lead_time_hours"":null,""pr_daily_median_lead_time_hours"":null,""pr_daily_avg_review_latency_hours"":null,""lead_time_sample_size"":0}"
src_205D_timeseries,882,"{""project_key"":""virt-manager/virt-manager"",""date"":""2026-03-13"",""pr_opened_count_daily"":1,""pr_merged_count_daily"":0,""pr_closed_not_merged_daily"":0,""pr_active_daily"":14,""pr_daily_avg_lead_time_hours"":null,""pr_daily_median_lead_time_hours"":null,""pr_daily_avg_review_latency_hours"":null,""lead_time_sample_size"":0}"
src_205D_timeseries,883,"{""project_key"":""virt-manager/virt-manager"",""date"":""2026-03-14"",""pr_opened_count_daily"":0,""pr_merged_count_daily"":0,""pr_closed_not_merged_daily"":0,""pr_active_daily"":14,""pr_daily_avg_lead_time_hours"":null,""pr_daily_median_lead_time_hours"":null,""pr_daily_avg_review_latency_hours"":null,""lead_time_sample_size"":0}"
src_205D_timeseries,884,"{""project_key"":""virt-manager/virt-manager"",""date"":""2026-03-15"",""pr_opened_count_daily"":2,""pr_merged_count_daily"":0,""pr_closed_not_merged_daily"":0,""pr_active_daily"":16,""pr_daily_avg_lead_time_hours"":null,""pr_daily_median_lead_time_hours"":null,""pr_daily_avg_review_latency_hours"":null,""lead_time_sample_size"":0}"
src_205D_timeseries,885,"{""project_key"":""virt-manager/virt-manager"",""date"":""2026-03-16"",""pr_opened_count_daily"":0,""pr_merged_count_daily"":0,""pr_closed_not_merged_daily"":0,""pr_active_daily"":16,""pr_daily_avg_lead_time_hours"":null,""pr_daily_median_lead_time_hours"":null,""pr_daily_avg_review_latency_hours"":null,""lead_time_sample_size"":0}"
src_205D_timeseries,886,"{""project_key"":""virt-manager/virt-manager"",""date"":""2026-03-17"",""pr_opened_count_daily"":0,""pr_merged_count_daily"":0,""pr_closed_not_merged_daily"":0,""pr_active_daily"":16,""pr_daily_avg_lead_time_hours"":null,""pr_daily_median_lead_time_hours"":null,""pr_daily_avg_review_latency_hours"":null,""lead_time_sample_size"":0}"
src_205D_timeseries,887,"{""project_key"":""virt-manager/virt-manager"",""date"":""2026-03-18"",""pr_opened_count_daily"":0,""pr_merged_count_daily"":0,""pr_closed_not_merged_daily"":0,""pr_active_daily"":16,""pr_daily_avg_lead_time_hours"":null,""pr_daily_median_lead_time_hours"":null,""pr_daily_avg_review_latency_hours"":null,""lead_time_sample_size"":0}"
src_205D_timeseries,888,"{""project_key"":""virt-manager/virt-manager"",""date"":""2026-03-19"",""pr_opened_count_daily"":0,""pr_merged_count_daily"":0,""pr_closed_not_merged_daily"":0,""pr_active_daily"":16,""pr_daily_avg_lead_time_hours"":null,""pr_daily_median_lead_time_hours"":null,""pr_daily_avg_review_latency_hours"":null,""lead_time_sample_size"":0}"
src_205D_timeseries,889,"{""project_key"":""virt-manager/virt-manager"",""date"":""2026-03-20"",""pr_opened_count_daily"":0,""pr_merged_count_daily"":0,""pr_closed_not_merged_daily"":0,""pr_active_daily"":16,""pr_daily_avg_lead_time_hours"":null,""pr_daily_median_lead_time_hours"":null,""pr_daily_avg_review_latency_hours"":null,""lead_time_sample_size"":0}"
src_205D_timeseries,890,"{""project_key"":""virt-manager/virt-manager"",""date"":""2026-03-21"",""pr_opened_count_daily"":0,""pr_merged_count_daily"":0,""pr_closed_not_merged_daily"":0,""pr_active_daily"":16,""pr_daily_avg_lead_time_hours"":null,""pr_daily_median_lead_time_hours"":null,""pr_daily_avg_review_latency_hours"":null,""lead_time_sample_size"":0}"
src_205D_timeseries,891,"{""project_key"":""virt-manager/virt-manager"",""date"":""2026-03-22"",""pr_opened_count_daily"":0,""pr_merged_count_daily"":0,""pr_closed_not_merged_daily"":0,""pr_active_daily"":16,""pr_daily_avg_lead_time_hours"":null,""pr_daily_median_lead_time_hours"":null,""pr_daily_avg_review_latency_hours"":null,""lead_time_sample_size"":0}"
src_205D_timeseries,892,"{""project_key"":""virt-manager/virt-manager"",""date"":""2026-03-23"",""pr_opened_count_daily"":1,""pr_merged_count_daily"":0,""pr_closed_not_merged_daily"":0,""pr_active_daily"":17,""pr_daily_avg_lead_time_hours"":null,""pr_daily_median_lead_time_hours"":null,""pr_daily_avg_review_latency_hours"":null,""lead_time_sample_size"":0}"
src_205D_timeseries,893,"{""project_key"":""virt-manager/virt-manager"",""date"":""2026-03-24"",""pr_opened_count_daily"":0,""pr_merged_count_daily"":0,""pr_closed_not_merged_daily"":0,""pr_active_daily"":17,""pr_daily_avg_lead_time_hours"":null,""pr_daily_median_lead_time_hours"":null,""pr_daily_avg_review_latency_hours"":null,""lead_time_sample_size"":0}"
src_205D_timeseries,894,"{""project_key"":""virt-manager/virt-manager"",""date"":""2026-03-25"",""pr_opened_count_daily"":0,""pr_merged_count_daily"":0,""pr_closed_not_merged_daily"":0,""pr_active_daily"":17,""pr_daily_avg_lead_time_hours"":null,""pr_daily_median_lead_time_hours"":null,""pr_daily_avg_review_latency_hours"":null,""lead_time_sample_size"":0}"
src_205D_timeseries,895,"{""project_key"":""virt-manager/virt-manager"",""date"":""2026-03-26"",""pr_opened_count_daily"":0,""pr_merged_count_daily"":2,""pr_closed_not_merged_daily"":2,""pr_active_daily"":13,""pr_daily_avg_lead_time_hours"":1024.9899,""pr_daily_median_lead_time_hours"":1024.9899,""pr_daily_avg_review_latency_hours"":null,""lead_time_sample_size"":2}"
src_205D_timeseries,896,"{""project_key"":""virt-manager/virt-manager"",""date"":""2026-03-27"",""pr_opened_count_daily"":1,""pr_merged_count_daily"":1,""pr_closed_not_merged_daily"":0,""pr_active_daily"":13,""pr_daily_avg_lead_time_hours"":0.5431,""pr_daily_median_lead_time_hours"":0.5431,""pr_daily_avg_review_latency_hours"":null,""lead_time_sample_size"":1}"
src_205D_timeseries,897,"{""project_key"":""virt-manager/virt-manager"",""date"":""2026-03-28"",""pr_opened_count_daily"":0,""pr_merged_count_daily"":0,""pr_closed_not_merged_daily"":0,""pr_active_daily"":13,""pr_daily_avg_lead_time_hours"":null,""pr_daily_median_lead_time_hours"":null,""pr_daily_avg_review_latency_hours"":null,""lead_time_sample_size"":0}"
src_205D_timeseries,898,"{""project_key"":""virt-manager/virt-manager"",""date"":""2026-03-29"",""pr_opened_count_daily"":0,""pr_merged_count_daily"":0,""pr_closed_not_merged_daily"":0,""pr_active_daily"":13,""pr_daily_avg_lead_time_hours"":null,""pr_daily_median_lead_time_hours"":null,""pr_daily_avg_review_latency_hours"":null,""lead_time_sample_size"":0}"
src_205D_timeseries,899,"{""project_key"":""virt-manager/virt-manager"",""date"":""2026-03-30"",""pr_opened_count_daily"":1,""pr_merged_count_daily"":1,""pr_closed_not_merged_daily"":0,""pr_active_daily"":13,""pr_daily_avg_lead_time_hours"":0.4319,""pr_daily_median_lead_time_hours"":0.4319,""pr_daily_avg_review_latency_hours"":null,""lead_time_sample_size"":1}"
src_205D_timeseries,900,"{""project_key"":""virt-manager/virt-manager"",""date"":""2026-03-31"",""pr_opened_count_daily"":1,""pr_merged_count_daily"":0,""pr_closed_not_merged_daily"":0,""pr_active_daily"":14,""pr_daily_avg_lead_time_hours"":null,""pr_daily_median_lead_time_hours"":null,""pr_daily_avg_review_latency_hours"":null,""lead_time_sample_size"":0}"
src_205D_timeseries,901,"{""project_key"":""xlenore/ps2-covers"",""date"":""2026-01-01"",""pr_opened_count_daily"":0,""pr_merged_count_daily"":0,""pr_closed_not_merged_daily"":0,""pr_active_daily"":6,""pr_daily_avg_lead_time_hours"":null,""pr_daily_median_lead_time_hours"":null,""pr_daily_avg_review_latency_hours"":null,""lead_time_sample_size"":0}"
src_205D_timeseries,902,"{""project_key"":""xlenore/ps2-covers"",""date"":""2026-01-02"",""pr_opened_count_daily"":0,""pr_merged_count_daily"":0,""pr_closed_not_merged_daily"":0,""pr_active_daily"":6,""pr_daily_avg_lead_time_hours"":null,""pr_daily_median_lead_time_hours"":null,""pr_daily_avg_review_latency_hours"":null,""lead_time_sample_size"":0}"
src_205D_timeseries,903,"{""project_key"":""xlenore/ps2-covers"",""date"":""2026-01-03"",""pr_opened_count_daily"":0,""pr_merged_count_daily"":0,""pr_closed_not_merged_daily"":0,""pr_active_daily"":6,""pr_daily_avg_lead_time_hours"":null,""pr_daily_median_lead_time_hours"":null,""pr_daily_avg_review_latency_hours"":null,""lead_time_sample_size"":0}"
src_205D_timeseries,904,"{""project_key"":""xlenore/ps2-covers"",""date"":""2026-01-04"",""pr_opened_count_daily"":0,""pr_merged_count_daily"":0,""pr_closed_not_merged_daily"":0,""pr_active_daily"":6,""pr_daily_avg_lead_time_hours"":null,""pr_daily_median_lead_time_hours"":null,""pr_daily_avg_review_latency_hours"":null,""lead_time_sample_size"":0}"
src_205D_timeseries,905,"{""project_key"":""xlenore/ps2-covers"",""date"":""2026-01-05"",""pr_opened_count_daily"":0,""pr_merged_count_daily"":0,""pr_closed_not_merged_daily"":0,""pr_active_daily"":6,""pr_daily_avg_lead_time_hours"":null,""pr_daily_median_lead_time_hours"":null,""pr_daily_avg_review_latency_hours"":null,""lead_time_sample_size"":0}"
src_205D_timeseries,906,"{""project_key"":""xlenore/ps2-covers"",""date"":""2026-01-06"",""pr_opened_count_daily"":0,""pr_merged_count_daily"":0,""pr_closed_not_merged_daily"":0,""pr_active_daily"":6,""pr_daily_avg_lead_time_hours"":null,""pr_daily_median_lead_time_hours"":null,""pr_daily_avg_review_latency_hours"":null,""lead_time_sample_size"":0}"
src_205D_timeseries,907,"{""project_key"":""xlenore/ps2-covers"",""date"":""2026-01-07"",""pr_opened_count_daily"":0,""pr_merged_count_daily"":0,""pr_closed_not_merged_daily"":0,""pr_active_daily"":6,""pr_daily_avg_lead_time_hours"":null,""pr_daily_median_lead_time_hours"":null,""pr_daily_avg_review_latency_hours"":null,""lead_time_sample_size"":0}"
src_205D_timeseries,908,"{""project_key"":""xlenore/ps2-covers"",""date"":""2026-01-08"",""pr_opened_count_daily"":0,""pr_merged_count_daily"":0,""pr_closed_not_merged_daily"":0,""pr_active_daily"":6,""pr_daily_avg_lead_time_hours"":null,""pr_daily_median_lead_time_hours"":null,""pr_daily_avg_review_latency_hours"":null,""lead_time_sample_size"":0}"
src_205D_timeseries,909,"{""project_key"":""xlenore/ps2-covers"",""date"":""2026-01-09"",""pr_opened_count_daily"":0,""pr_merged_count_daily"":0,""pr_closed_not_merged_daily"":0,""pr_active_daily"":6,""pr_daily_avg_lead_time_hours"":null,""pr_daily_median_lead_time_hours"":null,""pr_daily_avg_review_latency_hours"":null,""lead_time_sample_size"":0}"
src_205D_timeseries,910,"{""project_key"":""xlenore/ps2-covers"",""date"":""2026-01-10"",""pr_opened_count_daily"":0,""pr_merged_count_daily"":0,""pr_closed_not_merged_daily"":0,""pr_active_daily"":6,""pr_daily_avg_lead_time_hours"":null,""pr_daily_median_lead_time_hours"":null,""pr_daily_avg_review_latency_hours"":null,""lead_time_sample_size"":0}"
src_205D_timeseries,911,"{""project_key"":""xlenore/ps2-covers"",""date"":""2026-01-11"",""pr_opened_count_daily"":0,""pr_merged_count_daily"":6,""pr_closed_not_merged_daily"":0,""pr_active_daily"":0,""pr_daily_avg_lead_time_hours"":1037.3952,""pr_daily_median_lead_time_hours"":1077.6674,""pr_daily_avg_review_latency_hours"":null,""lead_time_sample_size"":6}"
src_205D_timeseries,912,"{""project_key"":""xlenore/ps2-covers"",""date"":""2026-01-12"",""pr_opened_count_daily"":0,""pr_merged_count_daily"":0,""pr_closed_not_merged_daily"":0,""pr_active_daily"":0,""pr_daily_avg_lead_time_hours"":null,""pr_daily_median_lead_time_hours"":null,""pr_daily_avg_review_latency_hours"":null,""lead_time_sample_size"":0}"
src_205D_timeseries,913,"{""project_key"":""xlenore/ps2-covers"",""date"":""2026-01-13"",""pr_opened_count_daily"":0,""pr_merged_count_daily"":0,""pr_closed_not_merged_daily"":0,""pr_active_daily"":0,""pr_daily_avg_lead_time_hours"":null,""pr_daily_median_lead_time_hours"":null,""pr_daily_avg_review_latency_hours"":null,""lead_time_sample_size"":0}"
src_205D_timeseries,914,"{""project_key"":""xlenore/ps2-covers"",""date"":""2026-01-14"",""pr_opened_count_daily"":0,""pr_merged_count_daily"":0,""pr_closed_not_merged_daily"":0,""pr_active_daily"":0,""pr_daily_avg_lead_time_hours"":null,""pr_daily_median_lead_time_hours"":null,""pr_daily_avg_review_latency_hours"":null,""lead_time_sample_size"":0}"
src_205D_timeseries,915,"{""project_key"":""xlenore/ps2-covers"",""date"":""2026-01-15"",""pr_opened_count_daily"":0,""pr_merged_count_daily"":0,""pr_closed_not_merged_daily"":0,""pr_active_daily"":0,""pr_daily_avg_lead_time_hours"":null,""pr_daily_median_lead_time_hours"":null,""pr_daily_avg_review_latency_hours"":null,""lead_time_sample_size"":0}"
src_205D_timeseries,916,"{""project_key"":""xlenore/ps2-covers"",""date"":""2026-01-16"",""pr_opened_count_daily"":0,""pr_merged_count_daily"":0,""pr_closed_not_merged_daily"":0,""pr_active_daily"":0,""pr_daily_avg_lead_time_hours"":null,""pr_daily_median_lead_time_hours"":null,""pr_daily_avg_review_latency_hours"":null,""lead_time_sample_size"":0}"
src_205D_timeseries,917,"{""project_key"":""xlenore/ps2-covers"",""date"":""2026-01-17"",""pr_opened_count_daily"":0,""pr_merged_count_daily"":0,""pr_closed_not_merged_daily"":0,""pr_active_daily"":0,""pr_daily_avg_lead_time_hours"":null,""pr_daily_median_lead_time_hours"":null,""pr_daily_avg_review_latency_hours"":null,""lead_time_sample_size"":0}"
src_205D_timeseries,918,"{""project_key"":""xlenore/ps2-covers"",""date"":""2026-01-18"",""pr_opened_count_daily"":0,""pr_merged_count_daily"":0,""pr_closed_not_merged_daily"":0,""pr_active_daily"":0,""pr_daily_avg_lead_time_hours"":null,""pr_daily_median_lead_time_hours"":null,""pr_daily_avg_review_latency_hours"":null,""lead_time_sample_size"":0}"
src_205D_timeseries,919,"{""project_key"":""xlenore/ps2-covers"",""date"":""2026-01-19"",""pr_opened_count_daily"":0,""pr_merged_count_daily"":0,""pr_closed_not_merged_daily"":0,""pr_active_daily"":0,""pr_daily_avg_lead_time_hours"":null,""pr_daily_median_lead_time_hours"":null,""pr_daily_avg_review_latency_hours"":null,""lead_time_sample_size"":0}"
src_205D_timeseries,920,"{""project_key"":""xlenore/ps2-covers"",""date"":""2026-01-20"",""pr_opened_count_daily"":0,""pr_merged_count_daily"":0,""pr_closed_not_merged_daily"":0,""pr_active_daily"":0,""pr_daily_avg_lead_time_hours"":null,""pr_daily_median_lead_time_hours"":null,""pr_daily_avg_review_latency_hours"":null,""lead_time_sample_size"":0}"
src_205D_timeseries,921,"{""project_key"":""xlenore/ps2-covers"",""date"":""2026-01-21"",""pr_opened_count_daily"":0,""pr_merged_count_daily"":0,""pr_closed_not_merged_daily"":0,""pr_active_daily"":0,""pr_daily_avg_lead_time_hours"":null,""pr_daily_median_lead_time_hours"":null,""pr_daily_avg_review_latency_hours"":null,""lead_time_sample_size"":0}"
src_205D_timeseries,922,"{""project_key"":""xlenore/ps2-covers"",""date"":""2026-01-22"",""pr_opened_count_daily"":0,""pr_merged_count_daily"":0,""pr_closed_not_merged_daily"":0,""pr_active_daily"":0,""pr_daily_avg_lead_time_hours"":null,""pr_daily_median_lead_time_hours"":null,""pr_daily_avg_review_latency_hours"":null,""lead_time_sample_size"":0}"
src_205D_timeseries,923,"{""project_key"":""xlenore/ps2-covers"",""date"":""2026-01-23"",""pr_opened_count_daily"":0,""pr_merged_count_daily"":0,""pr_closed_not_merged_daily"":0,""pr_active_daily"":0,""pr_daily_avg_lead_time_hours"":null,""pr_daily_median_lead_time_hours"":null,""pr_daily_avg_review_latency_hours"":null,""lead_time_sample_size"":0}"
src_205D_timeseries,924,"{""project_key"":""xlenore/ps2-covers"",""date"":""2026-01-24"",""pr_opened_count_daily"":0,""pr_merged_count_daily"":0,""pr_closed_not_merged_daily"":0,""pr_active_daily"":0,""pr_daily_avg_lead_time_hours"":null,""pr_daily_median_lead_time_hours"":null,""pr_daily_avg_review_latency_hours"":null,""lead_time_sample_size"":0}"
src_205D_timeseries,925,"{""project_key"":""xlenore/ps2-covers"",""date"":""2026-01-25"",""pr_opened_count_daily"":0,""pr_merged_count_daily"":0,""pr_closed_not_merged_daily"":0,""pr_active_daily"":0,""pr_daily_avg_lead_time_hours"":null,""pr_daily_median_lead_time_hours"":null,""pr_daily_avg_review_latency_hours"":null,""lead_time_sample_size"":0}"
src_205D_timeseries,926,"{""project_key"":""xlenore/ps2-covers"",""date"":""2026-01-26"",""pr_opened_count_daily"":0,""pr_merged_count_daily"":0,""pr_closed_not_merged_daily"":0,""pr_active_daily"":0,""pr_daily_avg_lead_time_hours"":null,""pr_daily_median_lead_time_hours"":null,""pr_daily_avg_review_latency_hours"":null,""lead_time_sample_size"":0}"
src_205D_timeseries,927,"{""project_key"":""xlenore/ps2-covers"",""date"":""2026-01-27"",""pr_opened_count_daily"":0,""pr_merged_count_daily"":0,""pr_closed_not_merged_daily"":0,""pr_active_daily"":0,""pr_daily_avg_lead_time_hours"":null,""pr_daily_median_lead_time_hours"":null,""pr_daily_avg_review_latency_hours"":null,""lead_time_sample_size"":0}"
src_205D_timeseries,928,"{""project_key"":""xlenore/ps2-covers"",""date"":""2026-01-28"",""pr_opened_count_daily"":0,""pr_merged_count_daily"":0,""pr_closed_not_merged_daily"":0,""pr_active_daily"":0,""pr_daily_avg_lead_time_hours"":null,""pr_daily_median_lead_time_hours"":null,""pr_daily_avg_review_latency_hours"":null,""lead_time_sample_size"":0}"
src_205D_timeseries,929,"{""project_key"":""xlenore/ps2-covers"",""date"":""2026-01-29"",""pr_opened_count_daily"":0,""pr_merged_count_daily"":0,""pr_closed_not_merged_daily"":0,""pr_active_daily"":0,""pr_daily_avg_lead_time_hours"":null,""pr_daily_median_lead_time_hours"":null,""pr_daily_avg_review_latency_hours"":null,""lead_time_sample_size"":0}"
src_205D_timeseries,930,"{""project_key"":""xlenore/ps2-covers"",""date"":""2026-01-30"",""pr_opened_count_daily"":0,""pr_merged_count_daily"":0,""pr_closed_not_merged_daily"":0,""pr_active_daily"":0,""pr_daily_avg_lead_time_hours"":null,""pr_daily_median_lead_time_hours"":null,""pr_daily_avg_review_latency_hours"":null,""lead_time_sample_size"":0}"
src_205D_timeseries,931,"{""project_key"":""xlenore/ps2-covers"",""date"":""2026-01-31"",""pr_opened_count_daily"":0,""pr_merged_count_daily"":0,""pr_closed_not_merged_daily"":0,""pr_active_daily"":0,""pr_daily_avg_lead_time_hours"":null,""pr_daily_median_lead_time_hours"":null,""pr_daily_avg_review_latency_hours"":null,""lead_time_sample_size"":0}"
src_205D_timeseries,932,"{""project_key"":""xlenore/ps2-covers"",""date"":""2026-02-01"",""pr_opened_count_daily"":1,""pr_merged_count_daily"":0,""pr_closed_not_merged_daily"":0,""pr_active_daily"":1,""pr_daily_avg_lead_time_hours"":null,""pr_daily_median_lead_time_hours"":null,""pr_daily_avg_review_latency_hours"":null,""lead_time_sample_size"":0}"
src_205D_timeseries,933,"{""project_key"":""xlenore/ps2-covers"",""date"":""2026-02-02"",""pr_opened_count_daily"":0,""pr_merged_count_daily"":0,""pr_closed_not_merged_daily"":0,""pr_active_daily"":1,""pr_daily_avg_lead_time_hours"":null,""pr_daily_median_lead_time_hours"":null,""pr_daily_avg_review_latency_hours"":null,""lead_time_sample_size"":0}"
src_205D_timeseries,934,"{""project_key"":""xlenore/ps2-covers"",""date"":""2026-02-03"",""pr_opened_count_daily"":0,""pr_merged_count_daily"":0,""pr_closed_not_merged_daily"":0,""pr_active_daily"":1,""pr_daily_avg_lead_time_hours"":null,""pr_daily_median_lead_time_hours"":null,""pr_daily_avg_review_latency_hours"":null,""lead_time_sample_size"":0}"
src_205D_timeseries,935,"{""project_key"":""xlenore/ps2-covers"",""date"":""2026-02-04"",""pr_opened_count_daily"":0,""pr_merged_count_daily"":0,""pr_closed_not_merged_daily"":0,""pr_active_daily"":1,""pr_daily_avg_lead_time_hours"":null,""pr_daily_median_lead_time_hours"":null,""pr_daily_avg_review_latency_hours"":null,""lead_time_sample_size"":0}"
src_205D_timeseries,936,"{""project_key"":""xlenore/ps2-covers"",""date"":""2026-02-05"",""pr_opened_count_daily"":0,""pr_merged_count_daily"":0,""pr_closed_not_merged_daily"":0,""pr_active_daily"":1,""pr_daily_avg_lead_time_hours"":null,""pr_daily_median_lead_time_hours"":null,""pr_daily_avg_review_latency_hours"":null,""lead_time_sample_size"":0}"
src_205D_timeseries,937,"{""project_key"":""xlenore/ps2-covers"",""date"":""2026-02-06"",""pr_opened_count_daily"":0,""pr_merged_count_daily"":0,""pr_closed_not_merged_daily"":0,""pr_active_daily"":1,""pr_daily_avg_lead_time_hours"":null,""pr_daily_median_lead_time_hours"":null,""pr_daily_avg_review_latency_hours"":null,""lead_time_sample_size"":0}"
src_205D_timeseries,938,"{""project_key"":""xlenore/ps2-covers"",""date"":""2026-02-07"",""pr_opened_count_daily"":0,""pr_merged_count_daily"":0,""pr_closed_not_merged_daily"":0,""pr_active_daily"":1,""pr_daily_avg_lead_time_hours"":null,""pr_daily_median_lead_time_hours"":null,""pr_daily_avg_review_latency_hours"":null,""lead_time_sample_size"":0}"
src_205D_timeseries,939,"{""project_key"":""xlenore/ps2-covers"",""date"":""2026-02-08"",""pr_opened_count_daily"":0,""pr_merged_count_daily"":0,""pr_closed_not_merged_daily"":0,""pr_active_daily"":1,""pr_daily_avg_lead_time_hours"":null,""pr_daily_median_lead_time_hours"":null,""pr_daily_avg_review_latency_hours"":null,""lead_time_sample_size"":0}"
src_205D_timeseries,940,"{""project_key"":""xlenore/ps2-covers"",""date"":""2026-02-09"",""pr_opened_count_daily"":0,""pr_merged_count_daily"":0,""pr_closed_not_merged_daily"":0,""pr_active_daily"":1,""pr_daily_avg_lead_time_hours"":null,""pr_daily_median_lead_time_hours"":null,""pr_daily_avg_review_latency_hours"":null,""lead_time_sample_size"":0}"
src_205D_timeseries,941,"{""project_key"":""xlenore/ps2-covers"",""date"":""2026-02-10"",""pr_opened_count_daily"":0,""pr_merged_count_daily"":0,""pr_closed_not_merged_daily"":0,""pr_active_daily"":1,""pr_daily_avg_lead_time_hours"":null,""pr_daily_median_lead_time_hours"":null,""pr_daily_avg_review_latency_hours"":null,""lead_time_sample_size"":0}"
src_205D_timeseries,942,"{""project_key"":""xlenore/ps2-covers"",""date"":""2026-02-11"",""pr_opened_count_daily"":0,""pr_merged_count_daily"":0,""pr_closed_not_merged_daily"":0,""pr_active_daily"":1,""pr_daily_avg_lead_time_hours"":null,""pr_daily_median_lead_time_hours"":null,""pr_daily_avg_review_latency_hours"":null,""lead_time_sample_size"":0}"
src_205D_timeseries,943,"{""project_key"":""xlenore/ps2-covers"",""date"":""2026-02-12"",""pr_opened_count_daily"":0,""pr_merged_count_daily"":0,""pr_closed_not_merged_daily"":0,""pr_active_daily"":1,""pr_daily_avg_lead_time_hours"":null,""pr_daily_median_lead_time_hours"":null,""pr_daily_avg_review_latency_hours"":null,""lead_time_sample_size"":0}"
src_205D_timeseries,944,"{""project_key"":""xlenore/ps2-covers"",""date"":""2026-02-13"",""pr_opened_count_daily"":0,""pr_merged_count_daily"":0,""pr_closed_not_merged_daily"":0,""pr_active_daily"":1,""pr_daily_avg_lead_time_hours"":null,""pr_daily_median_lead_time_hours"":null,""pr_daily_avg_review_latency_hours"":null,""lead_time_sample_size"":0}"
src_205D_timeseries,945,"{""project_key"":""xlenore/ps2-covers"",""date"":""2026-02-14"",""pr_opened_count_daily"":0,""pr_merged_count_daily"":0,""pr_closed_not_merged_daily"":0,""pr_active_daily"":1,""pr_daily_avg_lead_time_hours"":null,""pr_daily_median_lead_time_hours"":null,""pr_daily_avg_review_latency_hours"":null,""lead_time_sample_size"":0}"
src_205D_timeseries,946,"{""project_key"":""xlenore/ps2-covers"",""date"":""2026-02-15"",""pr_opened_count_daily"":0,""pr_merged_count_daily"":0,""pr_closed_not_merged_daily"":0,""pr_active_daily"":1,""pr_daily_avg_lead_time_hours"":null,""pr_daily_median_lead_time_hours"":null,""pr_daily_avg_review_latency_hours"":null,""lead_time_sample_size"":0}"
src_205D_timeseries,947,"{""project_key"":""xlenore/ps2-covers"",""date"":""2026-02-16"",""pr_opened_count_daily"":0,""pr_merged_count_daily"":0,""pr_closed_not_merged_daily"":0,""pr_active_daily"":1,""pr_daily_avg_lead_time_hours"":null,""pr_daily_median_lead_time_hours"":null,""pr_daily_avg_review_latency_hours"":null,""lead_time_sample_size"":0}"
src_205D_timeseries,948,"{""project_key"":""xlenore/ps2-covers"",""date"":""2026-02-17"",""pr_opened_count_daily"":0,""pr_merged_count_daily"":0,""pr_closed_not_merged_daily"":0,""pr_active_daily"":1,""pr_daily_avg_lead_time_hours"":null,""pr_daily_median_lead_time_hours"":null,""pr_daily_avg_review_latency_hours"":null,""lead_time_sample_size"":0}"
src_205D_timeseries,949,"{""project_key"":""xlenore/ps2-covers"",""date"":""2026-02-18"",""pr_opened_count_daily"":1,""pr_merged_count_daily"":0,""pr_closed_not_merged_daily"":0,""pr_active_daily"":2,""pr_daily_avg_lead_time_hours"":null,""pr_daily_median_lead_time_hours"":null,""pr_daily_avg_review_latency_hours"":null,""lead_time_sample_size"":0}"
src_205D_timeseries,950,"{""project_key"":""xlenore/ps2-covers"",""date"":""2026-02-19"",""pr_opened_count_daily"":0,""pr_merged_count_daily"":0,""pr_closed_not_merged_daily"":0,""pr_active_daily"":2,""pr_daily_avg_lead_time_hours"":null,""pr_daily_median_lead_time_hours"":null,""pr_daily_avg_review_latency_hours"":null,""lead_time_sample_size"":0}"
src_205D_timeseries,951,"{""project_key"":""xlenore/ps2-covers"",""date"":""2026-02-20"",""pr_opened_count_daily"":0,""pr_merged_count_daily"":0,""pr_closed_not_merged_daily"":0,""pr_active_daily"":2,""pr_daily_avg_lead_time_hours"":null,""pr_daily_median_lead_time_hours"":null,""pr_daily_avg_review_latency_hours"":null,""lead_time_sample_size"":0}"
src_205D_timeseries,952,"{""project_key"":""xlenore/ps2-covers"",""date"":""2026-02-21"",""pr_opened_count_daily"":0,""pr_merged_count_daily"":0,""pr_closed_not_merged_daily"":0,""pr_active_daily"":2,""pr_daily_avg_lead_time_hours"":null,""pr_daily_median_lead_time_hours"":null,""pr_daily_avg_review_latency_hours"":null,""lead_time_sample_size"":0}"
src_205D_timeseries,953,"{""project_key"":""xlenore/ps2-covers"",""date"":""2026-02-22"",""pr_opened_count_daily"":0,""pr_merged_count_daily"":0,""pr_closed_not_merged_daily"":0,""pr_active_daily"":2,""pr_daily_avg_lead_time_hours"":null,""pr_daily_median_lead_time_hours"":null,""pr_daily_avg_review_latency_hours"":null,""lead_time_sample_size"":0}"
src_205D_timeseries,954,"{""project_key"":""xlenore/ps2-covers"",""date"":""2026-02-23"",""pr_opened_count_daily"":0,""pr_merged_count_daily"":0,""pr_closed_not_merged_daily"":0,""pr_active_daily"":2,""pr_daily_avg_lead_time_hours"":null,""pr_daily_median_lead_time_hours"":null,""pr_daily_avg_review_latency_hours"":null,""lead_time_sample_size"":0}"
src_205D_timeseries,955,"{""project_key"":""xlenore/ps2-covers"",""date"":""2026-02-24"",""pr_opened_count_daily"":0,""pr_merged_count_daily"":0,""pr_closed_not_merged_daily"":0,""pr_active_daily"":2,""pr_daily_avg_lead_time_hours"":null,""pr_daily_median_lead_time_hours"":null,""pr_daily_avg_review_latency_hours"":null,""lead_time_sample_size"":0}"
src_205D_timeseries,956,"{""project_key"":""xlenore/ps2-covers"",""date"":""2026-02-25"",""pr_opened_count_daily"":0,""pr_merged_count_daily"":0,""pr_closed_not_merged_daily"":0,""pr_active_daily"":2,""pr_daily_avg_lead_time_hours"":null,""pr_daily_median_lead_time_hours"":null,""pr_daily_avg_review_latency_hours"":null,""lead_time_sample_size"":0}"
src_205D_timeseries,957,"{""project_key"":""xlenore/ps2-covers"",""date"":""2026-02-26"",""pr_opened_count_daily"":0,""pr_merged_count_daily"":0,""pr_closed_not_merged_daily"":0,""pr_active_daily"":2,""pr_daily_avg_lead_time_hours"":null,""pr_daily_median_lead_time_hours"":null,""pr_daily_avg_review_latency_hours"":null,""lead_time_sample_size"":0}"
src_205D_timeseries,958,"{""project_key"":""xlenore/ps2-covers"",""date"":""2026-02-27"",""pr_opened_count_daily"":0,""pr_merged_count_daily"":0,""pr_closed_not_merged_daily"":0,""pr_active_daily"":2,""pr_daily_avg_lead_time_hours"":null,""pr_daily_median_lead_time_hours"":null,""pr_daily_avg_review_latency_hours"":null,""lead_time_sample_size"":0}"
src_205D_timeseries,959,"{""project_key"":""xlenore/ps2-covers"",""date"":""2026-02-28"",""pr_opened_count_daily"":1,""pr_merged_count_daily"":0,""pr_closed_not_merged_daily"":0,""pr_active_daily"":3,""pr_daily_avg_lead_time_hours"":null,""pr_daily_median_lead_time_hours"":null,""pr_daily_avg_review_latency_hours"":null,""lead_time_sample_size"":0}"
src_205D_timeseries,960,"{""project_key"":""xlenore/ps2-covers"",""date"":""2026-03-01"",""pr_opened_count_daily"":0,""pr_merged_count_daily"":0,""pr_closed_not_merged_daily"":0,""pr_active_daily"":3,""pr_daily_avg_lead_time_hours"":null,""pr_daily_median_lead_time_hours"":null,""pr_daily_avg_review_latency_hours"":null,""lead_time_sample_size"":0}"
src_205D_timeseries,961,"{""project_key"":""xlenore/ps2-covers"",""date"":""2026-03-02"",""pr_opened_count_daily"":0,""pr_merged_count_daily"":0,""pr_closed_not_merged_daily"":0,""pr_active_daily"":3,""pr_daily_avg_lead_time_hours"":null,""pr_daily_median_lead_time_hours"":null,""pr_daily_avg_review_latency_hours"":null,""lead_time_sample_size"":0}"
src_205D_timeseries,962,"{""project_key"":""xlenore/ps2-covers"",""date"":""2026-03-03"",""pr_opened_count_daily"":0,""pr_merged_count_daily"":0,""pr_closed_not_merged_daily"":0,""pr_active_daily"":3,""pr_daily_avg_lead_time_hours"":null,""pr_daily_median_lead_time_hours"":null,""pr_daily_avg_review_latency_hours"":null,""lead_time_sample_size"":0}"
src_205D_timeseries,963,"{""project_key"":""xlenore/ps2-covers"",""date"":""2026-03-04"",""pr_opened_count_daily"":0,""pr_merged_count_daily"":0,""pr_closed_not_merged_daily"":0,""pr_active_daily"":3,""pr_daily_avg_lead_time_hours"":null,""pr_daily_median_lead_time_hours"":null,""pr_daily_avg_review_latency_hours"":null,""lead_time_sample_size"":0}"
src_205D_timeseries,964,"{""project_key"":""xlenore/ps2-covers"",""date"":""2026-03-05"",""pr_opened_count_daily"":0,""pr_merged_count_daily"":0,""pr_closed_not_merged_daily"":0,""pr_active_daily"":3,""pr_daily_avg_lead_time_hours"":null,""pr_daily_median_lead_time_hours"":null,""pr_daily_avg_review_latency_hours"":null,""lead_time_sample_size"":0}"
src_205D_timeseries,965,"{""project_key"":""xlenore/ps2-covers"",""date"":""2026-03-06"",""pr_opened_count_daily"":0,""pr_merged_count_daily"":0,""pr_closed_not_merged_daily"":0,""pr_active_daily"":3,""pr_daily_avg_lead_time_hours"":null,""pr_daily_median_lead_time_hours"":null,""pr_daily_avg_review_latency_hours"":null,""lead_time_sample_size"":0}"
src_205D_timeseries,966,"{""project_key"":""xlenore/ps2-covers"",""date"":""2026-03-07"",""pr_opened_count_daily"":1,""pr_merged_count_daily"":0,""pr_closed_not_merged_daily"":0,""pr_active_daily"":4,""pr_daily_avg_lead_time_hours"":null,""pr_daily_median_lead_time_hours"":null,""pr_daily_avg_review_latency_hours"":null,""lead_time_sample_size"":0}"
src_205D_timeseries,967,"{""project_key"":""xlenore/ps2-covers"",""date"":""2026-03-08"",""pr_opened_count_daily"":0,""pr_merged_count_daily"":0,""pr_closed_not_merged_daily"":0,""pr_active_daily"":4,""pr_daily_avg_lead_time_hours"":null,""pr_daily_median_lead_time_hours"":null,""pr_daily_avg_review_latency_hours"":null,""lead_time_sample_size"":0}"
src_205D_timeseries,968,"{""project_key"":""xlenore/ps2-covers"",""date"":""2026-03-09"",""pr_opened_count_daily"":0,""pr_merged_count_daily"":0,""pr_closed_not_merged_daily"":0,""pr_active_daily"":4,""pr_daily_avg_lead_time_hours"":null,""pr_daily_median_lead_time_hours"":null,""pr_daily_avg_review_latency_hours"":null,""lead_time_sample_size"":0}"
src_205D_timeseries,969,"{""project_key"":""xlenore/ps2-covers"",""date"":""2026-03-10"",""pr_opened_count_daily"":0,""pr_merged_count_daily"":0,""pr_closed_not_merged_daily"":0,""pr_active_daily"":4,""pr_daily_avg_lead_time_hours"":null,""pr_daily_median_lead_time_hours"":null,""pr_daily_avg_review_latency_hours"":null,""lead_time_sample_size"":0}"
src_205D_timeseries,970,"{""project_key"":""xlenore/ps2-covers"",""date"":""2026-03-11"",""pr_opened_count_daily"":0,""pr_merged_count_daily"":0,""pr_closed_not_merged_daily"":0,""pr_active_daily"":4,""pr_daily_avg_lead_time_hours"":null,""pr_daily_median_lead_time_hours"":null,""pr_daily_avg_review_latency_hours"":null,""lead_time_sample_size"":0}"
src_205D_timeseries,971,"{""project_key"":""xlenore/ps2-covers"",""date"":""2026-03-12"",""pr_opened_count_daily"":0,""pr_merged_count_daily"":0,""pr_closed_not_merged_daily"":0,""pr_active_daily"":4,""pr_daily_avg_lead_time_hours"":null,""pr_daily_median_lead_time_hours"":null,""pr_daily_avg_review_latency_hours"":null,""lead_time_sample_size"":0}"
src_205D_timeseries,972,"{""project_key"":""xlenore/ps2-covers"",""date"":""2026-03-13"",""pr_opened_count_daily"":0,""pr_merged_count_daily"":0,""pr_closed_not_merged_daily"":0,""pr_active_daily"":4,""pr_daily_avg_lead_time_hours"":null,""pr_daily_median_lead_time_hours"":null,""pr_daily_avg_review_latency_hours"":null,""lead_time_sample_size"":0}"
src_205D_timeseries,973,"{""project_key"":""xlenore/ps2-covers"",""date"":""2026-03-14"",""pr_opened_count_daily"":0,""pr_merged_count_daily"":0,""pr_closed_not_merged_daily"":0,""pr_active_daily"":4,""pr_daily_avg_lead_time_hours"":null,""pr_daily_median_lead_time_hours"":null,""pr_daily_avg_review_latency_hours"":null,""lead_time_sample_size"":0}"
src_205D_timeseries,974,"{""project_key"":""xlenore/ps2-covers"",""date"":""2026-03-15"",""pr_opened_count_daily"":0,""pr_merged_count_daily"":4,""pr_closed_not_merged_daily"":0,""pr_active_daily"":0,""pr_daily_avg_lead_time_hours"":553.9598,""pr_daily_median_lead_time_hours"":489.6943,""pr_daily_avg_review_latency_hours"":null,""lead_time_sample_size"":4}"
src_205D_timeseries,975,"{""project_key"":""xlenore/ps2-covers"",""date"":""2026-03-16"",""pr_opened_count_daily"":0,""pr_merged_count_daily"":0,""pr_closed_not_merged_daily"":0,""pr_active_daily"":0,""pr_daily_avg_lead_time_hours"":null,""pr_daily_median_lead_time_hours"":null,""pr_daily_avg_review_latency_hours"":null,""lead_time_sample_size"":0}"
src_205D_timeseries,976,"{""project_key"":""xlenore/ps2-covers"",""date"":""2026-03-17"",""pr_opened_count_daily"":0,""pr_merged_count_daily"":0,""pr_closed_not_merged_daily"":0,""pr_active_daily"":0,""pr_daily_avg_lead_time_hours"":null,""pr_daily_median_lead_time_hours"":null,""pr_daily_avg_review_latency_hours"":null,""lead_time_sample_size"":0}"
src_205D_timeseries,977,"{""project_key"":""xlenore/ps2-covers"",""date"":""2026-03-18"",""pr_opened_count_daily"":0,""pr_merged_count_daily"":0,""pr_closed_not_merged_daily"":0,""pr_active_daily"":0,""pr_daily_avg_lead_time_hours"":null,""pr_daily_median_lead_time_hours"":null,""pr_daily_avg_review_latency_hours"":null,""lead_time_sample_size"":0}"
src_205D_timeseries,978,"{""project_key"":""xlenore/ps2-covers"",""date"":""2026-03-19"",""pr_opened_count_daily"":1,""pr_merged_count_daily"":0,""pr_closed_not_merged_daily"":0,""pr_active_daily"":1,""pr_daily_avg_lead_time_hours"":null,""pr_daily_median_lead_time_hours"":null,""pr_daily_avg_review_latency_hours"":null,""lead_time_sample_size"":0}"
src_205D_timeseries,979,"{""project_key"":""xlenore/ps2-covers"",""date"":""2026-03-20"",""pr_opened_count_daily"":0,""pr_merged_count_daily"":0,""pr_closed_not_merged_daily"":0,""pr_active_daily"":1,""pr_daily_avg_lead_time_hours"":null,""pr_daily_median_lead_time_hours"":null,""pr_daily_avg_review_latency_hours"":null,""lead_time_sample_size"":0}"
src_205D_timeseries,980,"{""project_key"":""xlenore/ps2-covers"",""date"":""2026-03-21"",""pr_opened_count_daily"":0,""pr_merged_count_daily"":1,""pr_closed_not_merged_daily"":0,""pr_active_daily"":0,""pr_daily_avg_lead_time_hours"":58.8536,""pr_daily_median_lead_time_hours"":58.8536,""pr_daily_avg_review_latency_hours"":null,""lead_time_sample_size"":1}"
src_205D_timeseries,981,"{""project_key"":""xlenore/ps2-covers"",""date"":""2026-03-22"",""pr_opened_count_daily"":0,""pr_merged_count_daily"":0,""pr_closed_not_merged_daily"":0,""pr_active_daily"":0,""pr_daily_avg_lead_time_hours"":null,""pr_daily_median_lead_time_hours"":null,""pr_daily_avg_review_latency_hours"":null,""lead_time_sample_size"":0}"
src_205D_timeseries,982,"{""project_key"":""xlenore/ps2-covers"",""date"":""2026-03-23"",""pr_opened_count_daily"":0,""pr_merged_count_daily"":0,""pr_closed_not_merged_daily"":0,""pr_active_daily"":0,""pr_daily_avg_lead_time_hours"":null,""pr_daily_median_lead_time_hours"":null,""pr_daily_avg_review_latency_hours"":null,""lead_time_sample_size"":0}"
src_205D_timeseries,983,"{""project_key"":""xlenore/ps2-covers"",""date"":""2026-03-24"",""pr_opened_count_daily"":0,""pr_merged_count_daily"":0,""pr_closed_not_merged_daily"":0,""pr_active_daily"":0,""pr_daily_avg_lead_time_hours"":null,""pr_daily_median_lead_time_hours"":null,""pr_daily_avg_review_latency_hours"":null,""lead_time_sample_size"":0}"
src_205D_timeseries,984,"{""project_key"":""xlenore/ps2-covers"",""date"":""2026-03-25"",""pr_opened_count_daily"":0,""pr_merged_count_daily"":0,""pr_closed_not_merged_daily"":0,""pr_active_daily"":0,""pr_daily_avg_lead_time_hours"":null,""pr_daily_median_lead_time_hours"":null,""pr_daily_avg_review_latency_hours"":null,""lead_time_sample_size"":0}"
src_205D_timeseries,985,"{""project_key"":""xlenore/ps2-covers"",""date"":""2026-03-26"",""pr_opened_count_daily"":0,""pr_merged_count_daily"":0,""pr_closed_not_merged_daily"":0,""pr_active_daily"":0,""pr_daily_avg_lead_time_hours"":null,""pr_daily_median_lead_time_hours"":null,""pr_daily_avg_review_latency_hours"":null,""lead_time_sample_size"":0}"
src_205D_timeseries,986,"{""project_key"":""xlenore/ps2-covers"",""date"":""2026-03-27"",""pr_opened_count_daily"":0,""pr_merged_count_daily"":0,""pr_closed_not_merged_daily"":0,""pr_active_daily"":0,""pr_daily_avg_lead_time_hours"":null,""pr_daily_median_lead_time_hours"":null,""pr_daily_avg_review_latency_hours"":null,""lead_time_sample_size"":0}"
src_205D_timeseries,987,"{""project_key"":""xlenore/ps2-covers"",""date"":""2026-03-28"",""pr_opened_count_daily"":0,""pr_merged_count_daily"":0,""pr_closed_not_merged_daily"":0,""pr_active_daily"":0,""pr_daily_avg_lead_time_hours"":null,""pr_daily_median_lead_time_hours"":null,""pr_daily_avg_review_latency_hours"":null,""lead_time_sample_size"":0}"
src_205D_timeseries,988,"{""project_key"":""xlenore/ps2-covers"",""date"":""2026-03-29"",""pr_opened_count_daily"":0,""pr_merged_count_daily"":0,""pr_closed_not_merged_daily"":0,""pr_active_daily"":0,""pr_daily_avg_lead_time_hours"":null,""pr_daily_median_lead_time_hours"":null,""pr_daily_avg_review_latency_hours"":null,""lead_time_sample_size"":0}"
src_205D_timeseries,989,"{""project_key"":""xlenore/ps2-covers"",""date"":""2026-03-30"",""pr_opened_count_daily"":0,""pr_merged_count_daily"":0,""pr_closed_not_merged_daily"":0,""pr_active_daily"":0,""pr_daily_avg_lead_time_hours"":null,""pr_daily_median_lead_time_hours"":null,""pr_daily_avg_review_latency_hours"":null,""lead_time_sample_size"":0}"
src_205D_timeseries,990,"{""project_key"":""xlenore/ps2-covers"",""date"":""2026-03-31"",""pr_opened_count_daily"":0,""pr_merged_count_daily"":0,""pr_closed_not_merged_daily"":0,""pr_active_daily"":0,""pr_daily_avg_lead_time_hours"":null,""pr_daily_median_lead_time_hours"":null,""pr_daily_avg_review_latency_hours"":null,""lead_time_sample_size"":0}"
src_205E_daily,1,"{""project_key"":""mpieniak01/Venom"",""date"":""2026-01-01"",""closed_pr_count_daily"":2,""merged_pr_count_daily"":2,""avg_comments_closed_daily"":6.5,""median_comments_closed_daily"":6.5,""avg_comments_merged_daily"":6.5,""median_comments_merged_daily"":6.5}"
src_205E_daily,2,"{""project_key"":""mpieniak01/Venom"",""date"":""2026-01-02"",""closed_pr_count_daily"":3,""merged_pr_count_daily"":3,""avg_comments_closed_daily"":5.3333,""median_comments_closed_daily"":0.0,""avg_comments_merged_daily"":5.3333,""median_comments_merged_daily"":0.0}"
src_205E_daily,3,"{""project_key"":""mpieniak01/Venom"",""date"":""2026-01-03"",""closed_pr_count_daily"":0,""merged_pr_count_daily"":0,""avg_comments_closed_daily"":null,""median_comments_closed_daily"":null,""avg_comments_merged_daily"":null,""median_comments_merged_daily"":null}"
src_205E_daily,4,"{""project_key"":""mpieniak01/Venom"",""date"":""2026-01-04"",""closed_pr_count_daily"":0,""merged_pr_count_daily"":0,""avg_comments_closed_daily"":null,""median_comments_closed_daily"":null,""avg_comments_merged_daily"":null,""median_comments_merged_daily"":null}"
src_205E_daily,5,"{""project_key"":""mpieniak01/Venom"",""date"":""2026-01-05"",""closed_pr_count_daily"":3,""merged_pr_count_daily"":3,""avg_comments_closed_daily"":6.0,""median_comments_closed_daily"":1.0,""avg_comments_merged_daily"":6.0,""median_comments_merged_daily"":1.0}"
src_205E_daily,6,"{""project_key"":""mpieniak01/Venom"",""date"":""2026-01-06"",""closed_pr_count_daily"":0,""merged_pr_count_daily"":0,""avg_comments_closed_daily"":null,""median_comments_closed_daily"":null,""avg_comments_merged_daily"":null,""median_comments_merged_daily"":null}"
src_205E_daily,7,"{""project_key"":""mpieniak01/Venom"",""date"":""2026-01-07"",""closed_pr_count_daily"":3,""merged_pr_count_daily"":2,""avg_comments_closed_daily"":5.6667,""median_comments_closed_daily"":0.0,""avg_comments_merged_daily"":8.5,""median_comments_merged_daily"":8.5}"
src_205E_daily,8,"{""project_key"":""mpieniak01/Venom"",""date"":""2026-01-08"",""closed_pr_count_daily"":6,""merged_pr_count_daily"":6,""avg_comments_closed_daily"":4.5,""median_comments_closed_daily"":0.0,""avg_comments_merged_daily"":4.5,""median_comments_merged_daily"":0.0}"
src_205E_daily,9,"{""project_key"":""mpieniak01/Venom"",""date"":""2026-01-09"",""closed_pr_count_daily"":0,""merged_pr_count_daily"":0,""avg_comments_closed_daily"":null,""median_comments_closed_daily"":null,""avg_comments_merged_daily"":null,""median_comments_merged_daily"":null}"
src_205E_daily,10,"{""project_key"":""mpieniak01/Venom"",""date"":""2026-01-10"",""closed_pr_count_daily"":0,""merged_pr_count_daily"":0,""avg_comments_closed_daily"":null,""median_comments_closed_daily"":null,""avg_comments_merged_daily"":null,""median_comments_merged_daily"":null}"
src_205E_daily,11,"{""project_key"":""mpieniak01/Venom"",""date"":""2026-01-11"",""closed_pr_count_daily"":0,""merged_pr_count_daily"":0,""avg_comments_closed_daily"":null,""median_comments_closed_daily"":null,""avg_comments_merged_daily"":null,""median_comments_merged_daily"":null}"
src_205E_daily,12,"{""project_key"":""mpieniak01/Venom"",""date"":""2026-01-12"",""closed_pr_count_daily"":0,""merged_pr_count_daily"":0,""avg_comments_closed_daily"":null,""median_comments_closed_daily"":null,""avg_comments_merged_daily"":null,""median_comments_merged_daily"":null}"
src_205E_daily,13,"{""project_key"":""mpieniak01/Venom"",""date"":""2026-01-13"",""closed_pr_count_daily"":0,""merged_pr_count_daily"":0,""avg_comments_closed_daily"":null,""median_comments_closed_daily"":null,""avg_comments_merged_daily"":null,""median_comments_merged_daily"":null}"
src_205E_daily,14,"{""project_key"":""mpieniak01/Venom"",""date"":""2026-01-14"",""closed_pr_count_daily"":0,""merged_pr_count_daily"":0,""avg_comments_closed_daily"":null,""median_comments_closed_daily"":null,""avg_comments_merged_daily"":null,""median_comments_merged_daily"":null}"
src_205E_daily,15,"{""project_key"":""mpieniak01/Venom"",""date"":""2026-01-15"",""closed_pr_count_daily"":0,""merged_pr_count_daily"":0,""avg_comments_closed_daily"":null,""median_comments_closed_daily"":null,""avg_comments_merged_daily"":null,""median_comments_merged_daily"":null}"
src_205E_daily,16,"{""project_key"":""mpieniak01/Venom"",""date"":""2026-01-16"",""closed_pr_count_daily"":0,""merged_pr_count_daily"":0,""avg_comments_closed_daily"":null,""median_comments_closed_daily"":null,""avg_comments_merged_daily"":null,""median_comments_merged_daily"":null}"
src_205E_daily,17,"{""project_key"":""mpieniak01/Venom"",""date"":""2026-01-17"",""closed_pr_count_daily"":3,""merged_pr_count_daily"":2,""avg_comments_closed_daily"":5.0,""median_comments_closed_daily"":0.0,""avg_comments_merged_daily"":7.5,""median_comments_merged_daily"":7.5}"
src_205E_daily,18,"{""project_key"":""mpieniak01/Venom"",""date"":""2026-01-18"",""closed_pr_count_daily"":3,""merged_pr_count_daily"":3,""avg_comments_closed_daily"":5.6667,""median_comments_closed_daily"":0.0,""avg_comments_merged_daily"":5.6667,""median_comments_merged_daily"":0.0}"
src_205E_daily,19,"{""project_key"":""mpieniak01/Venom"",""date"":""2026-01-19"",""closed_pr_count_daily"":0,""merged_pr_count_daily"":0,""avg_comments_closed_daily"":null,""median_comments_closed_daily"":null,""avg_comments_merged_daily"":null,""median_comments_merged_daily"":null}"
src_205E_daily,20,"{""project_key"":""mpieniak01/Venom"",""date"":""2026-01-20"",""closed_pr_count_daily"":0,""merged_pr_count_daily"":0,""avg_comments_closed_daily"":null,""median_comments_closed_daily"":null,""avg_comments_merged_daily"":null,""median_comments_merged_daily"":null}"
src_205E_daily,21,"{""project_key"":""mpieniak01/Venom"",""date"":""2026-01-21"",""closed_pr_count_daily"":0,""merged_pr_count_daily"":0,""avg_comments_closed_daily"":null,""median_comments_closed_daily"":null,""avg_comments_merged_daily"":null,""median_comments_merged_daily"":null}"
src_205E_daily,22,"{""project_key"":""mpieniak01/Venom"",""date"":""2026-01-22"",""closed_pr_count_daily"":0,""merged_pr_count_daily"":0,""avg_comments_closed_daily"":null,""median_comments_closed_daily"":null,""avg_comments_merged_daily"":null,""median_comments_merged_daily"":null}"
src_205E_daily,23,"{""project_key"":""mpieniak01/Venom"",""date"":""2026-01-23"",""closed_pr_count_daily"":0,""merged_pr_count_daily"":0,""avg_comments_closed_daily"":null,""median_comments_closed_daily"":null,""avg_comments_merged_daily"":null,""median_comments_merged_daily"":null}"
src_205E_daily,24,"{""project_key"":""mpieniak01/Venom"",""date"":""2026-01-24"",""closed_pr_count_daily"":3,""merged_pr_count_daily"":3,""avg_comments_closed_daily"":14.6667,""median_comments_closed_daily"":3.0,""avg_comments_merged_daily"":14.6667,""median_comments_merged_daily"":3.0}"
src_205E_daily,25,"{""project_key"":""mpieniak01/Venom"",""date"":""2026-01-25"",""closed_pr_count_daily"":0,""merged_pr_count_daily"":0,""avg_comments_closed_daily"":null,""median_comments_closed_daily"":null,""avg_comments_merged_daily"":null,""median_comments_merged_daily"":null}"
src_205E_daily,26,"{""project_key"":""mpieniak01/Venom"",""date"":""2026-01-26"",""closed_pr_count_daily"":0,""merged_pr_count_daily"":0,""avg_comments_closed_daily"":null,""median_comments_closed_daily"":null,""avg_comments_merged_daily"":null,""median_comments_merged_daily"":null}"
src_205E_daily,27,"{""project_key"":""mpieniak01/Venom"",""date"":""2026-01-27"",""closed_pr_count_daily"":2,""merged_pr_count_daily"":2,""avg_comments_closed_daily"":18.0,""median_comments_closed_daily"":18.0,""avg_comments_merged_daily"":18.0,""median_comments_merged_daily"":18.0}"
src_205E_daily,28,"{""project_key"":""mpieniak01/Venom"",""date"":""2026-01-28"",""closed_pr_count_daily"":1,""merged_pr_count_daily"":1,""avg_comments_closed_daily"":0.0,""median_comments_closed_daily"":0.0,""avg_comments_merged_daily"":0.0,""median_comments_merged_daily"":0.0}"
src_205E_daily,29,"{""project_key"":""mpieniak01/Venom"",""date"":""2026-01-29"",""closed_pr_count_daily"":0,""merged_pr_count_daily"":0,""avg_comments_closed_daily"":null,""median_comments_closed_daily"":null,""avg_comments_merged_daily"":null,""median_comments_merged_daily"":null}"
src_205E_daily,30,"{""project_key"":""mpieniak01/Venom"",""date"":""2026-01-30"",""closed_pr_count_daily"":2,""merged_pr_count_daily"":2,""avg_comments_closed_daily"":12.0,""median_comments_closed_daily"":12.0,""avg_comments_merged_daily"":12.0,""median_comments_merged_daily"":12.0}"
src_205E_daily,31,"{""project_key"":""mpieniak01/Venom"",""date"":""2026-01-31"",""closed_pr_count_daily"":5,""merged_pr_count_daily"":5,""avg_comments_closed_daily"":10.0,""median_comments_closed_daily"":8.0,""avg_comments_merged_daily"":10.0,""median_comments_merged_daily"":8.0}"
src_205E_daily,32,"{""project_key"":""mpieniak01/Venom"",""date"":""2026-02-01"",""closed_pr_count_daily"":3,""merged_pr_count_daily"":3,""avg_comments_closed_daily"":11.3333,""median_comments_closed_daily"":6.0,""avg_comments_merged_daily"":11.3333,""median_comments_merged_daily"":6.0}"
src_205E_daily,33,"{""project_key"":""mpieniak01/Venom"",""date"":""2026-02-02"",""closed_pr_count_daily"":1,""merged_pr_count_daily"":1,""avg_comments_closed_daily"":12.0,""median_comments_closed_daily"":12.0,""avg_comments_merged_daily"":12.0,""median_comments_merged_daily"":12.0}"
src_205E_daily,34,"{""project_key"":""mpieniak01/Venom"",""date"":""2026-02-03"",""closed_pr_count_daily"":1,""merged_pr_count_daily"":1,""avg_comments_closed_daily"":16.0,""median_comments_closed_daily"":16.0,""avg_comments_merged_daily"":16.0,""median_comments_merged_daily"":16.0}"
src_205E_daily,35,"{""project_key"":""mpieniak01/Venom"",""date"":""2026-02-04"",""closed_pr_count_daily"":2,""merged_pr_count_daily"":1,""avg_comments_closed_daily"":1.0,""median_comments_closed_daily"":1.0,""avg_comments_merged_daily"":1.0,""median_comments_merged_daily"":1.0}"
src_205E_daily,36,"{""project_key"":""mpieniak01/Venom"",""date"":""2026-02-05"",""closed_pr_count_daily"":1,""merged_pr_count_daily"":1,""avg_comments_closed_daily"":22.0,""median_comments_closed_daily"":22.0,""avg_comments_merged_daily"":22.0,""median_comments_merged_daily"":22.0}"
src_205E_daily,37,"{""project_key"":""mpieniak01/Venom"",""date"":""2026-02-06"",""closed_pr_count_daily"":4,""merged_pr_count_daily"":4,""avg_comments_closed_daily"":10.25,""median_comments_closed_daily"":10.0,""avg_comments_merged_daily"":10.25,""median_comments_merged_daily"":10.0}"
src_205E_daily,38,"{""project_key"":""mpieniak01/Venom"",""date"":""2026-02-07"",""closed_pr_count_daily"":4,""merged_pr_count_daily"":4,""avg_comments_closed_daily"":8.25,""median_comments_closed_daily"":8.5,""avg_comments_merged_daily"":8.25,""median_comments_merged_daily"":8.5}"
src_205E_daily,39,"{""project_key"":""mpieniak01/Venom"",""date"":""2026-02-08"",""closed_pr_count_daily"":8,""merged_pr_count_daily"":8,""avg_comments_closed_daily"":10.0,""median_comments_closed_daily"":9.5,""avg_comments_merged_daily"":10.0,""median_comments_merged_daily"":9.5}"
src_205E_daily,40,"{""project_key"":""mpieniak01/Venom"",""date"":""2026-02-09"",""closed_pr_count_daily"":16,""merged_pr_count_daily"":14,""avg_comments_closed_daily"":6.0,""median_comments_closed_daily"":5.5,""avg_comments_merged_daily"":6.0714,""median_comments_merged_daily"":5.5}"
src_205E_daily,41,"{""project_key"":""mpieniak01/Venom"",""date"":""2026-02-10"",""closed_pr_count_daily"":6,""merged_pr_count_daily"":6,""avg_comments_closed_daily"":11.1667,""median_comments_closed_daily"":6.5,""avg_comments_merged_daily"":11.1667,""median_comments_merged_daily"":6.5}"
src_205E_daily,42,"{""project_key"":""mpieniak01/Venom"",""date"":""2026-02-11"",""closed_pr_count_daily"":5,""merged_pr_count_daily"":5,""avg_comments_closed_daily"":21.0,""median_comments_closed_daily"":17.0,""avg_comments_merged_daily"":21.0,""median_comments_merged_daily"":17.0}"
src_205E_daily,43,"{""project_key"":""mpieniak01/Venom"",""date"":""2026-02-12"",""closed_pr_count_daily"":10,""merged_pr_count_daily"":9,""avg_comments_closed_daily"":12.4,""median_comments_closed_daily"":6.5,""avg_comments_merged_daily"":13.4444,""median_comments_merged_daily"":8.0}"
src_205E_daily,44,"{""project_key"":""mpieniak01/Venom"",""date"":""2026-02-13"",""closed_pr_count_daily"":5,""merged_pr_count_daily"":5,""avg_comments_closed_daily"":15.4,""median_comments_closed_daily"":14.0,""avg_comments_merged_daily"":15.4,""median_comments_merged_daily"":14.0}"
src_205E_daily,45,"{""project_key"":""mpieniak01/Venom"",""date"":""2026-02-14"",""closed_pr_count_daily"":10,""merged_pr_count_daily"":10,""avg_comments_closed_daily"":16.0,""median_comments_closed_daily"":10.5,""avg_comments_merged_daily"":16.0,""median_comments_merged_daily"":10.5}"
src_205E_daily,46,"{""project_key"":""mpieniak01/Venom"",""date"":""2026-02-15"",""closed_pr_count_daily"":3,""merged_pr_count_daily"":3,""avg_comments_closed_daily"":6.0,""median_comments_closed_daily"":5.0,""avg_comments_merged_daily"":6.0,""median_comments_merged_daily"":5.0}"
src_205E_daily,47,"{""project_key"":""mpieniak01/Venom"",""date"":""2026-02-16"",""closed_pr_count_daily"":3,""merged_pr_count_daily"":3,""avg_comments_closed_daily"":12.6667,""median_comments_closed_daily"":14.0,""avg_comments_merged_daily"":12.6667,""median_comments_merged_daily"":14.0}"
src_205E_daily,48,"{""project_key"":""mpieniak01/Venom"",""date"":""2026-02-17"",""closed_pr_count_daily"":3,""merged_pr_count_daily"":3,""avg_comments_closed_daily"":5.3333,""median_comments_closed_daily"":5.0,""avg_comments_merged_daily"":5.3333,""median_comments_merged_daily"":5.0}"
src_205E_daily,49,"{""project_key"":""mpieniak01/Venom"",""date"":""2026-02-18"",""closed_pr_count_daily"":9,""merged_pr_count_daily"":9,""avg_comments_closed_daily"":7.0,""median_comments_closed_daily"":7.0,""avg_comments_merged_daily"":7.0,""median_comments_merged_daily"":7.0}"
src_205E_daily,50,"{""project_key"":""mpieniak01/Venom"",""date"":""2026-02-19"",""closed_pr_count_daily"":1,""merged_pr_count_daily"":1,""avg_comments_closed_daily"":39.0,""median_comments_closed_daily"":39.0,""avg_comments_merged_daily"":39.0,""median_comments_merged_daily"":39.0}"
src_205E_daily,51,"{""project_key"":""mpieniak01/Venom"",""date"":""2026-02-20"",""closed_pr_count_daily"":1,""merged_pr_count_daily"":1,""avg_comments_closed_daily"":58.0,""median_comments_closed_daily"":58.0,""avg_comments_merged_daily"":58.0,""median_comments_merged_daily"":58.0}"
src_205E_daily,52,"{""project_key"":""mpieniak01/Venom"",""date"":""2026-02-21"",""closed_pr_count_daily"":4,""merged_pr_count_daily"":4,""avg_comments_closed_daily"":4.25,""median_comments_closed_daily"":3.0,""avg_comments_merged_daily"":4.25,""median_comments_merged_daily"":3.0}"
src_205E_daily,53,"{""project_key"":""mpieniak01/Venom"",""date"":""2026-02-22"",""closed_pr_count_daily"":2,""merged_pr_count_daily"":2,""avg_comments_closed_daily"":14.5,""median_comments_closed_daily"":14.5,""avg_comments_merged_daily"":14.5,""median_comments_merged_daily"":14.5}"
src_205E_daily,54,"{""project_key"":""mpieniak01/Venom"",""date"":""2026-02-23"",""closed_pr_count_daily"":1,""merged_pr_count_daily"":1,""avg_comments_closed_daily"":6.0,""median_comments_closed_daily"":6.0,""avg_comments_merged_daily"":6.0,""median_comments_merged_daily"":6.0}"
src_205E_daily,55,"{""project_key"":""mpieniak01/Venom"",""date"":""2026-02-24"",""closed_pr_count_daily"":5,""merged_pr_count_daily"":5,""avg_comments_closed_daily"":10.4,""median_comments_closed_daily"":6.0,""avg_comments_merged_daily"":10.4,""median_comments_merged_daily"":6.0}"
src_205E_daily,56,"{""project_key"":""mpieniak01/Venom"",""date"":""2026-02-25"",""closed_pr_count_daily"":1,""merged_pr_count_daily"":1,""avg_comments_closed_daily"":11.0,""median_comments_closed_daily"":11.0,""avg_comments_merged_daily"":11.0,""median_comments_merged_daily"":11.0}"
src_205E_daily,57,"{""project_key"":""mpieniak01/Venom"",""date"":""2026-02-26"",""closed_pr_count_daily"":1,""merged_pr_count_daily"":1,""avg_comments_closed_daily"":8.0,""median_comments_closed_daily"":8.0,""avg_comments_merged_daily"":8.0,""median_comments_merged_daily"":8.0}"
src_205E_daily,58,"{""project_key"":""mpieniak01/Venom"",""date"":""2026-02-27"",""closed_pr_count_daily"":4,""merged_pr_count_daily"":4,""avg_comments_closed_daily"":6.0,""median_comments_closed_daily"":5.5,""avg_comments_merged_daily"":6.0,""median_comments_merged_daily"":5.5}"
src_205E_daily,59,"{""project_key"":""mpieniak01/Venom"",""date"":""2026-02-28"",""closed_pr_count_daily"":6,""merged_pr_count_daily"":6,""avg_comments_closed_daily"":8.0,""median_comments_closed_daily"":7.0,""avg_comments_merged_daily"":8.0,""median_comments_merged_daily"":7.0}"
src_205E_daily,60,"{""project_key"":""mpieniak01/Venom"",""date"":""2026-03-01"",""closed_pr_count_daily"":4,""merged_pr_count_daily"":4,""avg_comments_closed_daily"":7.25,""median_comments_closed_daily"":6.5,""avg_comments_merged_daily"":7.25,""median_comments_merged_daily"":6.5}"
src_205E_daily,61,"{""project_key"":""mpieniak01/Venom"",""date"":""2026-03-02"",""closed_pr_count_daily"":4,""merged_pr_count_daily"":4,""avg_comments_closed_daily"":6.25,""median_comments_closed_daily"":7.0,""avg_comments_merged_daily"":6.25,""median_comments_merged_daily"":7.0}"
src_205E_daily,62,"{""project_key"":""mpieniak01/Venom"",""date"":""2026-03-03"",""closed_pr_count_daily"":6,""merged_pr_count_daily"":4,""avg_comments_closed_daily"":8.3333,""median_comments_closed_daily"":8.5,""avg_comments_merged_daily"":12.5,""median_comments_merged_daily"":13.5}"
src_205E_daily,63,"{""project_key"":""mpieniak01/Venom"",""date"":""2026-03-04"",""closed_pr_count_daily"":5,""merged_pr_count_daily"":5,""avg_comments_closed_daily"":10.8,""median_comments_closed_daily"":11.0,""avg_comments_merged_daily"":10.8,""median_comments_merged_daily"":11.0}"
src_205E_daily,64,"{""project_key"":""mpieniak01/Venom"",""date"":""2026-03-05"",""closed_pr_count_daily"":2,""merged_pr_count_daily"":2,""avg_comments_closed_daily"":7.0,""median_comments_closed_daily"":7.0,""avg_comments_merged_daily"":7.0,""median_comments_merged_daily"":7.0}"
src_205E_daily,65,"{""project_key"":""mpieniak01/Venom"",""date"":""2026-03-06"",""closed_pr_count_daily"":2,""merged_pr_count_daily"":2,""avg_comments_closed_daily"":8.0,""median_comments_closed_daily"":8.0,""avg_comments_merged_daily"":8.0,""median_comments_merged_daily"":8.0}"
src_205E_daily,66,"{""project_key"":""mpieniak01/Venom"",""date"":""2026-03-07"",""closed_pr_count_daily"":1,""merged_pr_count_daily"":1,""avg_comments_closed_daily"":7.0,""median_comments_closed_daily"":7.0,""avg_comments_merged_daily"":7.0,""median_comments_merged_daily"":7.0}"
src_205E_daily,67,"{""project_key"":""mpieniak01/Venom"",""date"":""2026-03-08"",""closed_pr_count_daily"":0,""merged_pr_count_daily"":0,""avg_comments_closed_daily"":null,""median_comments_closed_daily"":null,""avg_comments_merged_daily"":null,""median_comments_merged_daily"":null}"
src_205E_daily,68,"{""project_key"":""mpieniak01/Venom"",""date"":""2026-03-09"",""closed_pr_count_daily"":1,""merged_pr_count_daily"":1,""avg_comments_closed_daily"":5.0,""median_comments_closed_daily"":5.0,""avg_comments_merged_daily"":5.0,""median_comments_merged_daily"":5.0}"
src_205E_daily,69,"{""project_key"":""mpieniak01/Venom"",""date"":""2026-03-10"",""closed_pr_count_daily"":3,""merged_pr_count_daily"":3,""avg_comments_closed_daily"":10.3333,""median_comments_closed_daily"":7.0,""avg_comments_merged_daily"":10.3333,""median_comments_merged_daily"":7.0}"
src_205E_daily,70,"{""project_key"":""mpieniak01/Venom"",""date"":""2026-03-11"",""closed_pr_count_daily"":2,""merged_pr_count_daily"":2,""avg_comments_closed_daily"":8.0,""median_comments_closed_daily"":8.0,""avg_comments_merged_daily"":8.0,""median_comments_merged_daily"":8.0}"
src_205E_daily,71,"{""project_key"":""mpieniak01/Venom"",""date"":""2026-03-12"",""closed_pr_count_daily"":3,""merged_pr_count_daily"":3,""avg_comments_closed_daily"":6.6667,""median_comments_closed_daily"":6.0,""avg_comments_merged_daily"":6.6667,""median_comments_merged_daily"":6.0}"
src_205E_daily,72,"{""project_key"":""mpieniak01/Venom"",""date"":""2026-03-13"",""closed_pr_count_daily"":4,""merged_pr_count_daily"":4,""avg_comments_closed_daily"":6.5,""median_comments_closed_daily"":6.5,""avg_comments_merged_daily"":6.5,""median_comments_merged_daily"":6.5}"
src_205E_daily,73,"{""project_key"":""mpieniak01/Venom"",""date"":""2026-03-14"",""closed_pr_count_daily"":2,""merged_pr_count_daily"":2,""avg_comments_closed_daily"":10.5,""median_comments_closed_daily"":10.5,""avg_comments_merged_daily"":10.5,""median_comments_merged_daily"":10.5}"
src_205E_daily,74,"{""project_key"":""mpieniak01/Venom"",""date"":""2026-03-15"",""closed_pr_count_daily"":3,""merged_pr_count_daily"":1,""avg_comments_closed_daily"":8.3333,""median_comments_closed_daily"":9.0,""avg_comments_merged_daily"":9.0,""median_comments_merged_daily"":9.0}"
src_205E_daily,75,"{""project_key"":""mpieniak01/Venom"",""date"":""2026-03-16"",""closed_pr_count_daily"":1,""merged_pr_count_daily"":1,""avg_comments_closed_daily"":7.0,""median_comments_closed_daily"":7.0,""avg_comments_merged_daily"":7.0,""median_comments_merged_daily"":7.0}"
src_205E_daily,76,"{""project_key"":""mpieniak01/Venom"",""date"":""2026-03-17"",""closed_pr_count_daily"":1,""merged_pr_count_daily"":1,""avg_comments_closed_daily"":17.0,""median_comments_closed_daily"":17.0,""avg_comments_merged_daily"":17.0,""median_comments_merged_daily"":17.0}"
src_205E_daily,77,"{""project_key"":""mpieniak01/Venom"",""date"":""2026-03-18"",""closed_pr_count_daily"":1,""merged_pr_count_daily"":1,""avg_comments_closed_daily"":9.0,""median_comments_closed_daily"":9.0,""avg_comments_merged_daily"":9.0,""median_comments_merged_daily"":9.0}"
src_205E_daily,78,"{""project_key"":""mpieniak01/Venom"",""date"":""2026-03-19"",""closed_pr_count_daily"":0,""merged_pr_count_daily"":0,""avg_comments_closed_daily"":null,""median_comments_closed_daily"":null,""avg_comments_merged_daily"":null,""median_comments_merged_daily"":null}"
src_205E_daily,79,"{""project_key"":""mpieniak01/Venom"",""date"":""2026-03-20"",""closed_pr_count_daily"":0,""merged_pr_count_daily"":0,""avg_comments_closed_daily"":null,""median_comments_closed_daily"":null,""avg_comments_merged_daily"":null,""median_comments_merged_daily"":null}"
src_205E_daily,80,"{""project_key"":""mpieniak01/Venom"",""date"":""2026-03-21"",""closed_pr_count_daily"":0,""merged_pr_count_daily"":0,""avg_comments_closed_daily"":null,""median_comments_closed_daily"":null,""avg_comments_merged_daily"":null,""median_comments_merged_daily"":null}"
src_205E_daily,81,"{""project_key"":""mpieniak01/Venom"",""date"":""2026-03-22"",""closed_pr_count_daily"":1,""merged_pr_count_daily"":1,""avg_comments_closed_daily"":4.0,""median_comments_closed_daily"":4.0,""avg_comments_merged_daily"":4.0,""median_comments_merged_daily"":4.0}"
src_205E_daily,82,"{""project_key"":""mpieniak01/Venom"",""date"":""2026-03-23"",""closed_pr_count_daily"":0,""merged_pr_count_daily"":0,""avg_comments_closed_daily"":null,""median_comments_closed_daily"":null,""avg_comments_merged_daily"":null,""median_comments_merged_daily"":null}"
src_205E_daily,83,"{""project_key"":""mpieniak01/Venom"",""date"":""2026-03-24"",""closed_pr_count_daily"":0,""merged_pr_count_daily"":0,""avg_comments_closed_daily"":null,""median_comments_closed_daily"":null,""avg_comments_merged_daily"":null,""median_comments_merged_daily"":null}"
src_205E_daily,84,"{""project_key"":""mpieniak01/Venom"",""date"":""2026-03-25"",""closed_pr_count_daily"":0,""merged_pr_count_daily"":0,""avg_comments_closed_daily"":null,""median_comments_closed_daily"":null,""avg_comments_merged_daily"":null,""median_comments_merged_daily"":null}"
src_205E_daily,85,"{""project_key"":""mpieniak01/Venom"",""date"":""2026-03-26"",""closed_pr_count_daily"":0,""merged_pr_count_daily"":0,""avg_comments_closed_daily"":null,""median_comments_closed_daily"":null,""avg_comments_merged_daily"":null,""median_comments_merged_daily"":null}"
src_205E_daily,86,"{""project_key"":""mpieniak01/Venom"",""date"":""2026-03-27"",""closed_pr_count_daily"":0,""merged_pr_count_daily"":0,""avg_comments_closed_daily"":null,""median_comments_closed_daily"":null,""avg_comments_merged_daily"":null,""median_comments_merged_daily"":null}"
src_205E_daily,87,"{""project_key"":""mpieniak01/Venom"",""date"":""2026-03-28"",""closed_pr_count_daily"":0,""merged_pr_count_daily"":0,""avg_comments_closed_daily"":null,""median_comments_closed_daily"":null,""avg_comments_merged_daily"":null,""median_comments_merged_daily"":null}"
src_205E_daily,88,"{""project_key"":""mpieniak01/Venom"",""date"":""2026-03-29"",""closed_pr_count_daily"":0,""merged_pr_count_daily"":0,""avg_comments_closed_daily"":null,""median_comments_closed_daily"":null,""avg_comments_merged_daily"":null,""median_comments_merged_daily"":null}"
src_205E_daily,89,"{""project_key"":""mpieniak01/Venom"",""date"":""2026-03-30"",""closed_pr_count_daily"":0,""merged_pr_count_daily"":0,""avg_comments_closed_daily"":null,""median_comments_closed_daily"":null,""avg_comments_merged_daily"":null,""median_comments_merged_daily"":null}"
src_205E_daily,90,"{""project_key"":""mpieniak01/Venom"",""date"":""2026-03-31"",""closed_pr_count_daily"":0,""merged_pr_count_daily"":0,""avg_comments_closed_daily"":null,""median_comments_closed_daily"":null,""avg_comments_merged_daily"":null,""median_comments_merged_daily"":null}"
wrk_205B_venom,1,"{""project_key"":""mpieniak01_Venom"",""date"":""2026-01-01"",""issues"":null,""technical_debt_days"":null,""lines_of_code"":null,""line_coverage_pct"":null,""unit_tests"":null}"
wrk_205B_venom,2,"{""project_key"":""mpieniak01_Venom"",""date"":""2026-01-02"",""issues"":null,""technical_debt_days"":null,""lines_of_code"":null,""line_coverage_pct"":null,""unit_tests"":null}"
wrk_205B_venom,3,"{""project_key"":""mpieniak01_Venom"",""date"":""2026-01-03"",""issues"":null,""technical_debt_days"":null,""lines_of_code"":null,""line_coverage_pct"":null,""unit_tests"":null}"
wrk_205B_venom,4,"{""project_key"":""mpieniak01_Venom"",""date"":""2026-01-04"",""issues"":null,""technical_debt_days"":null,""lines_of_code"":null,""line_coverage_pct"":null,""unit_tests"":null}"
wrk_205B_venom,5,"{""project_key"":""mpieniak01_Venom"",""date"":""2026-01-05"",""issues"":null,""technical_debt_days"":null,""lines_of_code"":null,""line_coverage_pct"":null,""unit_tests"":null}"
wrk_205B_venom,6,"{""project_key"":""mpieniak01_Venom"",""date"":""2026-01-06"",""issues"":null,""technical_debt_days"":null,""lines_of_code"":null,""line_coverage_pct"":null,""unit_tests"":null}"
wrk_205B_venom,7,"{""project_key"":""mpieniak01_Venom"",""date"":""2026-01-07"",""issues"":null,""technical_debt_days"":null,""lines_of_code"":null,""line_coverage_pct"":null,""unit_tests"":null}"
wrk_205B_venom,8,"{""project_key"":""mpieniak01_Venom"",""date"":""2026-01-08"",""issues"":null,""technical_debt_days"":null,""lines_of_code"":null,""line_coverage_pct"":null,""unit_tests"":null}"
wrk_205B_venom,9,"{""project_key"":""mpieniak01_Venom"",""date"":""2026-01-09"",""issues"":null,""technical_debt_days"":null,""lines_of_code"":null,""line_coverage_pct"":null,""unit_tests"":null}"
wrk_205B_venom,10,"{""project_key"":""mpieniak01_Venom"",""date"":""2026-01-10"",""issues"":null,""technical_debt_days"":null,""lines_of_code"":null,""line_coverage_pct"":null,""unit_tests"":null}"
wrk_205B_venom,11,"{""project_key"":""mpieniak01_Venom"",""date"":""2026-01-11"",""issues"":null,""technical_debt_days"":null,""lines_of_code"":null,""line_coverage_pct"":null,""unit_tests"":null}"
wrk_205B_venom,12,"{""project_key"":""mpieniak01_Venom"",""date"":""2026-01-12"",""issues"":null,""technical_debt_days"":null,""lines_of_code"":null,""line_coverage_pct"":null,""unit_tests"":null}"
wrk_205B_venom,13,"{""project_key"":""mpieniak01_Venom"",""date"":""2026-01-13"",""issues"":null,""technical_debt_days"":null,""lines_of_code"":null,""line_coverage_pct"":null,""unit_tests"":null}"
wrk_205B_venom,14,"{""project_key"":""mpieniak01_Venom"",""date"":""2026-01-14"",""issues"":null,""technical_debt_days"":null,""lines_of_code"":null,""line_coverage_pct"":null,""unit_tests"":null}"
wrk_205B_venom,15,"{""project_key"":""mpieniak01_Venom"",""date"":""2026-01-15"",""issues"":null,""technical_debt_days"":null,""lines_of_code"":null,""line_coverage_pct"":null,""unit_tests"":null}"
wrk_205B_venom,16,"{""project_key"":""mpieniak01_Venom"",""date"":""2026-01-16"",""issues"":null,""technical_debt_days"":null,""lines_of_code"":null,""line_coverage_pct"":null,""unit_tests"":null}"
wrk_205B_venom,17,"{""project_key"":""mpieniak01_Venom"",""date"":""2026-01-17"",""issues"":null,""technical_debt_days"":null,""lines_of_code"":null,""line_coverage_pct"":null,""unit_tests"":null}"
wrk_205B_venom,18,"{""project_key"":""mpieniak01_Venom"",""date"":""2026-01-18"",""issues"":null,""technical_debt_days"":null,""lines_of_code"":null,""line_coverage_pct"":null,""unit_tests"":null}"
wrk_205B_venom,19,"{""project_key"":""mpieniak01_Venom"",""date"":""2026-01-19"",""issues"":null,""technical_debt_days"":null,""lines_of_code"":null,""line_coverage_pct"":null,""unit_tests"":null}"
wrk_205B_venom,20,"{""project_key"":""mpieniak01_Venom"",""date"":""2026-01-20"",""issues"":null,""technical_debt_days"":null,""lines_of_code"":null,""line_coverage_pct"":null,""unit_tests"":null}"
wrk_205B_venom,21,"{""project_key"":""mpieniak01_Venom"",""date"":""2026-01-21"",""issues"":null,""technical_debt_days"":null,""lines_of_code"":null,""line_coverage_pct"":null,""unit_tests"":null}"
wrk_205B_venom,22,"{""project_key"":""mpieniak01_Venom"",""date"":""2026-01-22"",""issues"":null,""technical_debt_days"":null,""lines_of_code"":null,""line_coverage_pct"":null,""unit_tests"":null}"
wrk_205B_venom,23,"{""project_key"":""mpieniak01_Venom"",""date"":""2026-01-23"",""issues"":null,""technical_debt_days"":null,""lines_of_code"":null,""line_coverage_pct"":null,""unit_tests"":null}"
wrk_205B_venom,24,"{""project_key"":""mpieniak01_Venom"",""date"":""2026-01-24"",""issues"":null,""technical_debt_days"":null,""lines_of_code"":null,""line_coverage_pct"":null,""unit_tests"":null}"
wrk_205B_venom,25,"{""project_key"":""mpieniak01_Venom"",""date"":""2026-01-25"",""issues"":null,""technical_debt_days"":null,""lines_of_code"":null,""line_coverage_pct"":null,""unit_tests"":null}"
wrk_205B_venom,26,"{""project_key"":""mpieniak01_Venom"",""date"":""2026-01-26"",""issues"":null,""technical_debt_days"":null,""lines_of_code"":null,""line_coverage_pct"":null,""unit_tests"":null}"
wrk_205B_venom,27,"{""project_key"":""mpieniak01_Venom"",""date"":""2026-01-27"",""issues"":null,""technical_debt_days"":null,""lines_of_code"":null,""line_coverage_pct"":null,""unit_tests"":null}"
wrk_205B_venom,28,"{""project_key"":""mpieniak01_Venom"",""date"":""2026-01-28"",""issues"":null,""technical_debt_days"":null,""lines_of_code"":null,""line_coverage_pct"":null,""unit_tests"":null}"
wrk_205B_venom,29,"{""project_key"":""mpieniak01_Venom"",""date"":""2026-01-29"",""issues"":null,""technical_debt_days"":null,""lines_of_code"":null,""line_coverage_pct"":null,""unit_tests"":null}"
wrk_205B_venom,30,"{""project_key"":""mpieniak01_Venom"",""date"":""2026-01-30"",""issues"":null,""technical_debt_days"":null,""lines_of_code"":null,""line_coverage_pct"":null,""unit_tests"":null}"
wrk_205B_venom,31,"{""project_key"":""mpieniak01_Venom"",""date"":""2026-01-31"",""issues"":null,""technical_debt_days"":null,""lines_of_code"":null,""line_coverage_pct"":null,""unit_tests"":null}"
wrk_205B_venom,32,"{""project_key"":""mpieniak01_Venom"",""date"":""2026-02-01"",""issues"":null,""technical_debt_days"":null,""lines_of_code"":null,""line_coverage_pct"":null,""unit_tests"":null}"
wrk_205B_venom,33,"{""project_key"":""mpieniak01_Venom"",""date"":""2026-02-02"",""issues"":null,""technical_debt_days"":null,""lines_of_code"":null,""line_coverage_pct"":null,""unit_tests"":null}"
wrk_205B_venom,34,"{""project_key"":""mpieniak01_Venom"",""date"":""2026-02-03"",""issues"":null,""technical_debt_days"":null,""lines_of_code"":null,""line_coverage_pct"":null,""unit_tests"":null}"
wrk_205B_venom,35,"{""project_key"":""mpieniak01_Venom"",""date"":""2026-02-04"",""issues"":null,""technical_debt_days"":null,""lines_of_code"":null,""line_coverage_pct"":null,""unit_tests"":null}"
wrk_205B_venom,36,"{""project_key"":""mpieniak01_Venom"",""date"":""2026-02-05"",""issues"":null,""technical_debt_days"":null,""lines_of_code"":null,""line_coverage_pct"":null,""unit_tests"":null}"
wrk_205B_venom,37,"{""project_key"":""mpieniak01_Venom"",""date"":""2026-02-06"",""issues"":1650,""technical_debt_days"":18.9708,""lines_of_code"":104950,""line_coverage_pct"":null,""unit_tests"":null}"
wrk_205B_venom,38,"{""project_key"":""mpieniak01_Venom"",""date"":""2026-02-07"",""issues"":1650,""technical_debt_days"":18.9708,""lines_of_code"":104950,""line_coverage_pct"":null,""unit_tests"":null}"
wrk_205B_venom,39,"{""project_key"":""mpieniak01_Venom"",""date"":""2026-02-08"",""issues"":1650,""technical_debt_days"":18.9708,""lines_of_code"":104950,""line_coverage_pct"":null,""unit_tests"":null}"
wrk_205B_venom,40,"{""project_key"":""mpieniak01_Venom"",""date"":""2026-02-09"",""issues"":1650,""technical_debt_days"":18.9708,""lines_of_code"":104950,""line_coverage_pct"":null,""unit_tests"":null}"
wrk_205B_venom,41,"{""project_key"":""mpieniak01_Venom"",""date"":""2026-02-10"",""issues"":267,""technical_debt_days"":2.6104,""lines_of_code"":75403,""line_coverage_pct"":68.7,""unit_tests"":1391}"
wrk_205B_venom,42,"{""project_key"":""mpieniak01_Venom"",""date"":""2026-02-11"",""issues"":267,""technical_debt_days"":2.6104,""lines_of_code"":75403,""line_coverage_pct"":68.7,""unit_tests"":1391}"
wrk_205B_venom,43,"{""project_key"":""mpieniak01_Venom"",""date"":""2026-02-12"",""issues"":267,""technical_debt_days"":2.6104,""lines_of_code"":75403,""line_coverage_pct"":68.7,""unit_tests"":1391}"
wrk_205B_venom,44,"{""project_key"":""mpieniak01_Venom"",""date"":""2026-02-13"",""issues"":79,""technical_debt_days"":0.6604,""lines_of_code"":80637,""line_coverage_pct"":74.3,""unit_tests"":1947}"
wrk_205B_venom,45,"{""project_key"":""mpieniak01_Venom"",""date"":""2026-02-14"",""issues"":162,""technical_debt_days"":1.8313,""lines_of_code"":90105,""line_coverage_pct"":59.0,""unit_tests"":1205}"
wrk_205B_venom,46,"{""project_key"":""mpieniak01_Venom"",""date"":""2026-02-15"",""issues"":162,""technical_debt_days"":1.8313,""lines_of_code"":90105,""line_coverage_pct"":59.0,""unit_tests"":1205}"
wrk_205B_venom,47,"{""project_key"":""mpieniak01_Venom"",""date"":""2026-02-16"",""issues"":162,""technical_debt_days"":1.8313,""lines_of_code"":90105,""line_coverage_pct"":59.0,""unit_tests"":1205}"
wrk_205B_venom,48,"{""project_key"":""mpieniak01_Venom"",""date"":""2026-02-17"",""issues"":162,""technical_debt_days"":1.8313,""lines_of_code"":90105,""line_coverage_pct"":59.0,""unit_tests"":1205}"
wrk_205B_venom,49,"{""project_key"":""mpieniak01_Venom"",""date"":""2026-02-18"",""issues"":162,""technical_debt_days"":1.8313,""lines_of_code"":90105,""line_coverage_pct"":59.0,""unit_tests"":1205}"
wrk_205B_venom,50,"{""project_key"":""mpieniak01_Venom"",""date"":""2026-02-19"",""issues"":162,""technical_debt_days"":1.8313,""lines_of_code"":90105,""line_coverage_pct"":59.0,""unit_tests"":1205}"
wrk_205B_venom,51,"{""project_key"":""mpieniak01_Venom"",""date"":""2026-02-20"",""issues"":162,""technical_debt_days"":1.8313,""lines_of_code"":90105,""line_coverage_pct"":59.0,""unit_tests"":1205}"
wrk_205B_venom,52,"{""project_key"":""mpieniak01_Venom"",""date"":""2026-02-21"",""issues"":162,""technical_debt_days"":1.8313,""lines_of_code"":90105,""line_coverage_pct"":59.0,""unit_tests"":1205}"
wrk_205B_venom,53,"{""project_key"":""mpieniak01_Venom"",""date"":""2026-02-22"",""issues"":79,""technical_debt_days"":0.8208,""lines_of_code"":101943,""line_coverage_pct"":54.9,""unit_tests"":1247}"
wrk_205B_venom,54,"{""project_key"":""mpieniak01_Venom"",""date"":""2026-02-23"",""issues"":79,""technical_debt_days"":0.8208,""lines_of_code"":101943,""line_coverage_pct"":54.9,""unit_tests"":1247}"
wrk_205B_venom,55,"{""project_key"":""mpieniak01_Venom"",""date"":""2026-02-24"",""issues"":79,""technical_debt_days"":0.8208,""lines_of_code"":101943,""line_coverage_pct"":54.9,""unit_tests"":1247}"
wrk_205B_venom,56,"{""project_key"":""mpieniak01_Venom"",""date"":""2026-02-25"",""issues"":79,""technical_debt_days"":0.8208,""lines_of_code"":101943,""line_coverage_pct"":54.9,""unit_tests"":1247}"
wrk_205B_venom,57,"{""project_key"":""mpieniak01_Venom"",""date"":""2026-02-26"",""issues"":79,""technical_debt_days"":0.8208,""lines_of_code"":101943,""line_coverage_pct"":54.9,""unit_tests"":1247}"
wrk_205B_venom,58,"{""project_key"":""mpieniak01_Venom"",""date"":""2026-02-27"",""issues"":79,""technical_debt_days"":0.8208,""lines_of_code"":101943,""line_coverage_pct"":54.9,""unit_tests"":1247}"
wrk_205B_venom,59,"{""project_key"":""mpieniak01_Venom"",""date"":""2026-02-28"",""issues"":79,""technical_debt_days"":0.8208,""lines_of_code"":101943,""line_coverage_pct"":54.9,""unit_tests"":1247}"
wrk_205B_venom,60,"{""project_key"":""mpieniak01_Venom"",""date"":""2026-03-01"",""issues"":1,""technical_debt_days"":0.0417,""lines_of_code"":107223,""line_coverage_pct"":78.6,""unit_tests"":8}"
wrk_205B_venom,61,"{""project_key"":""mpieniak01_Venom"",""date"":""2026-03-02"",""issues"":1,""technical_debt_days"":0.0417,""lines_of_code"":107223,""line_coverage_pct"":78.6,""unit_tests"":8}"
wrk_205B_venom,62,"{""project_key"":""mpieniak01_Venom"",""date"":""2026-03-03"",""issues"":1,""technical_debt_days"":0.0417,""lines_of_code"":107223,""line_coverage_pct"":78.6,""unit_tests"":8}"
wrk_205B_venom,63,"{""project_key"":""mpieniak01_Venom"",""date"":""2026-03-04"",""issues"":1,""technical_debt_days"":0.0417,""lines_of_code"":107223,""line_coverage_pct"":78.6,""unit_tests"":8}"
wrk_205B_venom,64,"{""project_key"":""mpieniak01_Venom"",""date"":""2026-03-05"",""issues"":1,""technical_debt_days"":0.0417,""lines_of_code"":107223,""line_coverage_pct"":78.6,""unit_tests"":8}"
wrk_205B_venom,65,"{""project_key"":""mpieniak01_Venom"",""date"":""2026-03-06"",""issues"":1,""technical_debt_days"":0.0417,""lines_of_code"":107223,""line_coverage_pct"":78.6,""unit_tests"":8}"
wrk_205B_venom,66,"{""project_key"":""mpieniak01_Venom"",""date"":""2026-03-07"",""issues"":1,""technical_debt_days"":0.0417,""lines_of_code"":107223,""line_coverage_pct"":78.6,""unit_tests"":8}"
wrk_205B_venom,67,"{""project_key"":""mpieniak01_Venom"",""date"":""2026-03-08"",""issues"":1,""technical_debt_days"":0.0417,""lines_of_code"":107223,""line_coverage_pct"":78.6,""unit_tests"":8}"
wrk_205B_venom,68,"{""project_key"":""mpieniak01_Venom"",""date"":""2026-03-09"",""issues"":5,""technical_debt_days"":0.2188,""lines_of_code"":125999,""line_coverage_pct"":78.4,""unit_tests"":2806}"
wrk_205B_venom,69,"{""project_key"":""mpieniak01_Venom"",""date"":""2026-03-10"",""issues"":5,""technical_debt_days"":0.2188,""lines_of_code"":125999,""line_coverage_pct"":78.4,""unit_tests"":2806}"
wrk_205B_venom,70,"{""project_key"":""mpieniak01_Venom"",""date"":""2026-03-11"",""issues"":5,""technical_debt_days"":0.2188,""lines_of_code"":125999,""line_coverage_pct"":78.4,""unit_tests"":2806}"
wrk_205B_venom,71,"{""project_key"":""mpieniak01_Venom"",""date"":""2026-03-12"",""issues"":5,""technical_debt_days"":0.2188,""lines_of_code"":125999,""line_coverage_pct"":78.4,""unit_tests"":2806}"
wrk_205B_venom,72,"{""project_key"":""mpieniak01_Venom"",""date"":""2026-03-13"",""issues"":5,""technical_debt_days"":0.2188,""lines_of_code"":125999,""line_coverage_pct"":78.4,""unit_tests"":2806}"
wrk_205B_venom,73,"{""project_key"":""mpieniak01_Venom"",""date"":""2026-03-14"",""issues"":5,""technical_debt_days"":0.2188,""lines_of_code"":125999,""line_coverage_pct"":78.4,""unit_tests"":2806}"
wrk_205B_venom,74,"{""project_key"":""mpieniak01_Venom"",""date"":""2026-03-15"",""issues"":0,""technical_debt_days"":0.0,""lines_of_code"":131676,""line_coverage_pct"":92.1,""unit_tests"":5289}"
wrk_205B_venom,75,"{""project_key"":""mpieniak01_Venom"",""date"":""2026-03-16"",""issues"":0,""technical_debt_days"":0.0,""lines_of_code"":131999,""line_coverage_pct"":92.1,""unit_tests"":5304}"
wrk_205B_venom,76,"{""project_key"":""mpieniak01_Venom"",""date"":""2026-03-17"",""issues"":0,""technical_debt_days"":0.0,""lines_of_code"":132346,""line_coverage_pct"":92.1,""unit_tests"":5319}"
wrk_205B_venom,77,"{""project_key"":""mpieniak01_Venom"",""date"":""2026-03-18"",""issues"":0,""technical_debt_days"":0.0,""lines_of_code"":133226,""line_coverage_pct"":92.1,""unit_tests"":5340}"
wrk_205B_venom,78,"{""project_key"":""mpieniak01_Venom"",""date"":""2026-03-19"",""issues"":0,""technical_debt_days"":0.0,""lines_of_code"":133226,""line_coverage_pct"":92.1,""unit_tests"":5340}"
wrk_205B_venom,79,"{""project_key"":""mpieniak01_Venom"",""date"":""2026-03-20"",""issues"":0,""technical_debt_days"":0.0,""lines_of_code"":133226,""line_coverage_pct"":92.1,""unit_tests"":5340}"
wrk_205B_venom,80,"{""project_key"":""mpieniak01_Venom"",""date"":""2026-03-21"",""issues"":0,""technical_debt_days"":0.0,""lines_of_code"":133226,""line_coverage_pct"":92.1,""unit_tests"":5340}"
wrk_205B_venom,81,"{""project_key"":""mpieniak01_Venom"",""date"":""2026-03-22"",""issues"":0,""technical_debt_days"":0.0,""lines_of_code"":138011,""line_coverage_pct"":92.2,""unit_tests"":5366}"
wrk_205B_venom,82,"{""project_key"":""mpieniak01_Venom"",""date"":""2026-03-23"",""issues"":0,""technical_debt_days"":0.0,""lines_of_code"":138011,""line_coverage_pct"":92.2,""unit_tests"":5366}"
wrk_205B_venom,83,"{""project_key"":""mpieniak01_Venom"",""date"":""2026-03-24"",""issues"":0,""technical_debt_days"":0.0,""lines_of_code"":138011,""line_coverage_pct"":92.2,""unit_tests"":5366}"
wrk_205B_venom,84,"{""project_key"":""mpieniak01_Venom"",""date"":""2026-03-25"",""issues"":0,""technical_debt_days"":0.0,""lines_of_code"":138011,""line_coverage_pct"":92.2,""unit_tests"":5366}"
wrk_205B_venom,85,"{""project_key"":""mpieniak01_Venom"",""date"":""2026-03-26"",""issues"":0,""technical_debt_days"":0.0,""lines_of_code"":138011,""line_coverage_pct"":92.2,""unit_tests"":5366}"
wrk_205B_venom,86,"{""project_key"":""mpieniak01_Venom"",""date"":""2026-03-27"",""issues"":0,""technical_debt_days"":0.0,""lines_of_code"":138011,""line_coverage_pct"":92.2,""unit_tests"":5366}"
wrk_205B_venom,87,"{""project_key"":""mpieniak01_Venom"",""date"":""2026-03-28"",""issues"":0,""technical_debt_days"":0.0,""lines_of_code"":138011,""line_coverage_pct"":92.2,""unit_tests"":5366}"
wrk_205B_venom,88,"{""project_key"":""mpieniak01_Venom"",""date"":""2026-03-29"",""issues"":0,""technical_debt_days"":0.0,""lines_of_code"":138011,""line_coverage_pct"":92.2,""unit_tests"":5366}"
wrk_205B_venom,89,"{""project_key"":""mpieniak01_Venom"",""date"":""2026-03-30"",""issues"":0,""technical_debt_days"":0.0,""lines_of_code"":138011,""line_coverage_pct"":92.2,""unit_tests"":5366}"
wrk_205B_venom,90,"{""project_key"":""mpieniak01_Venom"",""date"":""2026-03-31"",""issues"":0,""technical_debt_days"":0.0,""lines_of_code"":138011,""line_coverage_pct"":92.2,""unit_tests"":5366}"
wrk_205D_repo_summary,1,"{""project_key"":""FreedomIntelligence/OpenClaw-Medical-Skills"",""days_in_window"":90,""avg_active_pr"":0.0556,""median_lead_time_hours"":13.0893,""avg_lead_time_hours"":9.8643,""total_opened_pr"":12,""total_merged_pr"":10,""total_closed_not_merged_pr"":2}"
wrk_205D_repo_summary,2,"{""project_key"":""JefferyHcool/BiliNote"",""days_in_window"":90,""avg_active_pr"":4.4111,""median_lead_time_hours"":286.8611,""avg_lead_time_hours"":407.8391,""total_opened_pr"":25,""total_merged_pr"":21,""total_closed_not_merged_pr"":1}"
wrk_205D_repo_summary,3,"{""project_key"":""allenai/olmocr"",""days_in_window"":90,""avg_active_pr"":16.3,""median_lead_time_hours"":137.275,""avg_lead_time_hours"":137.275,""total_opened_pr"":15,""total_merged_pr"":1,""total_closed_not_merged_pr"":11}"
wrk_205D_repo_summary,4,"{""project_key"":""hiddify/Hiddify-Manager"",""days_in_window"":90,""avg_active_pr"":12.7667,""median_lead_time_hours"":20.1107,""avg_lead_time_hours"":619.7595,""total_opened_pr"":17,""total_merged_pr"":8,""total_closed_not_merged_pr"":11}"
wrk_205D_repo_summary,5,"{""project_key"":""khoj-ai/khoj"",""days_in_window"":90,""avg_active_pr"":8.5222,""median_lead_time_hours"":122.8469,""avg_lead_time_hours"":1549.0599,""total_opened_pr"":28,""total_merged_pr"":13,""total_closed_not_merged_pr"":17}"
wrk_205D_repo_summary,6,"{""project_key"":""mpieniak01/Venom"",""days_in_window"":90,""avg_active_pr"":0.1111,""median_lead_time_hours"":0.9179,""avg_lead_time_hours"":3.584,""total_opened_pr"":202,""total_merged_pr"":192,""total_closed_not_merged_pr"":10}"
wrk_205D_repo_summary,7,"{""project_key"":""neuropsychology/NeuroKit"",""days_in_window"":90,""avg_active_pr"":7.7889,""median_lead_time_hours"":1405.8664,""avg_lead_time_hours"":1918.1613,""total_opened_pr"":22,""total_merged_pr"":24,""total_closed_not_merged_pr"":9}"
wrk_205D_repo_summary,8,"{""project_key"":""omkarcloud/botasaurus"",""days_in_window"":90,""avg_active_pr"":3.2444,""median_lead_time_hours"":null,""avg_lead_time_hours"":null,""total_opened_pr"":1,""total_merged_pr"":0,""total_closed_not_merged_pr"":0}"
wrk_205D_repo_summary,9,"{""project_key"":""originalankur/maptoposter"",""days_in_window"":90,""avg_active_pr"":16.4667,""median_lead_time_hours"":18.477,""avg_lead_time_hours"":83.3919,""total_opened_pr"":115,""total_merged_pr"":21,""total_closed_not_merged_pr"":67}"
wrk_205D_repo_summary,10,"{""project_key"":""virt-manager/virt-manager"",""days_in_window"":90,""avg_active_pr"":12.3889,""median_lead_time_hours"":1.6437,""avg_lead_time_hours"":453.6284,""total_opened_pr"":24,""total_merged_pr"":19,""total_closed_not_merged_pr"":4}"
wrk_205D_repo_summary,11,"{""project_key"":""xlenore/ps2-covers"",""days_in_window"":90,""avg_active_pr"":1.6889,""median_lead_time_hours"":489.6943,""avg_lead_time_hours"":550.0695,""total_opened_pr"":5,""total_merged_pr"":11,""total_closed_not_merged_pr"":0}"
wrk_205D_venom,1,"{""project_key"":""mpieniak01/Venom"",""date"":""2026-01-01"",""pr_opened_count_daily"":2,""pr_merged_count_daily"":2,""pr_closed_not_merged_daily"":0,""pr_active_daily"":0,""pr_daily_avg_lead_time_hours"":0.5151,""pr_daily_median_lead_time_hours"":0.5151,""pr_daily_avg_review_latency_hours"":null,""lead_time_sample_size"":2}"
wrk_205D_venom,2,"{""project_key"":""mpieniak01/Venom"",""date"":""2026-01-02"",""pr_opened_count_daily"":3,""pr_merged_count_daily"":3,""pr_closed_not_merged_daily"":0,""pr_active_daily"":0,""pr_daily_avg_lead_time_hours"":0.2906,""pr_daily_median_lead_time_hours"":0.1931,""pr_daily_avg_review_latency_hours"":null,""lead_time_sample_size"":3}"
wrk_205D_venom,3,"{""project_key"":""mpieniak01/Venom"",""date"":""2026-01-03"",""pr_opened_count_daily"":0,""pr_merged_count_daily"":0,""pr_closed_not_merged_daily"":0,""pr_active_daily"":0,""pr_daily_avg_lead_time_hours"":null,""pr_daily_median_lead_time_hours"":null,""pr_daily_avg_review_latency_hours"":null,""lead_time_sample_size"":0}"
wrk_205D_venom,4,"{""project_key"":""mpieniak01/Venom"",""date"":""2026-01-04"",""pr_opened_count_daily"":0,""pr_merged_count_daily"":0,""pr_closed_not_merged_daily"":0,""pr_active_daily"":0,""pr_daily_avg_lead_time_hours"":null,""pr_daily_median_lead_time_hours"":null,""pr_daily_avg_review_latency_hours"":null,""lead_time_sample_size"":0}"
wrk_205D_venom,5,"{""project_key"":""mpieniak01/Venom"",""date"":""2026-01-05"",""pr_opened_count_daily"":3,""pr_merged_count_daily"":3,""pr_closed_not_merged_daily"":0,""pr_active_daily"":0,""pr_daily_avg_lead_time_hours"":1.3436,""pr_daily_median_lead_time_hours"":1.7258,""pr_daily_avg_review_latency_hours"":null,""lead_time_sample_size"":3}"
wrk_205D_venom,6,"{""project_key"":""mpieniak01/Venom"",""date"":""2026-01-06"",""pr_opened_count_daily"":0,""pr_merged_count_daily"":0,""pr_closed_not_merged_daily"":0,""pr_active_daily"":0,""pr_daily_avg_lead_time_hours"":null,""pr_daily_median_lead_time_hours"":null,""pr_daily_avg_review_latency_hours"":null,""lead_time_sample_size"":0}"
wrk_205D_venom,7,"{""project_key"":""mpieniak01/Venom"",""date"":""2026-01-07"",""pr_opened_count_daily"":3,""pr_merged_count_daily"":2,""pr_closed_not_merged_daily"":1,""pr_active_daily"":0,""pr_daily_avg_lead_time_hours"":1.8671,""pr_daily_median_lead_time_hours"":1.8671,""pr_daily_avg_review_latency_hours"":null,""lead_time_sample_size"":2}"
wrk_205D_venom,8,"{""project_key"":""mpieniak01/Venom"",""date"":""2026-01-08"",""pr_opened_count_daily"":6,""pr_merged_count_daily"":6,""pr_closed_not_merged_daily"":0,""pr_active_daily"":0,""pr_daily_avg_lead_time_hours"":1.9432,""pr_daily_median_lead_time_hours"":1.7658,""pr_daily_avg_review_latency_hours"":null,""lead_time_sample_size"":6}"
wrk_205D_venom,9,"{""project_key"":""mpieniak01/Venom"",""date"":""2026-01-09"",""pr_opened_count_daily"":0,""pr_merged_count_daily"":0,""pr_closed_not_merged_daily"":0,""pr_active_daily"":0,""pr_daily_avg_lead_time_hours"":null,""pr_daily_median_lead_time_hours"":null,""pr_daily_avg_review_latency_hours"":null,""lead_time_sample_size"":0}"
wrk_205D_venom,10,"{""project_key"":""mpieniak01/Venom"",""date"":""2026-01-10"",""pr_opened_count_daily"":0,""pr_merged_count_daily"":0,""pr_closed_not_merged_daily"":0,""pr_active_daily"":0,""pr_daily_avg_lead_time_hours"":null,""pr_daily_median_lead_time_hours"":null,""pr_daily_avg_review_latency_hours"":null,""lead_time_sample_size"":0}"
wrk_205D_venom,11,"{""project_key"":""mpieniak01/Venom"",""date"":""2026-01-11"",""pr_opened_count_daily"":0,""pr_merged_count_daily"":0,""pr_closed_not_merged_daily"":0,""pr_active_daily"":0,""pr_daily_avg_lead_time_hours"":null,""pr_daily_median_lead_time_hours"":null,""pr_daily_avg_review_latency_hours"":null,""lead_time_sample_size"":0}"
wrk_205D_venom,12,"{""project_key"":""mpieniak01/Venom"",""date"":""2026-01-12"",""pr_opened_count_daily"":0,""pr_merged_count_daily"":0,""pr_closed_not_merged_daily"":0,""pr_active_daily"":0,""pr_daily_avg_lead_time_hours"":null,""pr_daily_median_lead_time_hours"":null,""pr_daily_avg_review_latency_hours"":null,""lead_time_sample_size"":0}"
wrk_205D_venom,13,"{""project_key"":""mpieniak01/Venom"",""date"":""2026-01-13"",""pr_opened_count_daily"":0,""pr_merged_count_daily"":0,""pr_closed_not_merged_daily"":0,""pr_active_daily"":0,""pr_daily_avg_lead_time_hours"":null,""pr_daily_median_lead_time_hours"":null,""pr_daily_avg_review_latency_hours"":null,""lead_time_sample_size"":0}"
wrk_205D_venom,14,"{""project_key"":""mpieniak01/Venom"",""date"":""2026-01-14"",""pr_opened_count_daily"":0,""pr_merged_count_daily"":0,""pr_closed_not_merged_daily"":0,""pr_active_daily"":0,""pr_daily_avg_lead_time_hours"":null,""pr_daily_median_lead_time_hours"":null,""pr_daily_avg_review_latency_hours"":null,""lead_time_sample_size"":0}"
wrk_205D_venom,15,"{""project_key"":""mpieniak01/Venom"",""date"":""2026-01-15"",""pr_opened_count_daily"":0,""pr_merged_count_daily"":0,""pr_closed_not_merged_daily"":0,""pr_active_daily"":0,""pr_daily_avg_lead_time_hours"":null,""pr_daily_median_lead_time_hours"":null,""pr_daily_avg_review_latency_hours"":null,""lead_time_sample_size"":0}"
wrk_205D_venom,16,"{""project_key"":""mpieniak01/Venom"",""date"":""2026-01-16"",""pr_opened_count_daily"":0,""pr_merged_count_daily"":0,""pr_closed_not_merged_daily"":0,""pr_active_daily"":0,""pr_daily_avg_lead_time_hours"":null,""pr_daily_median_lead_time_hours"":null,""pr_daily_avg_review_latency_hours"":null,""lead_time_sample_size"":0}"
wrk_205D_venom,17,"{""project_key"":""mpieniak01/Venom"",""date"":""2026-01-17"",""pr_opened_count_daily"":3,""pr_merged_count_daily"":2,""pr_closed_not_merged_daily"":1,""pr_active_daily"":0,""pr_daily_avg_lead_time_hours"":0.5243,""pr_daily_median_lead_time_hours"":0.5243,""pr_daily_avg_review_latency_hours"":null,""lead_time_sample_size"":2}"
wrk_205D_venom,18,"{""project_key"":""mpieniak01/Venom"",""date"":""2026-01-18"",""pr_opened_count_daily"":3,""pr_merged_count_daily"":3,""pr_closed_not_merged_daily"":0,""pr_active_daily"":0,""pr_daily_avg_lead_time_hours"":0.2893,""pr_daily_median_lead_time_hours"":0.2433,""pr_daily_avg_review_latency_hours"":null,""lead_time_sample_size"":3}"
wrk_205D_venom,19,"{""project_key"":""mpieniak01/Venom"",""date"":""2026-01-19"",""pr_opened_count_daily"":0,""pr_merged_count_daily"":0,""pr_closed_not_merged_daily"":0,""pr_active_daily"":0,""pr_daily_avg_lead_time_hours"":null,""pr_daily_median_lead_time_hours"":null,""pr_daily_avg_review_latency_hours"":null,""lead_time_sample_size"":0}"
wrk_205D_venom,20,"{""project_key"":""mpieniak01/Venom"",""date"":""2026-01-20"",""pr_opened_count_daily"":0,""pr_merged_count_daily"":0,""pr_closed_not_merged_daily"":0,""pr_active_daily"":0,""pr_daily_avg_lead_time_hours"":null,""pr_daily_median_lead_time_hours"":null,""pr_daily_avg_review_latency_hours"":null,""lead_time_sample_size"":0}"
wrk_205D_venom,21,"{""project_key"":""mpieniak01/Venom"",""date"":""2026-01-21"",""pr_opened_count_daily"":0,""pr_merged_count_daily"":0,""pr_closed_not_merged_daily"":0,""pr_active_daily"":0,""pr_daily_avg_lead_time_hours"":null,""pr_daily_median_lead_time_hours"":null,""pr_daily_avg_review_latency_hours"":null,""lead_time_sample_size"":0}"
wrk_205D_venom,22,"{""project_key"":""mpieniak01/Venom"",""date"":""2026-01-22"",""pr_opened_count_daily"":0,""pr_merged_count_daily"":0,""pr_closed_not_merged_daily"":0,""pr_active_daily"":0,""pr_daily_avg_lead_time_hours"":null,""pr_daily_median_lead_time_hours"":null,""pr_daily_avg_review_latency_hours"":null,""lead_time_sample_size"":0}"
wrk_205D_venom,23,"{""project_key"":""mpieniak01/Venom"",""date"":""2026-01-23"",""pr_opened_count_daily"":0,""pr_merged_count_daily"":0,""pr_closed_not_merged_daily"":0,""pr_active_daily"":0,""pr_daily_avg_lead_time_hours"":null,""pr_daily_median_lead_time_hours"":null,""pr_daily_avg_review_latency_hours"":null,""lead_time_sample_size"":0}"
wrk_205D_venom,24,"{""project_key"":""mpieniak01/Venom"",""date"":""2026-01-24"",""pr_opened_count_daily"":3,""pr_merged_count_daily"":3,""pr_closed_not_merged_daily"":0,""pr_active_daily"":0,""pr_daily_avg_lead_time_hours"":1.0891,""pr_daily_median_lead_time_hours"":0.465,""pr_daily_avg_review_latency_hours"":null,""lead_time_sample_size"":3}"
wrk_205D_venom,25,"{""project_key"":""mpieniak01/Venom"",""date"":""2026-01-25"",""pr_opened_count_daily"":0,""pr_merged_count_daily"":0,""pr_closed_not_merged_daily"":0,""pr_active_daily"":0,""pr_daily_avg_lead_time_hours"":null,""pr_daily_median_lead_time_hours"":null,""pr_daily_avg_review_latency_hours"":null,""lead_time_sample_size"":0}"
wrk_205D_venom,26,"{""project_key"":""mpieniak01/Venom"",""date"":""2026-01-26"",""pr_opened_count_daily"":1,""pr_merged_count_daily"":0,""pr_closed_not_merged_daily"":0,""pr_active_daily"":1,""pr_daily_avg_lead_time_hours"":null,""pr_daily_median_lead_time_hours"":null,""pr_daily_avg_review_latency_hours"":null,""lead_time_sample_size"":0}"
wrk_205D_venom,27,"{""project_key"":""mpieniak01/Venom"",""date"":""2026-01-27"",""pr_opened_count_daily"":1,""pr_merged_count_daily"":2,""pr_closed_not_merged_daily"":0,""pr_active_daily"":0,""pr_daily_avg_lead_time_hours"":10.4381,""pr_daily_median_lead_time_hours"":10.4381,""pr_daily_avg_review_latency_hours"":null,""lead_time_sample_size"":2}"
wrk_205D_venom,28,"{""project_key"":""mpieniak01/Venom"",""date"":""2026-01-28"",""pr_opened_count_daily"":2,""pr_merged_count_daily"":1,""pr_closed_not_merged_daily"":0,""pr_active_daily"":1,""pr_daily_avg_lead_time_hours"":0.4308,""pr_daily_median_lead_time_hours"":0.4308,""pr_daily_avg_review_latency_hours"":null,""lead_time_sample_size"":1}"
wrk_205D_venom,29,"{""project_key"":""mpieniak01/Venom"",""date"":""2026-01-29"",""pr_opened_count_daily"":0,""pr_merged_count_daily"":0,""pr_closed_not_merged_daily"":0,""pr_active_daily"":1,""pr_daily_avg_lead_time_hours"":null,""pr_daily_median_lead_time_hours"":null,""pr_daily_avg_review_latency_hours"":null,""lead_time_sample_size"":0}"
wrk_205D_venom,30,"{""project_key"":""mpieniak01/Venom"",""date"":""2026-01-30"",""pr_opened_count_daily"":1,""pr_merged_count_daily"":2,""pr_closed_not_merged_daily"":0,""pr_active_daily"":0,""pr_daily_avg_lead_time_hours"":23.9228,""pr_daily_median_lead_time_hours"":23.9228,""pr_daily_avg_review_latency_hours"":null,""lead_time_sample_size"":2}"
wrk_205D_venom,31,"{""project_key"":""mpieniak01/Venom"",""date"":""2026-01-31"",""pr_opened_count_daily"":5,""pr_merged_count_daily"":5,""pr_closed_not_merged_daily"":0,""pr_active_daily"":0,""pr_daily_avg_lead_time_hours"":0.4398,""pr_daily_median_lead_time_hours"":0.4725,""pr_daily_avg_review_latency_hours"":null,""lead_time_sample_size"":5}"
wrk_205D_venom,32,"{""project_key"":""mpieniak01/Venom"",""date"":""2026-02-01"",""pr_opened_count_daily"":3,""pr_merged_count_daily"":3,""pr_closed_not_merged_daily"":0,""pr_active_daily"":0,""pr_daily_avg_lead_time_hours"":0.3931,""pr_daily_median_lead_time_hours"":0.3589,""pr_daily_avg_review_latency_hours"":null,""lead_time_sample_size"":3}"
wrk_205D_venom,33,"{""project_key"":""mpieniak01/Venom"",""date"":""2026-02-02"",""pr_opened_count_daily"":1,""pr_merged_count_daily"":1,""pr_closed_not_merged_daily"":0,""pr_active_daily"":0,""pr_daily_avg_lead_time_hours"":1.3183,""pr_daily_median_lead_time_hours"":1.3183,""pr_daily_avg_review_latency_hours"":null,""lead_time_sample_size"":1}"
wrk_205D_venom,34,"{""project_key"":""mpieniak01/Venom"",""date"":""2026-02-03"",""pr_opened_count_daily"":1,""pr_merged_count_daily"":1,""pr_closed_not_merged_daily"":0,""pr_active_daily"":0,""pr_daily_avg_lead_time_hours"":0.4647,""pr_daily_median_lead_time_hours"":0.4647,""pr_daily_avg_review_latency_hours"":null,""lead_time_sample_size"":1}"
wrk_205D_venom,35,"{""project_key"":""mpieniak01/Venom"",""date"":""2026-02-04"",""pr_opened_count_daily"":2,""pr_merged_count_daily"":1,""pr_closed_not_merged_daily"":1,""pr_active_daily"":0,""pr_daily_avg_lead_time_hours"":4.5686,""pr_daily_median_lead_time_hours"":4.5686,""pr_daily_avg_review_latency_hours"":null,""lead_time_sample_size"":1}"
wrk_205D_venom,36,"{""project_key"":""mpieniak01/Venom"",""date"":""2026-02-05"",""pr_opened_count_daily"":1,""pr_merged_count_daily"":1,""pr_closed_not_merged_daily"":0,""pr_active_daily"":0,""pr_daily_avg_lead_time_hours"":7.6953,""pr_daily_median_lead_time_hours"":7.6953,""pr_daily_avg_review_latency_hours"":null,""lead_time_sample_size"":1}"
wrk_205D_venom,37,"{""project_key"":""mpieniak01/Venom"",""date"":""2026-02-06"",""pr_opened_count_daily"":4,""pr_merged_count_daily"":4,""pr_closed_not_merged_daily"":0,""pr_active_daily"":0,""pr_daily_avg_lead_time_hours"":1.4269,""pr_daily_median_lead_time_hours"":1.3742,""pr_daily_avg_review_latency_hours"":null,""lead_time_sample_size"":4}"
wrk_205D_venom,38,"{""project_key"":""mpieniak01/Venom"",""date"":""2026-02-07"",""pr_opened_count_daily"":4,""pr_merged_count_daily"":4,""pr_closed_not_merged_daily"":0,""pr_active_daily"":0,""pr_daily_avg_lead_time_hours"":0.761,""pr_daily_median_lead_time_hours"":0.809,""pr_daily_avg_review_latency_hours"":null,""lead_time_sample_size"":4}"
wrk_205D_venom,39,"{""project_key"":""mpieniak01/Venom"",""date"":""2026-02-08"",""pr_opened_count_daily"":8,""pr_merged_count_daily"":8,""pr_closed_not_merged_daily"":0,""pr_active_daily"":0,""pr_daily_avg_lead_time_hours"":0.95,""pr_daily_median_lead_time_hours"":0.7797,""pr_daily_avg_review_latency_hours"":null,""lead_time_sample_size"":8}"
wrk_205D_venom,40,"{""project_key"":""mpieniak01/Venom"",""date"":""2026-02-09"",""pr_opened_count_daily"":16,""pr_merged_count_daily"":14,""pr_closed_not_merged_daily"":2,""pr_active_daily"":0,""pr_daily_avg_lead_time_hours"":0.4641,""pr_daily_median_lead_time_hours"":0.2171,""pr_daily_avg_review_latency_hours"":null,""lead_time_sample_size"":14}"
wrk_205D_venom,41,"{""project_key"":""mpieniak01/Venom"",""date"":""2026-02-10"",""pr_opened_count_daily"":6,""pr_merged_count_daily"":6,""pr_closed_not_merged_daily"":0,""pr_active_daily"":0,""pr_daily_avg_lead_time_hours"":0.6125,""pr_daily_median_lead_time_hours"":0.5242,""pr_daily_avg_review_latency_hours"":null,""lead_time_sample_size"":6}"
wrk_205D_venom,42,"{""project_key"":""mpieniak01/Venom"",""date"":""2026-02-11"",""pr_opened_count_daily"":5,""pr_merged_count_daily"":5,""pr_closed_not_merged_daily"":0,""pr_active_daily"":0,""pr_daily_avg_lead_time_hours"":2.7046,""pr_daily_median_lead_time_hours"":1.0867,""pr_daily_avg_review_latency_hours"":null,""lead_time_sample_size"":5}"
wrk_205D_venom,43,"{""project_key"":""mpieniak01/Venom"",""date"":""2026-02-12"",""pr_opened_count_daily"":10,""pr_merged_count_daily"":9,""pr_closed_not_merged_daily"":1,""pr_active_daily"":0,""pr_daily_avg_lead_time_hours"":1.2812,""pr_daily_median_lead_time_hours"":1.2556,""pr_daily_avg_review_latency_hours"":null,""lead_time_sample_size"":9}"
wrk_205D_venom,44,"{""project_key"":""mpieniak01/Venom"",""date"":""2026-02-13"",""pr_opened_count_daily"":5,""pr_merged_count_daily"":5,""pr_closed_not_merged_daily"":0,""pr_active_daily"":0,""pr_daily_avg_lead_time_hours"":1.1656,""pr_daily_median_lead_time_hours"":0.86,""pr_daily_avg_review_latency_hours"":null,""lead_time_sample_size"":5}"
wrk_205D_venom,45,"{""project_key"":""mpieniak01/Venom"",""date"":""2026-02-14"",""pr_opened_count_daily"":11,""pr_merged_count_daily"":10,""pr_closed_not_merged_daily"":0,""pr_active_daily"":1,""pr_daily_avg_lead_time_hours"":1.3201,""pr_daily_median_lead_time_hours"":0.9422,""pr_daily_avg_review_latency_hours"":null,""lead_time_sample_size"":10}"
wrk_205D_venom,46,"{""project_key"":""mpieniak01/Venom"",""date"":""2026-02-15"",""pr_opened_count_daily"":2,""pr_merged_count_daily"":3,""pr_closed_not_merged_daily"":0,""pr_active_daily"":0,""pr_daily_avg_lead_time_hours"":6.7122,""pr_daily_median_lead_time_hours"":1.5825,""pr_daily_avg_review_latency_hours"":null,""lead_time_sample_size"":3}"
wrk_205D_venom,47,"{""project_key"":""mpieniak01/Venom"",""date"":""2026-02-16"",""pr_opened_count_daily"":3,""pr_merged_count_daily"":3,""pr_closed_not_merged_daily"":0,""pr_active_daily"":0,""pr_daily_avg_lead_time_hours"":0.7294,""pr_daily_median_lead_time_hours"":0.6681,""pr_daily_avg_review_latency_hours"":null,""lead_time_sample_size"":3}"
wrk_205D_venom,48,"{""project_key"":""mpieniak01/Venom"",""date"":""2026-02-17"",""pr_opened_count_daily"":3,""pr_merged_count_daily"":3,""pr_closed_not_merged_daily"":0,""pr_active_daily"":0,""pr_daily_avg_lead_time_hours"":1.271,""pr_daily_median_lead_time_hours"":0.745,""pr_daily_avg_review_latency_hours"":null,""lead_time_sample_size"":3}"
wrk_205D_venom,49,"{""project_key"":""mpieniak01/Venom"",""date"":""2026-02-18"",""pr_opened_count_daily"":9,""pr_merged_count_daily"":9,""pr_closed_not_merged_daily"":0,""pr_active_daily"":0,""pr_daily_avg_lead_time_hours"":0.532,""pr_daily_median_lead_time_hours"":0.3508,""pr_daily_avg_review_latency_hours"":null,""lead_time_sample_size"":9}"
wrk_205D_venom,50,"{""project_key"":""mpieniak01/Venom"",""date"":""2026-02-19"",""pr_opened_count_daily"":1,""pr_merged_count_daily"":1,""pr_closed_not_merged_daily"":0,""pr_active_daily"":0,""pr_daily_avg_lead_time_hours"":2.5608,""pr_daily_median_lead_time_hours"":2.5608,""pr_daily_avg_review_latency_hours"":null,""lead_time_sample_size"":1}"
wrk_205D_venom,51,"{""project_key"":""mpieniak01/Venom"",""date"":""2026-02-20"",""pr_opened_count_daily"":1,""pr_merged_count_daily"":1,""pr_closed_not_merged_daily"":0,""pr_active_daily"":0,""pr_daily_avg_lead_time_hours"":4.9817,""pr_daily_median_lead_time_hours"":4.9817,""pr_daily_avg_review_latency_hours"":null,""lead_time_sample_size"":1}"
wrk_205D_venom,52,"{""project_key"":""mpieniak01/Venom"",""date"":""2026-02-21"",""pr_opened_count_daily"":4,""pr_merged_count_daily"":4,""pr_closed_not_merged_daily"":0,""pr_active_daily"":0,""pr_daily_avg_lead_time_hours"":1.3184,""pr_daily_median_lead_time_hours"":1.1124,""pr_daily_avg_review_latency_hours"":null,""lead_time_sample_size"":4}"
wrk_205D_venom,53,"{""project_key"":""mpieniak01/Venom"",""date"":""2026-02-22"",""pr_opened_count_daily"":2,""pr_merged_count_daily"":2,""pr_closed_not_merged_daily"":0,""pr_active_daily"":0,""pr_daily_avg_lead_time_hours"":0.7989,""pr_daily_median_lead_time_hours"":0.7989,""pr_daily_avg_review_latency_hours"":null,""lead_time_sample_size"":2}"
wrk_205D_venom,54,"{""project_key"":""mpieniak01/Venom"",""date"":""2026-02-23"",""pr_opened_count_daily"":1,""pr_merged_count_daily"":1,""pr_closed_not_merged_daily"":0,""pr_active_daily"":0,""pr_daily_avg_lead_time_hours"":1.1631,""pr_daily_median_lead_time_hours"":1.1631,""pr_daily_avg_review_latency_hours"":null,""lead_time_sample_size"":1}"
wrk_205D_venom,55,"{""project_key"":""mpieniak01/Venom"",""date"":""2026-02-24"",""pr_opened_count_daily"":5,""pr_merged_count_daily"":5,""pr_closed_not_merged_daily"":0,""pr_active_daily"":0,""pr_daily_avg_lead_time_hours"":2.3702,""pr_daily_median_lead_time_hours"":2.5047,""pr_daily_avg_review_latency_hours"":null,""lead_time_sample_size"":5}"
wrk_205D_venom,56,"{""project_key"":""mpieniak01/Venom"",""date"":""2026-02-25"",""pr_opened_count_daily"":1,""pr_merged_count_daily"":1,""pr_closed_not_merged_daily"":0,""pr_active_daily"":0,""pr_daily_avg_lead_time_hours"":1.2369,""pr_daily_median_lead_time_hours"":1.2369,""pr_daily_avg_review_latency_hours"":null,""lead_time_sample_size"":1}"
wrk_205D_venom,57,"{""project_key"":""mpieniak01/Venom"",""date"":""2026-02-26"",""pr_opened_count_daily"":1,""pr_merged_count_daily"":1,""pr_closed_not_merged_daily"":0,""pr_active_daily"":0,""pr_daily_avg_lead_time_hours"":0.8003,""pr_daily_median_lead_time_hours"":0.8003,""pr_daily_avg_review_latency_hours"":null,""lead_time_sample_size"":1}"
wrk_205D_venom,58,"{""project_key"":""mpieniak01/Venom"",""date"":""2026-02-27"",""pr_opened_count_daily"":4,""pr_merged_count_daily"":4,""pr_closed_not_merged_daily"":0,""pr_active_daily"":0,""pr_daily_avg_lead_time_hours"":0.5692,""pr_daily_median_lead_time_hours"":0.3968,""pr_daily_avg_review_latency_hours"":null,""lead_time_sample_size"":4}"
wrk_205D_venom,59,"{""project_key"":""mpieniak01/Venom"",""date"":""2026-02-28"",""pr_opened_count_daily"":6,""pr_merged_count_daily"":6,""pr_closed_not_merged_daily"":0,""pr_active_daily"":0,""pr_daily_avg_lead_time_hours"":0.6304,""pr_daily_median_lead_time_hours"":0.401,""pr_daily_avg_review_latency_hours"":null,""lead_time_sample_size"":6}"
wrk_205D_venom,60,"{""project_key"":""mpieniak01/Venom"",""date"":""2026-03-01"",""pr_opened_count_daily"":4,""pr_merged_count_daily"":4,""pr_closed_not_merged_daily"":0,""pr_active_daily"":0,""pr_daily_avg_lead_time_hours"":1.3385,""pr_daily_median_lead_time_hours"":0.8936,""pr_daily_avg_review_latency_hours"":null,""lead_time_sample_size"":4}"
wrk_205D_venom,61,"{""project_key"":""mpieniak01/Venom"",""date"":""2026-03-02"",""pr_opened_count_daily"":5,""pr_merged_count_daily"":4,""pr_closed_not_merged_daily"":0,""pr_active_daily"":1,""pr_daily_avg_lead_time_hours"":0.7396,""pr_daily_median_lead_time_hours"":0.6483,""pr_daily_avg_review_latency_hours"":null,""lead_time_sample_size"":4}"
wrk_205D_venom,62,"{""project_key"":""mpieniak01/Venom"",""date"":""2026-03-03"",""pr_opened_count_daily"":5,""pr_merged_count_daily"":4,""pr_closed_not_merged_daily"":2,""pr_active_daily"":0,""pr_daily_avg_lead_time_hours"":4.8401,""pr_daily_median_lead_time_hours"":2.295,""pr_daily_avg_review_latency_hours"":null,""lead_time_sample_size"":4}"
wrk_205D_venom,63,"{""project_key"":""mpieniak01/Venom"",""date"":""2026-03-04"",""pr_opened_count_daily"":5,""pr_merged_count_daily"":5,""pr_closed_not_merged_daily"":0,""pr_active_daily"":0,""pr_daily_avg_lead_time_hours"":1.0382,""pr_daily_median_lead_time_hours"":0.8892,""pr_daily_avg_review_latency_hours"":null,""lead_time_sample_size"":5}"
wrk_205D_venom,64,"{""project_key"":""mpieniak01/Venom"",""date"":""2026-03-05"",""pr_opened_count_daily"":2,""pr_merged_count_daily"":2,""pr_closed_not_merged_daily"":0,""pr_active_daily"":0,""pr_daily_avg_lead_time_hours"":1.7464,""pr_daily_median_lead_time_hours"":1.7464,""pr_daily_avg_review_latency_hours"":null,""lead_time_sample_size"":2}"
wrk_205D_venom,65,"{""project_key"":""mpieniak01/Venom"",""date"":""2026-03-06"",""pr_opened_count_daily"":2,""pr_merged_count_daily"":2,""pr_closed_not_merged_daily"":0,""pr_active_daily"":0,""pr_daily_avg_lead_time_hours"":1.256,""pr_daily_median_lead_time_hours"":1.256,""pr_daily_avg_review_latency_hours"":null,""lead_time_sample_size"":2}"
wrk_205D_venom,66,"{""project_key"":""mpieniak01/Venom"",""date"":""2026-03-07"",""pr_opened_count_daily"":2,""pr_merged_count_daily"":1,""pr_closed_not_merged_daily"":0,""pr_active_daily"":1,""pr_daily_avg_lead_time_hours"":0.885,""pr_daily_median_lead_time_hours"":0.885,""pr_daily_avg_review_latency_hours"":null,""lead_time_sample_size"":1}"
wrk_205D_venom,67,"{""project_key"":""mpieniak01/Venom"",""date"":""2026-03-08"",""pr_opened_count_daily"":0,""pr_merged_count_daily"":0,""pr_closed_not_merged_daily"":0,""pr_active_daily"":1,""pr_daily_avg_lead_time_hours"":null,""pr_daily_median_lead_time_hours"":null,""pr_daily_avg_review_latency_hours"":null,""lead_time_sample_size"":0}"
wrk_205D_venom,68,"{""project_key"":""mpieniak01/Venom"",""date"":""2026-03-09"",""pr_opened_count_daily"":1,""pr_merged_count_daily"":1,""pr_closed_not_merged_daily"":0,""pr_active_daily"":1,""pr_daily_avg_lead_time_hours"":36.5575,""pr_daily_median_lead_time_hours"":36.5575,""pr_daily_avg_review_latency_hours"":null,""lead_time_sample_size"":1}"
wrk_205D_venom,69,"{""project_key"":""mpieniak01/Venom"",""date"":""2026-03-10"",""pr_opened_count_daily"":2,""pr_merged_count_daily"":3,""pr_closed_not_merged_daily"":0,""pr_active_daily"":0,""pr_daily_avg_lead_time_hours"":9.1617,""pr_daily_median_lead_time_hours"":0.7947,""pr_daily_avg_review_latency_hours"":null,""lead_time_sample_size"":3}"
wrk_205D_venom,70,"{""project_key"":""mpieniak01/Venom"",""date"":""2026-03-11"",""pr_opened_count_daily"":2,""pr_merged_count_daily"":2,""pr_closed_not_merged_daily"":0,""pr_active_daily"":0,""pr_daily_avg_lead_time_hours"":2.1025,""pr_daily_median_lead_time_hours"":2.1025,""pr_daily_avg_review_latency_hours"":null,""lead_time_sample_size"":2}"
wrk_205D_venom,71,"{""project_key"":""mpieniak01/Venom"",""date"":""2026-03-12"",""pr_opened_count_daily"":3,""pr_merged_count_daily"":3,""pr_closed_not_merged_daily"":0,""pr_active_daily"":0,""pr_daily_avg_lead_time_hours"":1.9287,""pr_daily_median_lead_time_hours"":0.8011,""pr_daily_avg_review_latency_hours"":null,""lead_time_sample_size"":3}"
wrk_205D_venom,72,"{""project_key"":""mpieniak01/Venom"",""date"":""2026-03-13"",""pr_opened_count_daily"":4,""pr_merged_count_daily"":4,""pr_closed_not_merged_daily"":0,""pr_active_daily"":0,""pr_daily_avg_lead_time_hours"":0.7881,""pr_daily_median_lead_time_hours"":0.7678,""pr_daily_avg_review_latency_hours"":null,""lead_time_sample_size"":4}"
wrk_205D_venom,73,"{""project_key"":""mpieniak01/Venom"",""date"":""2026-03-14"",""pr_opened_count_daily"":2,""pr_merged_count_daily"":2,""pr_closed_not_merged_daily"":0,""pr_active_daily"":0,""pr_daily_avg_lead_time_hours"":0.8664,""pr_daily_median_lead_time_hours"":0.8664,""pr_daily_avg_review_latency_hours"":null,""lead_time_sample_size"":2}"
wrk_205D_venom,74,"{""project_key"":""mpieniak01/Venom"",""date"":""2026-03-15"",""pr_opened_count_daily"":4,""pr_merged_count_daily"":1,""pr_closed_not_merged_daily"":2,""pr_active_daily"":1,""pr_daily_avg_lead_time_hours"":1.7661,""pr_daily_median_lead_time_hours"":1.7661,""pr_daily_avg_review_latency_hours"":null,""lead_time_sample_size"":1}"
wrk_205D_venom,75,"{""project_key"":""mpieniak01/Venom"",""date"":""2026-03-16"",""pr_opened_count_daily"":0,""pr_merged_count_daily"":1,""pr_closed_not_merged_daily"":0,""pr_active_daily"":0,""pr_daily_avg_lead_time_hours"":22.6706,""pr_daily_median_lead_time_hours"":22.6706,""pr_daily_avg_review_latency_hours"":null,""lead_time_sample_size"":1}"
wrk_205D_venom,76,"{""project_key"":""mpieniak01/Venom"",""date"":""2026-03-17"",""pr_opened_count_daily"":1,""pr_merged_count_daily"":1,""pr_closed_not_merged_daily"":0,""pr_active_daily"":0,""pr_daily_avg_lead_time_hours"":3.3619,""pr_daily_median_lead_time_hours"":3.3619,""pr_daily_avg_review_latency_hours"":null,""lead_time_sample_size"":1}"
wrk_205D_venom,77,"{""project_key"":""mpieniak01/Venom"",""date"":""2026-03-18"",""pr_opened_count_daily"":1,""pr_merged_count_daily"":1,""pr_closed_not_merged_daily"":0,""pr_active_daily"":0,""pr_daily_avg_lead_time_hours"":2.0242,""pr_daily_median_lead_time_hours"":2.0242,""pr_daily_avg_review_latency_hours"":null,""lead_time_sample_size"":1}"
wrk_205D_venom,78,"{""project_key"":""mpieniak01/Venom"",""date"":""2026-03-19"",""pr_opened_count_daily"":0,""pr_merged_count_daily"":0,""pr_closed_not_merged_daily"":0,""pr_active_daily"":0,""pr_daily_avg_lead_time_hours"":null,""pr_daily_median_lead_time_hours"":null,""pr_daily_avg_review_latency_hours"":null,""lead_time_sample_size"":0}"
wrk_205D_venom,79,"{""project_key"":""mpieniak01/Venom"",""date"":""2026-03-20"",""pr_opened_count_daily"":0,""pr_merged_count_daily"":0,""pr_closed_not_merged_daily"":0,""pr_active_daily"":0,""pr_daily_avg_lead_time_hours"":null,""pr_daily_median_lead_time_hours"":null,""pr_daily_avg_review_latency_hours"":null,""lead_time_sample_size"":0}"
wrk_205D_venom,80,"{""project_key"":""mpieniak01/Venom"",""date"":""2026-03-21"",""pr_opened_count_daily"":1,""pr_merged_count_daily"":0,""pr_closed_not_merged_daily"":0,""pr_active_daily"":1,""pr_daily_avg_lead_time_hours"":null,""pr_daily_median_lead_time_hours"":null,""pr_daily_avg_review_latency_hours"":null,""lead_time_sample_size"":0}"
wrk_205D_venom,81,"{""project_key"":""mpieniak01/Venom"",""date"":""2026-03-22"",""pr_opened_count_daily"":0,""pr_merged_count_daily"":1,""pr_closed_not_merged_daily"":0,""pr_active_daily"":0,""pr_daily_avg_lead_time_hours"":20.9075,""pr_daily_median_lead_time_hours"":20.9075,""pr_daily_avg_review_latency_hours"":null,""lead_time_sample_size"":1}"
wrk_205D_venom,82,"{""project_key"":""mpieniak01/Venom"",""date"":""2026-03-23"",""pr_opened_count_daily"":0,""pr_merged_count_daily"":0,""pr_closed_not_merged_daily"":0,""pr_active_daily"":0,""pr_daily_avg_lead_time_hours"":null,""pr_daily_median_lead_time_hours"":null,""pr_daily_avg_review_latency_hours"":null,""lead_time_sample_size"":0}"
wrk_205D_venom,83,"{""project_key"":""mpieniak01/Venom"",""date"":""2026-03-24"",""pr_opened_count_daily"":0,""pr_merged_count_daily"":0,""pr_closed_not_merged_daily"":0,""pr_active_daily"":0,""pr_daily_avg_lead_time_hours"":null,""pr_daily_median_lead_time_hours"":null,""pr_daily_avg_review_latency_hours"":null,""lead_time_sample_size"":0}"
wrk_205D_venom,84,"{""project_key"":""mpieniak01/Venom"",""date"":""2026-03-25"",""pr_opened_count_daily"":0,""pr_merged_count_daily"":0,""pr_closed_not_merged_daily"":0,""pr_active_daily"":0,""pr_daily_avg_lead_time_hours"":null,""pr_daily_median_lead_time_hours"":null,""pr_daily_avg_review_latency_hours"":null,""lead_time_sample_size"":0}"
wrk_205D_venom,85,"{""project_key"":""mpieniak01/Venom"",""date"":""2026-03-26"",""pr_opened_count_daily"":0,""pr_merged_count_daily"":0,""pr_closed_not_merged_daily"":0,""pr_active_daily"":0,""pr_daily_avg_lead_time_hours"":null,""pr_daily_median_lead_time_hours"":null,""pr_daily_avg_review_latency_hours"":null,""lead_time_sample_size"":0}"
wrk_205D_venom,86,"{""project_key"":""mpieniak01/Venom"",""date"":""2026-03-27"",""pr_opened_count_daily"":0,""pr_merged_count_daily"":0,""pr_closed_not_merged_daily"":0,""pr_active_daily"":0,""pr_daily_avg_lead_time_hours"":null,""pr_daily_median_lead_time_hours"":null,""pr_daily_avg_review_latency_hours"":null,""lead_time_sample_size"":0}"
wrk_205D_venom,87,"{""project_key"":""mpieniak01/Venom"",""date"":""2026-03-28"",""pr_opened_count_daily"":0,""pr_merged_count_daily"":0,""pr_closed_not_merged_daily"":0,""pr_active_daily"":0,""pr_daily_avg_lead_time_hours"":null,""pr_daily_median_lead_time_hours"":null,""pr_daily_avg_review_latency_hours"":null,""lead_time_sample_size"":0}"
wrk_205D_venom,88,"{""project_key"":""mpieniak01/Venom"",""date"":""2026-03-29"",""pr_opened_count_daily"":0,""pr_merged_count_daily"":0,""pr_closed_not_merged_daily"":0,""pr_active_daily"":0,""pr_daily_avg_lead_time_hours"":null,""pr_daily_median_lead_time_hours"":null,""pr_daily_avg_review_latency_hours"":null,""lead_time_sample_size"":0}"
wrk_205D_venom,89,"{""project_key"":""mpieniak01/Venom"",""date"":""2026-03-30"",""pr_opened_count_daily"":0,""pr_merged_count_daily"":0,""pr_closed_not_merged_daily"":0,""pr_active_daily"":0,""pr_daily_avg_lead_time_hours"":null,""pr_daily_median_lead_time_hours"":null,""pr_daily_avg_review_latency_hours"":null,""lead_time_sample_size"":0}"
wrk_205D_venom,90,"{""project_key"":""mpieniak01/Venom"",""date"":""2026-03-31"",""pr_opened_count_daily"":0,""pr_merged_count_daily"":0,""pr_closed_not_merged_daily"":0,""pr_active_daily"":0,""pr_daily_avg_lead_time_hours"":null,""pr_daily_median_lead_time_hours"":null,""pr_daily_avg_review_latency_hours"":null,""lead_time_sample_size"":0}"
wrk_205E_comments_daily,1,"{""project_key"":""mpieniak01/Venom"",""date"":""2026-01-01"",""closed_pr_count_daily"":2,""merged_pr_count_daily"":2,""avg_comments_closed_daily"":6.5,""median_comments_closed_daily"":6.5,""avg_comments_merged_daily"":6.5,""median_comments_merged_daily"":6.5}"
wrk_205E_comments_daily,2,"{""project_key"":""mpieniak01/Venom"",""date"":""2026-01-02"",""closed_pr_count_daily"":3,""merged_pr_count_daily"":3,""avg_comments_closed_daily"":5.3333,""median_comments_closed_daily"":0.0,""avg_comments_merged_daily"":5.3333,""median_comments_merged_daily"":0.0}"
wrk_205E_comments_daily,3,"{""project_key"":""mpieniak01/Venom"",""date"":""2026-01-03"",""closed_pr_count_daily"":0,""merged_pr_count_daily"":0,""avg_comments_closed_daily"":null,""median_comments_closed_daily"":null,""avg_comments_merged_daily"":null,""median_comments_merged_daily"":null}"
wrk_205E_comments_daily,4,"{""project_key"":""mpieniak01/Venom"",""date"":""2026-01-04"",""closed_pr_count_daily"":0,""merged_pr_count_daily"":0,""avg_comments_closed_daily"":null,""median_comments_closed_daily"":null,""avg_comments_merged_daily"":null,""median_comments_merged_daily"":null}"
wrk_205E_comments_daily,5,"{""project_key"":""mpieniak01/Venom"",""date"":""2026-01-05"",""closed_pr_count_daily"":3,""merged_pr_count_daily"":3,""avg_comments_closed_daily"":6.0,""median_comments_closed_daily"":1.0,""avg_comments_merged_daily"":6.0,""median_comments_merged_daily"":1.0}"
wrk_205E_comments_daily,6,"{""project_key"":""mpieniak01/Venom"",""date"":""2026-01-06"",""closed_pr_count_daily"":0,""merged_pr_count_daily"":0,""avg_comments_closed_daily"":null,""median_comments_closed_daily"":null,""avg_comments_merged_daily"":null,""median_comments_merged_daily"":null}"
wrk_205E_comments_daily,7,"{""project_key"":""mpieniak01/Venom"",""date"":""2026-01-07"",""closed_pr_count_daily"":3,""merged_pr_count_daily"":2,""avg_comments_closed_daily"":5.6667,""median_comments_closed_daily"":0.0,""avg_comments_merged_daily"":8.5,""median_comments_merged_daily"":8.5}"
wrk_205E_comments_daily,8,"{""project_key"":""mpieniak01/Venom"",""date"":""2026-01-08"",""closed_pr_count_daily"":6,""merged_pr_count_daily"":6,""avg_comments_closed_daily"":4.5,""median_comments_closed_daily"":0.0,""avg_comments_merged_daily"":4.5,""median_comments_merged_daily"":0.0}"
wrk_205E_comments_daily,9,"{""project_key"":""mpieniak01/Venom"",""date"":""2026-01-09"",""closed_pr_count_daily"":0,""merged_pr_count_daily"":0,""avg_comments_closed_daily"":null,""median_comments_closed_daily"":null,""avg_comments_merged_daily"":null,""median_comments_merged_daily"":null}"
wrk_205E_comments_daily,10,"{""project_key"":""mpieniak01/Venom"",""date"":""2026-01-10"",""closed_pr_count_daily"":0,""merged_pr_count_daily"":0,""avg_comments_closed_daily"":null,""median_comments_closed_daily"":null,""avg_comments_merged_daily"":null,""median_comments_merged_daily"":null}"
wrk_205E_comments_daily,11,"{""project_key"":""mpieniak01/Venom"",""date"":""2026-01-11"",""closed_pr_count_daily"":0,""merged_pr_count_daily"":0,""avg_comments_closed_daily"":null,""median_comments_closed_daily"":null,""avg_comments_merged_daily"":null,""median_comments_merged_daily"":null}"
wrk_205E_comments_daily,12,"{""project_key"":""mpieniak01/Venom"",""date"":""2026-01-12"",""closed_pr_count_daily"":0,""merged_pr_count_daily"":0,""avg_comments_closed_daily"":null,""median_comments_closed_daily"":null,""avg_comments_merged_daily"":null,""median_comments_merged_daily"":null}"
wrk_205E_comments_daily,13,"{""project_key"":""mpieniak01/Venom"",""date"":""2026-01-13"",""closed_pr_count_daily"":0,""merged_pr_count_daily"":0,""avg_comments_closed_daily"":null,""median_comments_closed_daily"":null,""avg_comments_merged_daily"":null,""median_comments_merged_daily"":null}"
wrk_205E_comments_daily,14,"{""project_key"":""mpieniak01/Venom"",""date"":""2026-01-14"",""closed_pr_count_daily"":0,""merged_pr_count_daily"":0,""avg_comments_closed_daily"":null,""median_comments_closed_daily"":null,""avg_comments_merged_daily"":null,""median_comments_merged_daily"":null}"
wrk_205E_comments_daily,15,"{""project_key"":""mpieniak01/Venom"",""date"":""2026-01-15"",""closed_pr_count_daily"":0,""merged_pr_count_daily"":0,""avg_comments_closed_daily"":null,""median_comments_closed_daily"":null,""avg_comments_merged_daily"":null,""median_comments_merged_daily"":null}"
wrk_205E_comments_daily,16,"{""project_key"":""mpieniak01/Venom"",""date"":""2026-01-16"",""closed_pr_count_daily"":0,""merged_pr_count_daily"":0,""avg_comments_closed_daily"":null,""median_comments_closed_daily"":null,""avg_comments_merged_daily"":null,""median_comments_merged_daily"":null}"
wrk_205E_comments_daily,17,"{""project_key"":""mpieniak01/Venom"",""date"":""2026-01-17"",""closed_pr_count_daily"":3,""merged_pr_count_daily"":2,""avg_comments_closed_daily"":5.0,""median_comments_closed_daily"":0.0,""avg_comments_merged_daily"":7.5,""median_comments_merged_daily"":7.5}"
wrk_205E_comments_daily,18,"{""project_key"":""mpieniak01/Venom"",""date"":""2026-01-18"",""closed_pr_count_daily"":3,""merged_pr_count_daily"":3,""avg_comments_closed_daily"":5.6667,""median_comments_closed_daily"":0.0,""avg_comments_merged_daily"":5.6667,""median_comments_merged_daily"":0.0}"
wrk_205E_comments_daily,19,"{""project_key"":""mpieniak01/Venom"",""date"":""2026-01-19"",""closed_pr_count_daily"":0,""merged_pr_count_daily"":0,""avg_comments_closed_daily"":null,""median_comments_closed_daily"":null,""avg_comments_merged_daily"":null,""median_comments_merged_daily"":null}"
wrk_205E_comments_daily,20,"{""project_key"":""mpieniak01/Venom"",""date"":""2026-01-20"",""closed_pr_count_daily"":0,""merged_pr_count_daily"":0,""avg_comments_closed_daily"":null,""median_comments_closed_daily"":null,""avg_comments_merged_daily"":null,""median_comments_merged_daily"":null}"
wrk_205E_comments_daily,21,"{""project_key"":""mpieniak01/Venom"",""date"":""2026-01-21"",""closed_pr_count_daily"":0,""merged_pr_count_daily"":0,""avg_comments_closed_daily"":null,""median_comments_closed_daily"":null,""avg_comments_merged_daily"":null,""median_comments_merged_daily"":null}"
wrk_205E_comments_daily,22,"{""project_key"":""mpieniak01/Venom"",""date"":""2026-01-22"",""closed_pr_count_daily"":0,""merged_pr_count_daily"":0,""avg_comments_closed_daily"":null,""median_comments_closed_daily"":null,""avg_comments_merged_daily"":null,""median_comments_merged_daily"":null}"
wrk_205E_comments_daily,23,"{""project_key"":""mpieniak01/Venom"",""date"":""2026-01-23"",""closed_pr_count_daily"":0,""merged_pr_count_daily"":0,""avg_comments_closed_daily"":null,""median_comments_closed_daily"":null,""avg_comments_merged_daily"":null,""median_comments_merged_daily"":null}"
wrk_205E_comments_daily,24,"{""project_key"":""mpieniak01/Venom"",""date"":""2026-01-24"",""closed_pr_count_daily"":3,""merged_pr_count_daily"":3,""avg_comments_closed_daily"":14.6667,""median_comments_closed_daily"":3.0,""avg_comments_merged_daily"":14.6667,""median_comments_merged_daily"":3.0}"
wrk_205E_comments_daily,25,"{""project_key"":""mpieniak01/Venom"",""date"":""2026-01-25"",""closed_pr_count_daily"":0,""merged_pr_count_daily"":0,""avg_comments_closed_daily"":null,""median_comments_closed_daily"":null,""avg_comments_merged_daily"":null,""median_comments_merged_daily"":null}"
wrk_205E_comments_daily,26,"{""project_key"":""mpieniak01/Venom"",""date"":""2026-01-26"",""closed_pr_count_daily"":0,""merged_pr_count_daily"":0,""avg_comments_closed_daily"":null,""median_comments_closed_daily"":null,""avg_comments_merged_daily"":null,""median_comments_merged_daily"":null}"
wrk_205E_comments_daily,27,"{""project_key"":""mpieniak01/Venom"",""date"":""2026-01-27"",""closed_pr_count_daily"":2,""merged_pr_count_daily"":2,""avg_comments_closed_daily"":18.0,""median_comments_closed_daily"":18.0,""avg_comments_merged_daily"":18.0,""median_comments_merged_daily"":18.0}"
wrk_205E_comments_daily,28,"{""project_key"":""mpieniak01/Venom"",""date"":""2026-01-28"",""closed_pr_count_daily"":1,""merged_pr_count_daily"":1,""avg_comments_closed_daily"":0.0,""median_comments_closed_daily"":0.0,""avg_comments_merged_daily"":0.0,""median_comments_merged_daily"":0.0}"
wrk_205E_comments_daily,29,"{""project_key"":""mpieniak01/Venom"",""date"":""2026-01-29"",""closed_pr_count_daily"":0,""merged_pr_count_daily"":0,""avg_comments_closed_daily"":null,""median_comments_closed_daily"":null,""avg_comments_merged_daily"":null,""median_comments_merged_daily"":null}"
wrk_205E_comments_daily,30,"{""project_key"":""mpieniak01/Venom"",""date"":""2026-01-30"",""closed_pr_count_daily"":2,""merged_pr_count_daily"":2,""avg_comments_closed_daily"":12.0,""median_comments_closed_daily"":12.0,""avg_comments_merged_daily"":12.0,""median_comments_merged_daily"":12.0}"
wrk_205E_comments_daily,31,"{""project_key"":""mpieniak01/Venom"",""date"":""2026-01-31"",""closed_pr_count_daily"":5,""merged_pr_count_daily"":5,""avg_comments_closed_daily"":10.0,""median_comments_closed_daily"":8.0,""avg_comments_merged_daily"":10.0,""median_comments_merged_daily"":8.0}"
wrk_205E_comments_daily,32,"{""project_key"":""mpieniak01/Venom"",""date"":""2026-02-01"",""closed_pr_count_daily"":3,""merged_pr_count_daily"":3,""avg_comments_closed_daily"":11.3333,""median_comments_closed_daily"":6.0,""avg_comments_merged_daily"":11.3333,""median_comments_merged_daily"":6.0}"
wrk_205E_comments_daily,33,"{""project_key"":""mpieniak01/Venom"",""date"":""2026-02-02"",""closed_pr_count_daily"":1,""merged_pr_count_daily"":1,""avg_comments_closed_daily"":12.0,""median_comments_closed_daily"":12.0,""avg_comments_merged_daily"":12.0,""median_comments_merged_daily"":12.0}"
wrk_205E_comments_daily,34,"{""project_key"":""mpieniak01/Venom"",""date"":""2026-02-03"",""closed_pr_count_daily"":1,""merged_pr_count_daily"":1,""avg_comments_closed_daily"":16.0,""median_comments_closed_daily"":16.0,""avg_comments_merged_daily"":16.0,""median_comments_merged_daily"":16.0}"
wrk_205E_comments_daily,35,"{""project_key"":""mpieniak01/Venom"",""date"":""2026-02-04"",""closed_pr_count_daily"":2,""merged_pr_count_daily"":1,""avg_comments_closed_daily"":1.0,""median_comments_closed_daily"":1.0,""avg_comments_merged_daily"":1.0,""median_comments_merged_daily"":1.0}"
wrk_205E_comments_daily,36,"{""project_key"":""mpieniak01/Venom"",""date"":""2026-02-05"",""closed_pr_count_daily"":1,""merged_pr_count_daily"":1,""avg_comments_closed_daily"":22.0,""median_comments_closed_daily"":22.0,""avg_comments_merged_daily"":22.0,""median_comments_merged_daily"":22.0}"
wrk_205E_comments_daily,37,"{""project_key"":""mpieniak01/Venom"",""date"":""2026-02-06"",""closed_pr_count_daily"":4,""merged_pr_count_daily"":4,""avg_comments_closed_daily"":10.25,""median_comments_closed_daily"":10.0,""avg_comments_merged_daily"":10.25,""median_comments_merged_daily"":10.0}"
wrk_205E_comments_daily,38,"{""project_key"":""mpieniak01/Venom"",""date"":""2026-02-07"",""closed_pr_count_daily"":4,""merged_pr_count_daily"":4,""avg_comments_closed_daily"":8.25,""median_comments_closed_daily"":8.5,""avg_comments_merged_daily"":8.25,""median_comments_merged_daily"":8.5}"
wrk_205E_comments_daily,39,"{""project_key"":""mpieniak01/Venom"",""date"":""2026-02-08"",""closed_pr_count_daily"":8,""merged_pr_count_daily"":8,""avg_comments_closed_daily"":10.0,""median_comments_closed_daily"":9.5,""avg_comments_merged_daily"":10.0,""median_comments_merged_daily"":9.5}"
wrk_205E_comments_daily,40,"{""project_key"":""mpieniak01/Venom"",""date"":""2026-02-09"",""closed_pr_count_daily"":16,""merged_pr_count_daily"":14,""avg_comments_closed_daily"":6.0,""median_comments_closed_daily"":5.5,""avg_comments_merged_daily"":6.0714,""median_comments_merged_daily"":5.5}"
wrk_205E_comments_daily,41,"{""project_key"":""mpieniak01/Venom"",""date"":""2026-02-10"",""closed_pr_count_daily"":6,""merged_pr_count_daily"":6,""avg_comments_closed_daily"":11.1667,""median_comments_closed_daily"":6.5,""avg_comments_merged_daily"":11.1667,""median_comments_merged_daily"":6.5}"
wrk_205E_comments_daily,42,"{""project_key"":""mpieniak01/Venom"",""date"":""2026-02-11"",""closed_pr_count_daily"":5,""merged_pr_count_daily"":5,""avg_comments_closed_daily"":21.0,""median_comments_closed_daily"":17.0,""avg_comments_merged_daily"":21.0,""median_comments_merged_daily"":17.0}"
wrk_205E_comments_daily,43,"{""project_key"":""mpieniak01/Venom"",""date"":""2026-02-12"",""closed_pr_count_daily"":10,""merged_pr_count_daily"":9,""avg_comments_closed_daily"":12.4,""median_comments_closed_daily"":6.5,""avg_comments_merged_daily"":13.4444,""median_comments_merged_daily"":8.0}"
wrk_205E_comments_daily,44,"{""project_key"":""mpieniak01/Venom"",""date"":""2026-02-13"",""closed_pr_count_daily"":5,""merged_pr_count_daily"":5,""avg_comments_closed_daily"":15.4,""median_comments_closed_daily"":14.0,""avg_comments_merged_daily"":15.4,""median_comments_merged_daily"":14.0}"
wrk_205E_comments_daily,45,"{""project_key"":""mpieniak01/Venom"",""date"":""2026-02-14"",""closed_pr_count_daily"":10,""merged_pr_count_daily"":10,""avg_comments_closed_daily"":16.0,""median_comments_closed_daily"":10.5,""avg_comments_merged_daily"":16.0,""median_comments_merged_daily"":10.5}"
wrk_205E_comments_daily,46,"{""project_key"":""mpieniak01/Venom"",""date"":""2026-02-15"",""closed_pr_count_daily"":3,""merged_pr_count_daily"":3,""avg_comments_closed_daily"":6.0,""median_comments_closed_daily"":5.0,""avg_comments_merged_daily"":6.0,""median_comments_merged_daily"":5.0}"
wrk_205E_comments_daily,47,"{""project_key"":""mpieniak01/Venom"",""date"":""2026-02-16"",""closed_pr_count_daily"":3,""merged_pr_count_daily"":3,""avg_comments_closed_daily"":12.6667,""median_comments_closed_daily"":14.0,""avg_comments_merged_daily"":12.6667,""median_comments_merged_daily"":14.0}"
wrk_205E_comments_daily,48,"{""project_key"":""mpieniak01/Venom"",""date"":""2026-02-17"",""closed_pr_count_daily"":3,""merged_pr_count_daily"":3,""avg_comments_closed_daily"":5.3333,""median_comments_closed_daily"":5.0,""avg_comments_merged_daily"":5.3333,""median_comments_merged_daily"":5.0}"
wrk_205E_comments_daily,49,"{""project_key"":""mpieniak01/Venom"",""date"":""2026-02-18"",""closed_pr_count_daily"":9,""merged_pr_count_daily"":9,""avg_comments_closed_daily"":7.0,""median_comments_closed_daily"":7.0,""avg_comments_merged_daily"":7.0,""median_comments_merged_daily"":7.0}"
wrk_205E_comments_daily,50,"{""project_key"":""mpieniak01/Venom"",""date"":""2026-02-19"",""closed_pr_count_daily"":1,""merged_pr_count_daily"":1,""avg_comments_closed_daily"":39.0,""median_comments_closed_daily"":39.0,""avg_comments_merged_daily"":39.0,""median_comments_merged_daily"":39.0}"
wrk_205E_comments_daily,51,"{""project_key"":""mpieniak01/Venom"",""date"":""2026-02-20"",""closed_pr_count_daily"":1,""merged_pr_count_daily"":1,""avg_comments_closed_daily"":58.0,""median_comments_closed_daily"":58.0,""avg_comments_merged_daily"":58.0,""median_comments_merged_daily"":58.0}"
wrk_205E_comments_daily,52,"{""project_key"":""mpieniak01/Venom"",""date"":""2026-02-21"",""closed_pr_count_daily"":4,""merged_pr_count_daily"":4,""avg_comments_closed_daily"":4.25,""median_comments_closed_daily"":3.0,""avg_comments_merged_daily"":4.25,""median_comments_merged_daily"":3.0}"
wrk_205E_comments_daily,53,"{""project_key"":""mpieniak01/Venom"",""date"":""2026-02-22"",""closed_pr_count_daily"":2,""merged_pr_count_daily"":2,""avg_comments_closed_daily"":14.5,""median_comments_closed_daily"":14.5,""avg_comments_merged_daily"":14.5,""median_comments_merged_daily"":14.5}"
wrk_205E_comments_daily,54,"{""project_key"":""mpieniak01/Venom"",""date"":""2026-02-23"",""closed_pr_count_daily"":1,""merged_pr_count_daily"":1,""avg_comments_closed_daily"":6.0,""median_comments_closed_daily"":6.0,""avg_comments_merged_daily"":6.0,""median_comments_merged_daily"":6.0}"
wrk_205E_comments_daily,55,"{""project_key"":""mpieniak01/Venom"",""date"":""2026-02-24"",""closed_pr_count_daily"":5,""merged_pr_count_daily"":5,""avg_comments_closed_daily"":10.4,""median_comments_closed_daily"":6.0,""avg_comments_merged_daily"":10.4,""median_comments_merged_daily"":6.0}"
wrk_205E_comments_daily,56,"{""project_key"":""mpieniak01/Venom"",""date"":""2026-02-25"",""closed_pr_count_daily"":1,""merged_pr_count_daily"":1,""avg_comments_closed_daily"":11.0,""median_comments_closed_daily"":11.0,""avg_comments_merged_daily"":11.0,""median_comments_merged_daily"":11.0}"
wrk_205E_comments_daily,57,"{""project_key"":""mpieniak01/Venom"",""date"":""2026-02-26"",""closed_pr_count_daily"":1,""merged_pr_count_daily"":1,""avg_comments_closed_daily"":8.0,""median_comments_closed_daily"":8.0,""avg_comments_merged_daily"":8.0,""median_comments_merged_daily"":8.0}"
wrk_205E_comments_daily,58,"{""project_key"":""mpieniak01/Venom"",""date"":""2026-02-27"",""closed_pr_count_daily"":4,""merged_pr_count_daily"":4,""avg_comments_closed_daily"":6.0,""median_comments_closed_daily"":5.5,""avg_comments_merged_daily"":6.0,""median_comments_merged_daily"":5.5}"
wrk_205E_comments_daily,59,"{""project_key"":""mpieniak01/Venom"",""date"":""2026-02-28"",""closed_pr_count_daily"":6,""merged_pr_count_daily"":6,""avg_comments_closed_daily"":8.0,""median_comments_closed_daily"":7.0,""avg_comments_merged_daily"":8.0,""median_comments_merged_daily"":7.0}"
wrk_205E_comments_daily,60,"{""project_key"":""mpieniak01/Venom"",""date"":""2026-03-01"",""closed_pr_count_daily"":4,""merged_pr_count_daily"":4,""avg_comments_closed_daily"":7.25,""median_comments_closed_daily"":6.5,""avg_comments_merged_daily"":7.25,""median_comments_merged_daily"":6.5}"
wrk_205E_comments_daily,61,"{""project_key"":""mpieniak01/Venom"",""date"":""2026-03-02"",""closed_pr_count_daily"":4,""merged_pr_count_daily"":4,""avg_comments_closed_daily"":6.25,""median_comments_closed_daily"":7.0,""avg_comments_merged_daily"":6.25,""median_comments_merged_daily"":7.0}"
wrk_205E_comments_daily,62,"{""project_key"":""mpieniak01/Venom"",""date"":""2026-03-03"",""closed_pr_count_daily"":6,""merged_pr_count_daily"":4,""avg_comments_closed_daily"":8.3333,""median_comments_closed_daily"":8.5,""avg_comments_merged_daily"":12.5,""median_comments_merged_daily"":13.5}"
wrk_205E_comments_daily,63,"{""project_key"":""mpieniak01/Venom"",""date"":""2026-03-04"",""closed_pr_count_daily"":5,""merged_pr_count_daily"":5,""avg_comments_closed_daily"":10.8,""median_comments_closed_daily"":11.0,""avg_comments_merged_daily"":10.8,""median_comments_merged_daily"":11.0}"
wrk_205E_comments_daily,64,"{""project_key"":""mpieniak01/Venom"",""date"":""2026-03-05"",""closed_pr_count_daily"":2,""merged_pr_count_daily"":2,""avg_comments_closed_daily"":7.0,""median_comments_closed_daily"":7.0,""avg_comments_merged_daily"":7.0,""median_comments_merged_daily"":7.0}"
wrk_205E_comments_daily,65,"{""project_key"":""mpieniak01/Venom"",""date"":""2026-03-06"",""closed_pr_count_daily"":2,""merged_pr_count_daily"":2,""avg_comments_closed_daily"":8.0,""median_comments_closed_daily"":8.0,""avg_comments_merged_daily"":8.0,""median_comments_merged_daily"":8.0}"
wrk_205E_comments_daily,66,"{""project_key"":""mpieniak01/Venom"",""date"":""2026-03-07"",""closed_pr_count_daily"":1,""merged_pr_count_daily"":1,""avg_comments_closed_daily"":7.0,""median_comments_closed_daily"":7.0,""avg_comments_merged_daily"":7.0,""median_comments_merged_daily"":7.0}"
wrk_205E_comments_daily,67,"{""project_key"":""mpieniak01/Venom"",""date"":""2026-03-08"",""closed_pr_count_daily"":0,""merged_pr_count_daily"":0,""avg_comments_closed_daily"":null,""median_comments_closed_daily"":null,""avg_comments_merged_daily"":null,""median_comments_merged_daily"":null}"
wrk_205E_comments_daily,68,"{""project_key"":""mpieniak01/Venom"",""date"":""2026-03-09"",""closed_pr_count_daily"":1,""merged_pr_count_daily"":1,""avg_comments_closed_daily"":5.0,""median_comments_closed_daily"":5.0,""avg_comments_merged_daily"":5.0,""median_comments_merged_daily"":5.0}"
wrk_205E_comments_daily,69,"{""project_key"":""mpieniak01/Venom"",""date"":""2026-03-10"",""closed_pr_count_daily"":3,""merged_pr_count_daily"":3,""avg_comments_closed_daily"":10.3333,""median_comments_closed_daily"":7.0,""avg_comments_merged_daily"":10.3333,""median_comments_merged_daily"":7.0}"
wrk_205E_comments_daily,70,"{""project_key"":""mpieniak01/Venom"",""date"":""2026-03-11"",""closed_pr_count_daily"":2,""merged_pr_count_daily"":2,""avg_comments_closed_daily"":8.0,""median_comments_closed_daily"":8.0,""avg_comments_merged_daily"":8.0,""median_comments_merged_daily"":8.0}"
wrk_205E_comments_daily,71,"{""project_key"":""mpieniak01/Venom"",""date"":""2026-03-12"",""closed_pr_count_daily"":3,""merged_pr_count_daily"":3,""avg_comments_closed_daily"":6.6667,""median_comments_closed_daily"":6.0,""avg_comments_merged_daily"":6.6667,""median_comments_merged_daily"":6.0}"
wrk_205E_comments_daily,72,"{""project_key"":""mpieniak01/Venom"",""date"":""2026-03-13"",""closed_pr_count_daily"":4,""merged_pr_count_daily"":4,""avg_comments_closed_daily"":6.5,""median_comments_closed_daily"":6.5,""avg_comments_merged_daily"":6.5,""median_comments_merged_daily"":6.5}"
wrk_205E_comments_daily,73,"{""project_key"":""mpieniak01/Venom"",""date"":""2026-03-14"",""closed_pr_count_daily"":2,""merged_pr_count_daily"":2,""avg_comments_closed_daily"":10.5,""median_comments_closed_daily"":10.5,""avg_comments_merged_daily"":10.5,""median_comments_merged_daily"":10.5}"
wrk_205E_comments_daily,74,"{""project_key"":""mpieniak01/Venom"",""date"":""2026-03-15"",""closed_pr_count_daily"":3,""merged_pr_count_daily"":1,""avg_comments_closed_daily"":8.3333,""median_comments_closed_daily"":9.0,""avg_comments_merged_daily"":9.0,""median_comments_merged_daily"":9.0}"
wrk_205E_comments_daily,75,"{""project_key"":""mpieniak01/Venom"",""date"":""2026-03-16"",""closed_pr_count_daily"":1,""merged_pr_count_daily"":1,""avg_comments_closed_daily"":7.0,""median_comments_closed_daily"":7.0,""avg_comments_merged_daily"":7.0,""median_comments_merged_daily"":7.0}"
wrk_205E_comments_daily,76,"{""project_key"":""mpieniak01/Venom"",""date"":""2026-03-17"",""closed_pr_count_daily"":1,""merged_pr_count_daily"":1,""avg_comments_closed_daily"":17.0,""median_comments_closed_daily"":17.0,""avg_comments_merged_daily"":17.0,""median_comments_merged_daily"":17.0}"
wrk_205E_comments_daily,77,"{""project_key"":""mpieniak01/Venom"",""date"":""2026-03-18"",""closed_pr_count_daily"":1,""merged_pr_count_daily"":1,""avg_comments_closed_daily"":9.0,""median_comments_closed_daily"":9.0,""avg_comments_merged_daily"":9.0,""median_comments_merged_daily"":9.0}"
wrk_205E_comments_daily,78,"{""project_key"":""mpieniak01/Venom"",""date"":""2026-03-19"",""closed_pr_count_daily"":0,""merged_pr_count_daily"":0,""avg_comments_closed_daily"":null,""median_comments_closed_daily"":null,""avg_comments_merged_daily"":null,""median_comments_merged_daily"":null}"
wrk_205E_comments_daily,79,"{""project_key"":""mpieniak01/Venom"",""date"":""2026-03-20"",""closed_pr_count_daily"":0,""merged_pr_count_daily"":0,""avg_comments_closed_daily"":null,""median_comments_closed_daily"":null,""avg_comments_merged_daily"":null,""median_comments_merged_daily"":null}"
wrk_205E_comments_daily,80,"{""project_key"":""mpieniak01/Venom"",""date"":""2026-03-21"",""closed_pr_count_daily"":0,""merged_pr_count_daily"":0,""avg_comments_closed_daily"":null,""median_comments_closed_daily"":null,""avg_comments_merged_daily"":null,""median_comments_merged_daily"":null}"
wrk_205E_comments_daily,81,"{""project_key"":""mpieniak01/Venom"",""date"":""2026-03-22"",""closed_pr_count_daily"":1,""merged_pr_count_daily"":1,""avg_comments_closed_daily"":4.0,""median_comments_closed_daily"":4.0,""avg_comments_merged_daily"":4.0,""median_comments_merged_daily"":4.0}"
wrk_205E_comments_daily,82,"{""project_key"":""mpieniak01/Venom"",""date"":""2026-03-23"",""closed_pr_count_daily"":0,""merged_pr_count_daily"":0,""avg_comments_closed_daily"":null,""median_comments_closed_daily"":null,""avg_comments_merged_daily"":null,""median_comments_merged_daily"":null}"
wrk_205E_comments_daily,83,"{""project_key"":""mpieniak01/Venom"",""date"":""2026-03-24"",""closed_pr_count_daily"":0,""merged_pr_count_daily"":0,""avg_comments_closed_daily"":null,""median_comments_closed_daily"":null,""avg_comments_merged_daily"":null,""median_comments_merged_daily"":null}"
wrk_205E_comments_daily,84,"{""project_key"":""mpieniak01/Venom"",""date"":""2026-03-25"",""closed_pr_count_daily"":0,""merged_pr_count_daily"":0,""avg_comments_closed_daily"":null,""median_comments_closed_daily"":null,""avg_comments_merged_daily"":null,""median_comments_merged_daily"":null}"
wrk_205E_comments_daily,85,"{""project_key"":""mpieniak01/Venom"",""date"":""2026-03-26"",""closed_pr_count_daily"":0,""merged_pr_count_daily"":0,""avg_comments_closed_daily"":null,""median_comments_closed_daily"":null,""avg_comments_merged_daily"":null,""median_comments_merged_daily"":null}"
wrk_205E_comments_daily,86,"{""project_key"":""mpieniak01/Venom"",""date"":""2026-03-27"",""closed_pr_count_daily"":0,""merged_pr_count_daily"":0,""avg_comments_closed_daily"":null,""median_comments_closed_daily"":null,""avg_comments_merged_daily"":null,""median_comments_merged_daily"":null}"
wrk_205E_comments_daily,87,"{""project_key"":""mpieniak01/Venom"",""date"":""2026-03-28"",""closed_pr_count_daily"":0,""merged_pr_count_daily"":0,""avg_comments_closed_daily"":null,""median_comments_closed_daily"":null,""avg_comments_merged_daily"":null,""median_comments_merged_daily"":null}"
wrk_205E_comments_daily,88,"{""project_key"":""mpieniak01/Venom"",""date"":""2026-03-29"",""closed_pr_count_daily"":0,""merged_pr_count_daily"":0,""avg_comments_closed_daily"":null,""median_comments_closed_daily"":null,""avg_comments_merged_daily"":null,""median_comments_merged_daily"":null}"
wrk_205E_comments_daily,89,"{""project_key"":""mpieniak01/Venom"",""date"":""2026-03-30"",""closed_pr_count_daily"":0,""merged_pr_count_daily"":0,""avg_comments_closed_daily"":null,""median_comments_closed_daily"":null,""avg_comments_merged_daily"":null,""median_comments_merged_daily"":null}"
wrk_205E_comments_daily,90,"{""project_key"":""mpieniak01/Venom"",""date"":""2026-03-31"",""closed_pr_count_daily"":0,""merged_pr_count_daily"":0,""avg_comments_closed_daily"":null,""median_comments_closed_daily"":null,""avg_comments_merged_daily"":null,""median_comments_merged_daily"":null}"
wrk_summary_benchmark,1,"{""source_series"":""205B"",""project_key"":""Maps-Messaging_mapsmessaging_server"",""metric_name"":""issues_avg_q1"",""metric_value"":890.1111}"
wrk_summary_benchmark,2,"{""source_series"":""205B"",""project_key"":""Maps-Messaging_mapsmessaging_server"",""metric_name"":""technical_debt_days_avg_q1"",""metric_value"":14.4013}"
wrk_summary_benchmark,3,"{""source_series"":""205B"",""project_key"":""Maps-Messaging_mapsmessaging_server"",""metric_name"":""lines_of_code_avg_q1"",""metric_value"":90990.8222}"
wrk_summary_benchmark,4,"{""source_series"":""205B"",""project_key"":""Maps-Messaging_mapsmessaging_server"",""metric_name"":""line_coverage_pct_avg_q1"",""metric_value"":49.83}"
wrk_summary_benchmark,5,"{""source_series"":""205B"",""project_key"":""Maps-Messaging_mapsmessaging_server"",""metric_name"":""unit_tests_avg_q1"",""metric_value"":221.7288}"
wrk_summary_benchmark,6,"{""source_series"":""205B"",""project_key"":""apache_kvrocks"",""metric_name"":""issues_avg_q1"",""metric_value"":4056.1667}"
wrk_summary_benchmark,7,"{""source_series"":""205B"",""project_key"":""apache_kvrocks"",""metric_name"":""technical_debt_days_avg_q1"",""metric_value"":64.4163}"
wrk_summary_benchmark,8,"{""source_series"":""205B"",""project_key"":""apache_kvrocks"",""metric_name"":""lines_of_code_avg_q1"",""metric_value"":95006.1}"
wrk_summary_benchmark,9,"{""source_series"":""205B"",""project_key"":""apache_kvrocks"",""metric_name"":""line_coverage_pct_avg_q1"",""metric_value"":63.5267}"
wrk_summary_benchmark,10,"{""source_series"":""205B"",""project_key"":""apache_kvrocks"",""metric_name"":""unit_tests_avg_q1"",""metric_value"":null}"
wrk_summary_benchmark,11,"{""source_series"":""205B"",""project_key"":""aws_aws-sdk-java-v2"",""metric_name"":""issues_avg_q1"",""metric_value"":3833.8989}"
wrk_summary_benchmark,12,"{""source_series"":""205B"",""project_key"":""aws_aws-sdk-java-v2"",""metric_name"":""technical_debt_days_avg_q1"",""metric_value"":53.3891}"
wrk_summary_benchmark,13,"{""source_series"":""205B"",""project_key"":""aws_aws-sdk-java-v2"",""metric_name"":""lines_of_code_avg_q1"",""metric_value"":244972.2135}"
wrk_summary_benchmark,14,"{""source_series"":""205B"",""project_key"":""aws_aws-sdk-java-v2"",""metric_name"":""line_coverage_pct_avg_q1"",""metric_value"":72.7584}"
wrk_summary_benchmark,15,"{""source_series"":""205B"",""project_key"":""aws_aws-sdk-java-v2"",""metric_name"":""unit_tests_avg_q1"",""metric_value"":13551.0562}"
wrk_summary_benchmark,16,"{""source_series"":""205B"",""project_key"":""bcgov-sonarcloud_mds_core-web"",""metric_name"":""issues_avg_q1"",""metric_value"":849.122}"
wrk_summary_benchmark,17,"{""source_series"":""205B"",""project_key"":""bcgov-sonarcloud_mds_core-web"",""metric_name"":""technical_debt_days_avg_q1"",""metric_value"":11.575}"
wrk_summary_benchmark,18,"{""source_series"":""205B"",""project_key"":""bcgov-sonarcloud_mds_core-web"",""metric_name"":""lines_of_code_avg_q1"",""metric_value"":68973.4634}"
wrk_summary_benchmark,19,"{""source_series"":""205B"",""project_key"":""bcgov-sonarcloud_mds_core-web"",""metric_name"":""line_coverage_pct_avg_q1"",""metric_value"":61.472}"
wrk_summary_benchmark,20,"{""source_series"":""205B"",""project_key"":""bcgov-sonarcloud_mds_core-web"",""metric_name"":""unit_tests_avg_q1"",""metric_value"":837.6951}"
wrk_summary_benchmark,21,"{""source_series"":""205B"",""project_key"":""element-web"",""metric_name"":""issues_avg_q1"",""metric_value"":4352.125}"
wrk_summary_benchmark,22,"{""source_series"":""205B"",""project_key"":""element-web"",""metric_name"":""technical_debt_days_avg_q1"",""metric_value"":36.6175}"
wrk_summary_benchmark,23,"{""source_series"":""205B"",""project_key"":""element-web"",""metric_name"":""lines_of_code_avg_q1"",""metric_value"":304711.1406}"
wrk_summary_benchmark,24,"{""source_series"":""205B"",""project_key"":""element-web"",""metric_name"":""line_coverage_pct_avg_q1"",""metric_value"":70.5859}"
wrk_summary_benchmark,25,"{""source_series"":""205B"",""project_key"":""element-web"",""metric_name"":""unit_tests_avg_q1"",""metric_value"":310.8281}"
wrk_summary_benchmark,26,"{""source_series"":""205B"",""project_key"":""geoserver_geoserver-cloud"",""metric_name"":""issues_avg_q1"",""metric_value"":2.127}"
wrk_summary_benchmark,27,"{""source_series"":""205B"",""project_key"":""geoserver_geoserver-cloud"",""metric_name"":""technical_debt_days_avg_q1"",""metric_value"":0.0046}"
wrk_summary_benchmark,28,"{""source_series"":""205B"",""project_key"":""geoserver_geoserver-cloud"",""metric_name"":""lines_of_code_avg_q1"",""metric_value"":47369.7619}"
wrk_summary_benchmark,29,"{""source_series"":""205B"",""project_key"":""geoserver_geoserver-cloud"",""metric_name"":""line_coverage_pct_avg_q1"",""metric_value"":61.8349}"
wrk_summary_benchmark,30,"{""source_series"":""205B"",""project_key"":""geoserver_geoserver-cloud"",""metric_name"":""unit_tests_avg_q1"",""metric_value"":1932.0159}"
wrk_summary_benchmark,31,"{""source_series"":""205B"",""project_key"":""googleapis_gapic-generator-java"",""metric_name"":""issues_avg_q1"",""metric_value"":12293.2209}"
wrk_summary_benchmark,32,"{""source_series"":""205B"",""project_key"":""googleapis_gapic-generator-java"",""metric_name"":""technical_debt_days_avg_q1"",""metric_value"":154.3798}"
wrk_summary_benchmark,33,"{""source_series"":""205B"",""project_key"":""googleapis_gapic-generator-java"",""metric_name"":""lines_of_code_avg_q1"",""metric_value"":383405.1163}"
wrk_summary_benchmark,34,"{""source_series"":""205B"",""project_key"":""googleapis_gapic-generator-java"",""metric_name"":""line_coverage_pct_avg_q1"",""metric_value"":19.2698}"
wrk_summary_benchmark,35,"{""source_series"":""205B"",""project_key"":""googleapis_gapic-generator-java"",""metric_name"":""unit_tests_avg_q1"",""metric_value"":3026.4884}"
wrk_summary_benchmark,36,"{""source_series"":""205B"",""project_key"":""indigo-iam_iam"",""metric_name"":""issues_avg_q1"",""metric_value"":939.0533}"
wrk_summary_benchmark,37,"{""source_series"":""205B"",""project_key"":""indigo-iam_iam"",""metric_name"":""technical_debt_days_avg_q1"",""metric_value"":9.9121}"
wrk_summary_benchmark,38,"{""source_series"":""205B"",""project_key"":""indigo-iam_iam"",""metric_name"":""lines_of_code_avg_q1"",""metric_value"":53665.52}"
wrk_summary_benchmark,39,"{""source_series"":""205B"",""project_key"":""indigo-iam_iam"",""metric_name"":""line_coverage_pct_avg_q1"",""metric_value"":85.7013}"
wrk_summary_benchmark,40,"{""source_series"":""205B"",""project_key"":""indigo-iam_iam"",""metric_name"":""unit_tests_avg_q1"",""metric_value"":2200.4133}"
wrk_summary_benchmark,41,"{""source_series"":""205B"",""project_key"":""mediawiki-core"",""metric_name"":""issues_avg_q1"",""metric_value"":2568.2222}"
wrk_summary_benchmark,42,"{""source_series"":""205B"",""project_key"":""mediawiki-core"",""metric_name"":""technical_debt_days_avg_q1"",""metric_value"":131.537}"
wrk_summary_benchmark,43,"{""source_series"":""205B"",""project_key"":""mediawiki-core"",""metric_name"":""lines_of_code_avg_q1"",""metric_value"":534395.7667}"
wrk_summary_benchmark,44,"{""source_series"":""205B"",""project_key"":""mediawiki-core"",""metric_name"":""line_coverage_pct_avg_q1"",""metric_value"":13.6344}"
wrk_summary_benchmark,45,"{""source_series"":""205B"",""project_key"":""mediawiki-core"",""metric_name"":""unit_tests_avg_q1"",""metric_value"":18422.0556}"
wrk_summary_benchmark,46,"{""source_series"":""205B"",""project_key"":""mpieniak01_Venom"",""metric_name"":""issues_avg_q1"",""metric_value"":173.463}"
wrk_summary_benchmark,47,"{""source_series"":""205B"",""project_key"":""mpieniak01_Venom"",""metric_name"":""technical_debt_days_avg_q1"",""metric_value"":1.9707}"
wrk_summary_benchmark,48,"{""source_series"":""205B"",""project_key"":""mpieniak01_Venom"",""metric_name"":""lines_of_code_avg_q1"",""metric_value"":112664.8148}"
wrk_summary_benchmark,49,"{""source_series"":""205B"",""project_key"":""mpieniak01_Venom"",""metric_name"":""line_coverage_pct_avg_q1"",""metric_value"":76.052}"
wrk_summary_benchmark,50,"{""source_series"":""205B"",""project_key"":""mpieniak01_Venom"",""metric_name"":""unit_tests_avg_q1"",""metric_value"":2646.42}"
wrk_summary_benchmark,51,"{""source_series"":""205B"",""project_key"":""org.opengrok:opengrok-top"",""metric_name"":""issues_avg_q1"",""metric_value"":1054.1512}"
wrk_summary_benchmark,52,"{""source_series"":""205B"",""project_key"":""org.opengrok:opengrok-top"",""metric_name"":""technical_debt_days_avg_q1"",""metric_value"":17.8309}"
wrk_summary_benchmark,53,"{""source_series"":""205B"",""project_key"":""org.opengrok:opengrok-top"",""metric_name"":""lines_of_code_avg_q1"",""metric_value"":64478.6977}"
wrk_summary_benchmark,54,"{""source_series"":""205B"",""project_key"":""org.opengrok:opengrok-top"",""metric_name"":""line_coverage_pct_avg_q1"",""metric_value"":71.2488}"
wrk_summary_benchmark,55,"{""source_series"":""205B"",""project_key"":""org.opengrok:opengrok-top"",""metric_name"":""unit_tests_avg_q1"",""metric_value"":1520.0698}"
wrk_summary_benchmark,56,"{""source_series"":""205C"",""project_key"":""FreedomIntelligence/OpenClaw-Medical-Skills"",""metric_name"":""commits_sum_q1"",""metric_value"":46.0}"
wrk_summary_benchmark,57,"{""source_series"":""205C"",""project_key"":""FreedomIntelligence/OpenClaw-Medical-Skills"",""metric_name"":""authors_avg_q1"",""metric_value"":0.1889}"
wrk_summary_benchmark,58,"{""source_series"":""205C"",""project_key"":""FreedomIntelligence/OpenClaw-Medical-Skills"",""metric_name"":""additions_sum_q1"",""metric_value"":2132062.0}"
wrk_summary_benchmark,59,"{""source_series"":""205C"",""project_key"":""FreedomIntelligence/OpenClaw-Medical-Skills"",""metric_name"":""deletions_sum_q1"",""metric_value"":36870.0}"
wrk_summary_benchmark,60,"{""source_series"":""205C"",""project_key"":""FreedomIntelligence/OpenClaw-Medical-Skills"",""metric_name"":""churn_sum_q1"",""metric_value"":2168932.0}"
wrk_summary_benchmark,61,"{""source_series"":""205C"",""project_key"":""FreedomIntelligence/OpenClaw-Medical-Skills"",""metric_name"":""truncated_days_q1"",""metric_value"":0.0}"
wrk_summary_benchmark,62,"{""source_series"":""205C"",""project_key"":""JefferyHcool/BiliNote"",""metric_name"":""commits_sum_q1"",""metric_value"":62.0}"
wrk_summary_benchmark,63,"{""source_series"":""205C"",""project_key"":""JefferyHcool/BiliNote"",""metric_name"":""authors_avg_q1"",""metric_value"":0.1222}"
wrk_summary_benchmark,64,"{""source_series"":""205C"",""project_key"":""JefferyHcool/BiliNote"",""metric_name"":""additions_sum_q1"",""metric_value"":567908.0}"
wrk_summary_benchmark,65,"{""source_series"":""205C"",""project_key"":""JefferyHcool/BiliNote"",""metric_name"":""deletions_sum_q1"",""metric_value"":522218.0}"
wrk_summary_benchmark,66,"{""source_series"":""205C"",""project_key"":""JefferyHcool/BiliNote"",""metric_name"":""churn_sum_q1"",""metric_value"":1090126.0}"
wrk_summary_benchmark,67,"{""source_series"":""205C"",""project_key"":""JefferyHcool/BiliNote"",""metric_name"":""truncated_days_q1"",""metric_value"":0.0}"
wrk_summary_benchmark,68,"{""source_series"":""205C"",""project_key"":""allenai/olmocr"",""metric_name"":""commits_sum_q1"",""metric_value"":94.0}"
wrk_summary_benchmark,69,"{""source_series"":""205C"",""project_key"":""allenai/olmocr"",""metric_name"":""authors_avg_q1"",""metric_value"":0.2333}"
wrk_summary_benchmark,70,"{""source_series"":""205C"",""project_key"":""allenai/olmocr"",""metric_name"":""additions_sum_q1"",""metric_value"":23589.0}"
wrk_summary_benchmark,71,"{""source_series"":""205C"",""project_key"":""allenai/olmocr"",""metric_name"":""deletions_sum_q1"",""metric_value"":8145.0}"
wrk_summary_benchmark,72,"{""source_series"":""205C"",""project_key"":""allenai/olmocr"",""metric_name"":""churn_sum_q1"",""metric_value"":31734.0}"
wrk_summary_benchmark,73,"{""source_series"":""205C"",""project_key"":""allenai/olmocr"",""metric_name"":""truncated_days_q1"",""metric_value"":0.0}"
wrk_summary_benchmark,74,"{""source_series"":""205C"",""project_key"":""hiddify/Hiddify-Manager"",""metric_name"":""commits_sum_q1"",""metric_value"":65.0}"
wrk_summary_benchmark,75,"{""source_series"":""205C"",""project_key"":""hiddify/Hiddify-Manager"",""metric_name"":""authors_avg_q1"",""metric_value"":0.2889}"
wrk_summary_benchmark,76,"{""source_series"":""205C"",""project_key"":""hiddify/Hiddify-Manager"",""metric_name"":""additions_sum_q1"",""metric_value"":1043.0}"
wrk_summary_benchmark,77,"{""source_series"":""205C"",""project_key"":""hiddify/Hiddify-Manager"",""metric_name"":""deletions_sum_q1"",""metric_value"":299.0}"
wrk_summary_benchmark,78,"{""source_series"":""205C"",""project_key"":""hiddify/Hiddify-Manager"",""metric_name"":""churn_sum_q1"",""metric_value"":1342.0}"
wrk_summary_benchmark,79,"{""source_series"":""205C"",""project_key"":""hiddify/Hiddify-Manager"",""metric_name"":""truncated_days_q1"",""metric_value"":0.0}"
wrk_summary_benchmark,80,"{""source_series"":""205C"",""project_key"":""khoj-ai/khoj"",""metric_name"":""commits_sum_q1"",""metric_value"":39.0}"
wrk_summary_benchmark,81,"{""source_series"":""205C"",""project_key"":""khoj-ai/khoj"",""metric_name"":""authors_avg_q1"",""metric_value"":0.2333}"
wrk_summary_benchmark,82,"{""source_series"":""205C"",""project_key"":""khoj-ai/khoj"",""metric_name"":""additions_sum_q1"",""metric_value"":5031.0}"
wrk_summary_benchmark,83,"{""source_series"":""205C"",""project_key"":""khoj-ai/khoj"",""metric_name"":""deletions_sum_q1"",""metric_value"":2550.0}"
wrk_summary_benchmark,84,"{""source_series"":""205C"",""project_key"":""khoj-ai/khoj"",""metric_name"":""churn_sum_q1"",""metric_value"":7581.0}"
wrk_summary_benchmark,85,"{""source_series"":""205C"",""project_key"":""khoj-ai/khoj"",""metric_name"":""truncated_days_q1"",""metric_value"":0.0}"
wrk_summary_benchmark,86,"{""source_series"":""205C"",""project_key"":""mpieniak01/Venom"",""metric_name"":""commits_sum_q1"",""metric_value"":1587.0}"
wrk_summary_benchmark,87,"{""source_series"":""205C"",""project_key"":""mpieniak01/Venom"",""metric_name"":""authors_avg_q1"",""metric_value"":1.0333}"
wrk_summary_benchmark,88,"{""source_series"":""205C"",""project_key"":""mpieniak01/Venom"",""metric_name"":""additions_sum_q1"",""metric_value"":487909.0}"
wrk_summary_benchmark,89,"{""source_series"":""205C"",""project_key"":""mpieniak01/Venom"",""metric_name"":""deletions_sum_q1"",""metric_value"":230682.0}"
wrk_summary_benchmark,90,"{""source_series"":""205C"",""project_key"":""mpieniak01/Venom"",""metric_name"":""churn_sum_q1"",""metric_value"":718591.0}"
wrk_summary_benchmark,91,"{""source_series"":""205C"",""project_key"":""mpieniak01/Venom"",""metric_name"":""truncated_days_q1"",""metric_value"":0.0}"
wrk_summary_benchmark,92,"{""source_series"":""205C"",""project_key"":""neuropsychology/NeuroKit"",""metric_name"":""commits_sum_q1"",""metric_value"":105.0}"
wrk_summary_benchmark,93,"{""source_series"":""205C"",""project_key"":""neuropsychology/NeuroKit"",""metric_name"":""authors_avg_q1"",""metric_value"":0.2222}"
wrk_summary_benchmark,94,"{""source_series"":""205C"",""project_key"":""neuropsychology/NeuroKit"",""metric_name"":""additions_sum_q1"",""metric_value"":83020.0}"
wrk_summary_benchmark,95,"{""source_series"":""205C"",""project_key"":""neuropsychology/NeuroKit"",""metric_name"":""deletions_sum_q1"",""metric_value"":40627.0}"
wrk_summary_benchmark,96,"{""source_series"":""205C"",""project_key"":""neuropsychology/NeuroKit"",""metric_name"":""churn_sum_q1"",""metric_value"":123647.0}"
wrk_summary_benchmark,97,"{""source_series"":""205C"",""project_key"":""neuropsychology/NeuroKit"",""metric_name"":""truncated_days_q1"",""metric_value"":0.0}"
wrk_summary_benchmark,98,"{""source_series"":""205C"",""project_key"":""omkarcloud/botasaurus"",""metric_name"":""commits_sum_q1"",""metric_value"":43.0}"
wrk_summary_benchmark,99,"{""source_series"":""205C"",""project_key"":""omkarcloud/botasaurus"",""metric_name"":""authors_avg_q1"",""metric_value"":0.1556}"
wrk_summary_benchmark,100,"{""source_series"":""205C"",""project_key"":""omkarcloud/botasaurus"",""metric_name"":""additions_sum_q1"",""metric_value"":1723.0}"
wrk_summary_benchmark,101,"{""source_series"":""205C"",""project_key"":""omkarcloud/botasaurus"",""metric_name"":""deletions_sum_q1"",""metric_value"":576.0}"
wrk_summary_benchmark,102,"{""source_series"":""205C"",""project_key"":""omkarcloud/botasaurus"",""metric_name"":""churn_sum_q1"",""metric_value"":2299.0}"
wrk_summary_benchmark,103,"{""source_series"":""205C"",""project_key"":""omkarcloud/botasaurus"",""metric_name"":""truncated_days_q1"",""metric_value"":0.0}"
wrk_summary_benchmark,104,"{""source_series"":""205C"",""project_key"":""originalankur/maptoposter"",""metric_name"":""commits_sum_q1"",""metric_value"":51.0}"
wrk_summary_benchmark,105,"{""source_series"":""205C"",""project_key"":""originalankur/maptoposter"",""metric_name"":""authors_avg_q1"",""metric_value"":0.3333}"
wrk_summary_benchmark,106,"{""source_series"":""205C"",""project_key"":""originalankur/maptoposter"",""metric_name"":""additions_sum_q1"",""metric_value"":5182.0}"
wrk_summary_benchmark,107,"{""source_series"":""205C"",""project_key"":""originalankur/maptoposter"",""metric_name"":""deletions_sum_q1"",""metric_value"":1049.0}"
wrk_summary_benchmark,108,"{""source_series"":""205C"",""project_key"":""originalankur/maptoposter"",""metric_name"":""churn_sum_q1"",""metric_value"":6231.0}"
wrk_summary_benchmark,109,"{""source_series"":""205C"",""project_key"":""originalankur/maptoposter"",""metric_name"":""truncated_days_q1"",""metric_value"":0.0}"
wrk_summary_benchmark,110,"{""source_series"":""205C"",""project_key"":""virt-manager/virt-manager"",""metric_name"":""commits_sum_q1"",""metric_value"":57.0}"
wrk_summary_benchmark,111,"{""source_series"":""205C"",""project_key"":""virt-manager/virt-manager"",""metric_name"":""authors_avg_q1"",""metric_value"":0.5}"
wrk_summary_benchmark,112,"{""source_series"":""205C"",""project_key"":""virt-manager/virt-manager"",""metric_name"":""additions_sum_q1"",""metric_value"":17235.0}"
wrk_summary_benchmark,113,"{""source_series"":""205C"",""project_key"":""virt-manager/virt-manager"",""metric_name"":""deletions_sum_q1"",""metric_value"":3597.0}"
wrk_summary_benchmark,114,"{""source_series"":""205C"",""project_key"":""virt-manager/virt-manager"",""metric_name"":""churn_sum_q1"",""metric_value"":20832.0}"
wrk_summary_benchmark,115,"{""source_series"":""205C"",""project_key"":""virt-manager/virt-manager"",""metric_name"":""truncated_days_q1"",""metric_value"":0.0}"
wrk_summary_benchmark,116,"{""source_series"":""205C"",""project_key"":""xlenore/ps2-covers"",""metric_name"":""commits_sum_q1"",""metric_value"":45.0}"
wrk_summary_benchmark,117,"{""source_series"":""205C"",""project_key"":""xlenore/ps2-covers"",""metric_name"":""authors_avg_q1"",""metric_value"":0.1111}"
wrk_summary_benchmark,118,"{""source_series"":""205C"",""project_key"":""xlenore/ps2-covers"",""metric_name"":""additions_sum_q1"",""metric_value"":83847.0}"
wrk_summary_benchmark,119,"{""source_series"":""205C"",""project_key"":""xlenore/ps2-covers"",""metric_name"":""deletions_sum_q1"",""metric_value"":670.0}"
wrk_summary_benchmark,120,"{""source_series"":""205C"",""project_key"":""xlenore/ps2-covers"",""metric_name"":""churn_sum_q1"",""metric_value"":84517.0}"
wrk_summary_benchmark,121,"{""source_series"":""205C"",""project_key"":""xlenore/ps2-covers"",""metric_name"":""truncated_days_q1"",""metric_value"":0.0}"
